x,y,z,reachable,left_ok,right_ok,left_error,right_error,left_joint_margin,right_joint_margin,left_sigma_min,right_sigma_min
-0.75,0.15,0.15,0,0,1,0.25755829594415314,0.00013531180172792634,0.0,0.063994277207442,0.1610052336485301,0.1481215328576764
-0.7,0.15,0.15,0,0,0,0.30616490032054494,0.013850497354294907,0.0,0.0,0.17890948018270644,0.13166217260877747
-0.6499999999999999,0.15,0.15,0,1,0,0.0019629765072791483,0.06505257815761631,0.0,0.0,0.22447675797005476,0.12657666552748734
-0.5999999999999999,0.15,0.15,0,1,0,2.672215062242975e-05,0.0774035830045127,0.016478775954518188,0.0,0.230669493477624,0.11006841881738139
-0.5499999999999998,0.15,0.15,0,1,0,0.0018782395202920062,0.044942525333030746,0.0,0.0,0.21453228206078764,0.08981879362766297
-0.4999999999999998,0.15,0.15,1,1,1,0.0019507472512963967,4.175658089710322e-05,0.0,0.0190809119512676,0.18333796063820282,0.08564141927963537
-0.44999999999999973,0.15,0.15,1,1,1,0.001798911700526451,0.00036688792899942165,0.0,0.10727886257051811,0.1544317032101594,0.0936482970844924
-0.3999999999999997,0.15,0.15,1,1,1,0.00015960918580447208,0.00022751526645605537,0.013441762966088788,0.21727220681328507,0.12927822677247852,0.11073288812422173
-0.34999999999999964,0.15,0.15,0,0,1,0.030053031524810432,0.00011301199003805427,0.0,0.3418627344446099,0.11875370714481327,0.1337502158274473
-0.2999999999999996,0.15,0.15,0,0,1,0.0824858800786585,6.328036384720995e-05,0.0,0.31150208699396487,0.11848485174197768,0.15857073152627846
-0.24999999999999956,0.15,0.15,0,0,1,0.08178256147638763,4.399954541704943e-05,0.0,0.2605223933873706,0.12027280747104731,0.18023737288225167
-0.1999999999999995,0.15,0.15,0,0,1,0.06107124573896813,3.76212062145647e-05,0.0,0.2225129239007888,0.0898246800372758,0.19255434797138155
-0.14999999999999947,0.15,0.15,0,0,1,0.18815278140847688,4.020162069081511e-05,0.0,0.1959519163754324,0.13081361954214918,0.19210336150496285
-0.09999999999999942,0.15,0.15,0,0,1,0.2152218822631473,5.4353410787008555e-05,0.0,0.18067082609035223,0.14971574683778674,0.18110842426018559
-0.09999999999999942,0.2,0.15,0,0,1,0.2724318589528265,3.4215073767336014e-05,0.0,0.2839988592685154,0.1612010053846753,0.17622923804784546
-0.14999999999999947,0.2,0.15,0,0,1,0.3843918546433709,4.7737543361156566e-05,0.0,0.2981688308966488,0.10352922974795814,0.1895855372055096
-0.1999999999999995,0.2,0.15,0,0,1,0.16553953810903002,3.492418868476606e-05,0.0,0.3257871117307758,0.09923342103430585,0.19378507922319144
-0.24999999999999956,0.2,0.15,0,0,1,0.014059427989730325,3.3205353171506794e-05,0.0,0.3663988449611879,0.10989232300826024,0.18671833164951848
-0.2999999999999996,0.2,0.15,0,0,1,0.009492078161697469,3.831936867421721e-05,0.0,0.42112530641318235,0.11964148467773214,0.17015873772782236
-0.34999999999999964,0.2,0.15,1,1,1,0.0010547334118559673,5.020269467286806e-05,0.0379046767132869,0.42146789399186213,0.13140521530957192,0.1494960199692402
-0.3999999999999997,0.2,0.15,1,1,1,0.00013491735466636555,7.358264939203896e-05,0.10677614809559222,0.3047242054786694,0.15133609872511825,0.12975403438460975
-0.44999999999999973,0.2,0.15,1,1,1,0.00011418823590462846,0.00012174143999740087,0.04111776674829537,0.2037613532041309,0.17439805449312692,0.1148977747542171
-0.4999999999999998,0.2,0.15,1,1,1,0.0019216605429552666,0.00019979026664412172,0.0,0.12352324711622398,0.19920792862718026,0.10777445303616187
-0.5499999999999998,0.2,0.15,1,1,1,0.001837019754068323,0.00025523299902365074,0.0,0.06965972678617938,0.22361576822798782,0.10919554972636752
-0.5999999999999999,0.2,0.15,1,1,1,0.0018953716425133742,0.00020716740873256124,0.0,0.0460975654750988,0.23028035502980074,0.11792021706635614
-0.6499999999999999,0.2,0.15,1,1,1,0.001953340253950539,6.601571754342447e-05,0.0,0.05417860684614517,0.22144738707592612,0.13182526271674708
-0.7,0.2,0.15,1,1,1,0.0019539751625161743,0.00011944186478598648,0.0,0.09318821557074441,0.20634268785683146,0.14886430599143272
-0.75,0.2,0.15,1,1,1,0.0019720665261616257,0.00018790096857088624,0.0,0.16029024609956277,0.1867511264916752,0.1681202085472356
-0.75,0.25,0.15,1,1,1,0.0019580390409067675,5.9713917502321116e-05,0.0,0.2682272390419529,0.17996561714280512,0.18681883523534054
-0.7,0.25,0.15,1,1,1,4.556576080394771e-05,0.0001313468306808968,0.0024982707122747083,0.20836894812500129,0.19908624393550833,0.1694802532316407
-0.6499999999999999,0.25,0.15,1,1,1,0.00026016503433486186,0.00011554259415738169,0.0,0.17399761282377835,0.21338845727261888,0.1541167019718056
-0.5999999999999999,0.25,0.15,1,1,1,0.001573333296772537,6.37233131058082e-05,0.0,0.16719110166625928,0.22284860436972093,0.14197156803299704
-0.5499999999999998,0.25,0.15,1,1,1,0.00134568553621666,8.209295163089029e-05,0.0,0.18853115536062726,0.22578929177703191,0.1344928305653702
-0.4999999999999998,0.25,0.15,1,1,1,0.001595269072890924,0.00014484602752062756,0.0,0.23700663191715865,0.2179768698904354,0.13305210574925258
-0.44999999999999973,0.25,0.15,1,1,1,0.0016249788872863301,0.0001601194633335625,0.0,0.30996637007350314,0.20032927958726468,0.1384395013255991
-0.3999999999999997,0.25,0.15,1,1,1,0.0015517269934721414,0.00012838479354422092,0.0,0.40355643494768145,0.1794055760650405,0.15010568444835556
-0.34999999999999964,0.25,0.15,1,1,1,0.0018380494832666687,8.77657465651096e-05,0.0,0.5139281113994492,0.15967462458590134,0.16570327265020854
-0.2999999999999996,0.25,0.15,1,1,1,0.0016873900166796357,6.165436727942413e-05,0.0,0.530985168508022,0.1433497014183695,0.1813367662253209
-0.24999999999999956,0.25,0.15,1,1,1,0.0018686044986187262,4.940869279963778e-05,0.0,0.4764500098050637,0.13179259812167232,0.19201196987022057
-0.1999999999999995,0.25,0.15,0,0,1,0.21879406429484732,4.6951407836448815e-05,0.0,0.43619058229815133,0.1247212466947503,0.19347094355880567
-0.14999999999999947,0.25,0.15,0,0,1,0.44505664210843743,5.441569457029109e-05,0.0,0.41007981103558944,0.12380298017431611,0.18529313610372333
-0.09999999999999942,0.25,0.15,0,0,1,0.6707087968070099,7.865770407237531e-05,0.0,0.3996708412658885,0.1278101658148039,0.16923888812351498
-0.09999999999999942,0.30000000000000004,0.15,0,0,1,0.6498780590638898,4.414093062325114e-05,0.0,0.5183862438023707,0.1593606251926389,0.16025500483120786
-0.14999999999999947,0.30000000000000004,0.15,0,0,1,0.42828446952995375,7.420656165084585e-05,0.0,0.5224638627327352,0.15550132869886868,0.1788812184414943
-0.1999999999999995,0.30000000000000004,0.15,0,0,1,0.21927217536568994,4.865963760153626e-05,0.0,0.5447690705602604,0.1548177081919892,0.19076628408677912
-0.24999999999999956,0.30000000000000004,0.15,0,0,1,0.01778283762257207,4.062580117996007e-05,0.0,0.5825748437999723,0.16045043928876326,0.19488356685017055
-0.2999999999999996,0.30000000000000004,0.15,1,1,1,0.0015730314971678064,4.0748958894455196e-05,0.0,0.6351834273190513,0.16905657567893387,0.19078251728579612
-0.34999999999999964,0.30000000000000004,0.15,1,1,1,0.00012157591442424513,4.652182508745609e-05,0.029837836959655473,0.6168540547313421,0.18212948530589182,0.180923530526324
-0.3999999999999997,0.30000000000000004,0.15,1,1,1,5.953506869464115e-05,5.808684997048204e-05,0.053418612629718254,0.5129055566319107,0.19779112416127387,0.1695049323335523
-0.44999999999999973,0.30000000000000004,0.15,1,1,1,5.0135273811849706e-05,7.597708221401298e-05,0.06389653432467268,0.4260103998125877,0.21429839156016808,0.16022749111459372
-0.4999999999999998,0.30000000000000004,0.15,1,1,1,5.152971948786919e-05,9.522451524597223e-05,0.016894975830671566,0.35887097613185004,0.22698575954003858,0.1555566153251234
-0.5499999999999998,0.30000000000000004,0.15,1,1,1,0.001811095369010031,0.00010107670588131815,0.0,0.3142944461521906,0.22887567376251713,0.1564992466897749
-0.5999999999999999,0.30000000000000004,0.15,1,1,1,0.001948350729856778,8.10205554944548e-05,0.0,0.29432932378793675,0.2213025541092211,0.16274051081061955
-0.6499999999999999,0.30000000000000004,0.15,1,1,1,0.0019504495149212434,4.537690427949289e-05,0.0,0.2997791341721334,0.2086072287681093,0.17321046869517157
-0.7,0.30000000000000004,0.15,0,0,1,0.002434583275386191,4.4930562837383496e-05,0.0,0.3301893441178345,0.19190510786168122,0.18658608892916392
-0.75,0.30000000000000004,0.15,0,0,1,0.023066966409567596,7.014720945512956e-05,0.0,0.38405904426939275,0.17155766416452406,0.20135702886082632
-0.75,0.3500000000000001,0.15,0,0,1,0.050560604354266826,2.7995773586383057e-05,0.0,0.5091688776384813,0.16042331676359284,0.21384581014832962
-0.7,0.3500000000000001,0.15,0,0,1,0.033925692451845096,5.885692952633584e-05,0.0,0.45963572378594364,0.18242632230810688,0.20294441493170315
-0.6499999999999999,0.3500000000000001,0.15,0,0,1,0.010718466994897225,4.849277028427899e-05,0.0,0.43203033966417115,0.1993223357447449,0.19229385601309704
-0.5999999999999999,0.3500000000000001,0.15,1,1,1,0.0017256858939538582,3.972829451961916e-05,0.0,0.42736676065778756,0.21204762512446337,0.18364167206328716
-0.5499999999999998,0.3500000000000001,0.15,1,1,1,0.0016187609120206995,5.153578537424246e-05,0.0,0.4459512220814812,0.22074788770482914,0.17825470503209392
-0.4999999999999998,0.3500000000000001,0.15,1,1,1,0.001983813004050338,7.027004580426899e-05,0.0,0.48722073971786717,0.22504095100307384,0.17692857640413034
-0.44999999999999973,0.3500000000000001,0.15,1,1,1,0.0016381198331466783,7.746897204091815e-05,0.0,0.5497811031402229,0.22306523840496026,0.17971273056968554
-0.3999999999999997,0.3500000000000001,0.15,1,1,1,0.0019459448789022153,7.145178455441055e-05,0.0,0.6316937246705843,0.21485704086267246,0.18552469744289457
-0.34999999999999964,0.3500000000000001,0.15,1,1,1,0.0017424804857216372,6.067993506509027e-05,0.0,0.7310061439699149,0.2041379287915718,0.1919679601160349
-0.2999999999999996,0.3500000000000001,0.15,1,1,1,0.0019140174236324593,5.2681039346255616e-05,0.0,0.7458814947893355,0.19458513323993507,0.19564179579276647
-0.24999999999999956,0.3500000000000001,0.15,0,0,1,0.02284369785952817,5.042358293155081e-05,0.0,0.6990106118775277,0.1881694789655279,0.19347304176311997
-0.1999999999999995,0.3500000000000001,0.15,0,0,1,0.19345355703218328,5.5703609919817585e-05,0.0,0.6671344213285151,0.18567081977179478,0.18448721153294098
-0.14999999999999947,0.3500000000000001,0.15,0,0,1,0.3726904115113222,7.321454492020719e-05,0.0,0.6522313337243637,0.1881975480783819,0.16928447441188801
-0.09999999999999942,0.3500000000000001,0.15,0,0,1,0.5526416142892033,0.0001174775386173738,0.0,0.6586425628457051,0.19436575833873387,0.14820811817284563
-0.09999999999999942,0.40000000000000013,0.15,0,0,1,0.4504622602110533,8.035730343403926e-05,0.0,0.6809503060142506,0.21766249218795394,0.1347747757380975
-0.14999999999999947,0.40000000000000013,0.15,0,0,1,0.3047173368905548,0.0001240701000881248,0.0,0.7668487616064505,0.213587112583531,0.15791672848001162
-0.1999999999999995,0.40000000000000013,0.15,0,0,1,0.15399459620429085,7.053132920689225e-05,0.0,0.7809525477740302,0.2111876551878048,0.1755559338114842
-0.24999999999999956,0.40000000000000013,0.15,0,0,1,0.004772562809766518,5.076003847898648e-05,0.0,0.8056101276659997,0.21109740092034912,0.18809145317213993
-0.2999999999999996,0.40000000000000013,0.15,1,1,1,0.0019230258122293965,4.341814557274248e-05,0.0,0.845897543299434,0.21475241850731444,0.19543902765241872
-0.34999999999999964,0.40000000000000013,0.15,1,1,1,4.811227229240836e-05,4.221354652021335e-05,0.018880176913670166,0.8532284904480751,0.22059590146778024,0.19791497906783706
-0.3999999999999997,0.40000000000000013,0.15,1,1,1,3.786925951524788e-05,4.4686178894060466e-05,0.009029955657813282,0.7583379918896811,0.22529009928324137,0.19701576421076328
-0.44999999999999973,0.40000000000000013,0.15,1,1,1,0.0015062100939527492,4.909120642352492e-05,0.0,0.6809933768518599,0.22569767826792564,0.19508753168027707
-0.4999999999999998,0.40000000000000013,0.15,1,1,1,0.0015470361555364098,5.26749277209954e-05,0.0,0.622427603617635,0.22144350416314726,0.19426854651245384
-0.5499999999999998,0.40000000000000013,0.15,1,1,1,0.001687574866863386,5.1644071569935825e-05,0.0,0.583949792723204,0.21336656932384823,0.19582691413302128
-0.5999999999999999,0.40000000000000013,0.15,0,0,1,0.024421787374966204,4.409464759495083e-05,0.0,0.5665582203774382,0.20273929806639143,0.20003827136525099
-0.6499999999999999,0.40000000000000013,0.15,0,0,1,0.04657571078006192,3.4010559449119295e-05,0.0,0.5706944356256711,0.18848466841414205,0.20633932323045626
-0.7,0.40000000000000013,0.15,0,0,1,0.06459996580805102,3.123938971938459e-05,0.0,0.5961873509456561,0.16990722452540877,0.21352275356103967
-0.75,0.40000000000000013,0.15,0,0,1,0.07622184822633057,3.745494750522322e-05,0.0,0.6423562859141958,0.14557762210030548,0.21987597982778317
-0.75,0.45000000000000007,0.15,0,0,1,0.09785272066573195,2.3829831271826803e-05,0.0,0.7851333302150159,0.12568784701591354,0.21939588010758682
-0.7,0.45000000000000007,0.15,0,0,1,0.09280282142725876,3.4846217512792755e-05,0.0,0.7410956275129874,0.15358093936918574,0.21708008109330956
-0.6499999999999999,0.45000000000000007,0.15,0,0,1,0.08043201896702654,3.158287133139168e-05,0.0,0.7169014200121273,0.17437756343894406,0.2132023337773375
-0.5999999999999999,0.45000000000000007,0.15,0,0,1,0.06405841337035384,3.128784945858731e-05,0.0,0.7129270573259188,0.19035709501926337,0.2090383098979542
-0.5499999999999998,0.45000000000000007,0.15,0,0,1,0.04579092843737712,3.60785255781931e-05,0.0,0.7292631913859147,0.20258545284885085,0.2055571286476251
-0.4999999999999998,0.45000000000000007,0.15,0,0,1,0.027588478574346244,4.2563512046774284e-05,0.0,0.7656174754803851,0.21162501702207467,0.2031642568113964
-0.44999999999999973,0.45000000000000007,0.15,0,0,1,0.011639751238576499,4.673562503908078e-05,0.0,0.8213575451007036,0.2177963003808002,0.20153745801691939
-0.3999999999999997,0.45000000000000007,0.15,1,1,1,0.001998230124246739,4.7928305504757355e-05,0.0,0.8956796970367895,0.22135553111589565,0.19961270209570994
-0.34999999999999964,0.45000000000000007,0.15,1,1,1,0.001654854293675237,4.821345085526958e-05,0.0,0.9835957796315978,0.22273589958314413,0.19587014309554981
-0.2999999999999996,0.45000000000000007,0.15,1,1,1,0.0018793774897688472,5.047994572814653e-05,0.0,0.9184414687562744,0.22274430644506185,0.18892526782246963
-0.24999999999999956,0.45000000000000007,0.15,0,0,1,0.015783809217851847,5.7844169539946566e-05,0.0,0.8496002629843249,0.22235234874777987,0.17799580233392434
-0.1999999999999995,0.45000000000000007,0.15,0,0,1,0.10627121383344251,7.543240014010457e-05,0.0,0.7765741860343747,0.22236797675623152,0.1627808515181874
-0.14999999999999947,0.45000000000000007,0.15,0,0,1,0.2315724036405824,0.00011675995378171285,0.0,0.6974397484126693,0.22244254132089594,0.14293405360749492
-0.09999999999999942,0.45000000000000007,0.15,0,0,1,0.35144515513377456,0.0002333085823070393,0.0,0.6075529971418012,0.22191890652111823,0.11735902645228145
-0.09999999999999942,0.5000000000000001,0.15,0,0,1,0.2693803844395457,0.0003197301448888515,0.0,0.5363386771383392,0.21391027787492684,0.09494713401309793
-0.14999999999999947,0.5000000000000001,0.15,0,0,1,0.17185660947663184,0.0003740394576367008,0.0,0.6399645398538578,0.2165727419316778,0.1254334784555364
-0.1999999999999995,0.5000000000000001,0.15,0,0,1,0.090867271972932,0.00013504708434768794,0.0,0.7239644562254055,0.21794851740221644,0.14784928939838002
-0.24999999999999956,0.5000000000000001,0.15,0,0,1,0.07031695543497131,7.72779561163525e-05,0.0,0.7984647275819519,0.21833261071473026,0.16525977382931897
-0.2999999999999996,0.5000000000000001,0.15,0,0,1,0.05893693447261968,5.4881141600841247e-05,0.0,0.86633984584581,0.2176789004727392,0.17863786754605757
-0.34999999999999964,0.5000000000000001,0.15,0,0,1,0.05447046136772114,4.492771310681329e-05,0.0,0.928552493193026,0.21576969077475883,0.18855585584536763
-0.3999999999999997,0.5000000000000001,0.15,0,0,1,0.05649519645453806,4.0498835916017345e-05,0.0,0.9849988018325636,0.21225777574497826,0.19561115645349203
-0.44999999999999973,0.5000000000000001,0.15,0,0,1,0.06380066996465304,3.858300967900136e-05,0.0,0.9717744336333056,0.20675968900009128,0.20057930461302603
-0.4999999999999998,0.5000000000000001,0.15,0,0,1,0.0747162889308693,3.727088021224335e-05,0.0,0.9184195133518749,0.19890152676103948,0.20430900325862061
-0.5499999999999998,0.5000000000000001,0.15,0,0,1,0.08740957005174851,3.523374018697398e-05,0.0,0.8839454813199836,0.18827403580216925,0.20746140285272238
-0.5999999999999999,0.5000000000000001,0.15,0,0,1,0.10002017802830286,3.215440665321216e-05,0.0,0.8687070934869632,0.1743238958154387,0.21028763580168433
-0.6499999999999999,0.5000000000000001,0.15,0,0,1,0.11053088833433032,2.920307332564e-05,0.0,0.8729029426320443,0.1561544232346615,0.21256565005034272
-0.7,0.5000000000000001,0.15,0,0,1,0.11614945185439182,2.8351989038343473e-05,0.0,0.8965300898833379,0.132045636604755,0.2136992253684862
-0.75,0.5000000000000001,0.15,0,0,1,0.11103671580145227,3.0276280113804845e-05,0.0,0.9394369990041871,0.09768227109706012,0.21292536342189183
-0.75,0.5500000000000002,0.15,0,0,1,0.09994291308623335,3.479797256946168e-05,0.0,1.0393239549927913,0.04854159658299574,0.20028561070950893
-0.7,0.5500000000000002,0.15,0,0,1,0.12986920248313213,2.9552912103884124e-05,0.0,1.0515607929404958,0.1020468539471029,0.2029860004253038
-0.6499999999999999,0.5500000000000002,0.15,0,0,1,0.13422131763749212,2.8507907775777904e-05,0.0,1.0403650990393083,0.1321816861912356,0.2035283453181416
-0.5999999999999999,0.5500000000000002,0.15,0,0,1,0.13051099314907072,2.9143084727442468e-05,0.0,1.0357751150796997,0.1536450439350717,0.20237620796169184
-0.5499999999999998,0.5500000000000002,0.15,0,0,1,0.12352844632504226,3.159375226874231e-05,0.0,1.0207380070481675,0.16979815171929358,0.19988376712867859
-0.4999999999999998,0.5500000000000002,0.15,0,0,1,0.11592997743666988,3.5229847442645576e-05,0.0,0.9895383429621519,0.1820992059301061,0.19617746952967094
-0.44999999999999973,0.5500000000000002,0.15,0,0,1,0.10967965185131996,3.9433875372339136e-05,0.0,0.9492713800259643,0.1913504957731777,0.1910993041363656
-0.3999999999999997,0.5500000000000002,0.15,0,0,1,0.10594905309883615,4.446755368834119e-05,0.0,0.9009998957723805,0.1980642709565855,0.18424473238542932
-0.34999999999999964,0.5500000000000002,0.15,0,0,1,0.10579255176485719,5.18565309777361e-05,0.0,0.8456392589665072,0.20261398907924072,0.175071990853826
-0.2999999999999996,0.5500000000000002,0.15,0,0,1,0.11001091324719038,6.49238758789033e-05,0.0,0.7836302329320775,0.20528327400214838,0.16299680991189675
-0.24999999999999956,0.5500000000000002,0.15,0,0,1,0.11901005119418531,9.128835767955153e-05,0.0,0.7144834742566395,0.20626817120387403,0.14735785540777852
-0.1999999999999995,0.5500000000000002,0.15,0,0,1,0.13269416572469472,0.00015408171424926363,0.0,0.6358552363372538,0.20565472919915417,0.12711505232694048
-0.14999999999999947,0.5500000000000002,0.15,0,0,1,0.15835804403832632,0.000359212098580942,0.0,0.5405916317948507,0.2035491205688504,0.09983105616709188
-0.09999999999999942,0.5500000000000002,0.15,0,0,1,0.21871322381567024,0.0017556254438388225,0.0,0.4008710532056343,0.19987960375567804,0.0566548022780437
-0.09999999999999942,0.6000000000000002,0.15,0,0,0,0.20884456409095414,0.065609390320976,0.0,0.0,0.1813749108366755,0.018612053448317963
-0.14999999999999947,0.6000000000000002,0.15,0,0,1,0.18968169897942527,0.0005380322893526135,0.0,0.39906646795830314,0.18588262327029417,0.055110679993551265
-0.1999999999999995,0.6000000000000002,0.15,0,0,1,0.17503054051276884,0.0015327895420208294,0.0,0.5428452119784604,0.18849257099618266,0.09831197295485847
-0.24999999999999956,0.6000000000000002,0.15,0,0,1,0.1632140185296702,0.00022367047143450898,0.0,0.6331770560351375,0.1891722870481484,0.12358301873362745
-0.2999999999999996,0.6000000000000002,0.15,0,0,1,0.1547012331786977,0.00010645454101311681,0.0,0.7075965831224618,0.1879311611048041,0.14246061896277548
-0.34999999999999964,0.6000000000000002,0.15,0,0,1,0.1495712146196628,6.713239880911181e-05,0.0,0.7708154880671088,0.18468462406899183,0.1568476963018114
-0.3999999999999997,0.6000000000000002,0.15,0,0,1,0.1475246681713651,5.0342480157677805e-05,0.0,0.8250071864343035,0.17924679527677706,0.16785486466835395
-0.44999999999999973,0.6000000000000002,0.15,0,0,1,0.14792490760292304,4.1891774619439965e-05,0.0,0.8707082678281222,0.17131521498271723,0.17614814825644343
-0.4999999999999998,0.6000000000000002,0.15,0,0,1,0.1498198710271532,3.7140335631657944e-05,0.0,0.9077117265333382,0.16042586348648571,0.1821816225536146
-0.5499999999999998,0.6000000000000002,0.15,0,0,1,0.1521312549591112,3.418913941185744e-05,0.0,0.9354843734214601,0.14583591244721558,0.18624256174476925
-0.5999999999999999,0.6000000000000002,0.15,0,0,1,0.1523170622630402,3.233772555295409e-05,0.0,0.9534048745740288,0.1261816459211733,0.18844160913152308
-0.6499999999999999,0.6000000000000002,0.15,0,0,1,0.1455849001483445,3.1603044660958886e-05,0.0,0.9608928255853577,0.09835301597240678,0.18871262871772865
-0.7,0.6000000000000002,0.15,0,0,1,0.11594474649487342,3.236055184052315e-05,0.0,0.9574427192485937,0.04933759537613444,0.18684499185703546
-0.75,0.6000000000000002,0.15,0,0,1,0.11484032784578325,3.503494946610268e-05,0.0,0.9425689750446998,0.010123534785886588,0.1825355049004269
-0.75,0.6500000000000002,0.15,0,0,1,0.3730889956389343,9.60923801770642e-05,0.0,0.8253600995796488,0.065125511350045,0.15788493668003115
-0.7,0.6500000000000002,0.15,0,0,1,0.12053302372809241,3.810805608431446e-05,0.0,0.8431905438616966,0.02836243356545969,0.16361935375155265
-0.6499999999999999,0.6500000000000002,0.15,0,0,1,0.11169952206003494,3.6036077489453566e-05,0.0,0.8489427701227996,0.02797867011323062,0.16653731875829814
-0.5999999999999999,0.6500000000000002,0.15,0,0,1,0.1564980690375173,3.6341973068774574e-05,0.0,0.8432838533031413,0.08558556227905366,0.16689151158720378
-0.5499999999999998,0.6500000000000002,0.15,0,0,1,0.16852977808227457,3.88414286960744e-05,0.0,0.8268220822976137,0.11311087926656348,0.16483814072874958
-0.4999999999999998,0.6500000000000002,0.15,0,0,1,0.17306818341743627,4.377615211158733e-05,0.0,0.8000605837523821,0.13180368910599027,0.16039553326706585
-0.44999999999999973,0.6500000000000002,0.15,0,0,1,0.17623156707077278,5.2163679823209874e-05,0.0,0.7633529796516614,0.14524365309677265,0.15341663925463694
-0.3999999999999997,0.6500000000000002,0.15,0,0,1,0.1793551705903537,6.681806690426443e-05,0.0,0.7167107310674714,0.15488006559876472,0.14354799425977333
-0.34999999999999964,0.6500000000000002,0.15,0,0,1,0.18358154567596083,9.542785532305105e-05,0.0,0.6593518847020126,0.1614623394508359,0.13013060528116027
-0.2999999999999996,0.6500000000000002,0.15,0,0,1,0.18960226017725704,0.00016319087890726152,0.0,0.5885827700279589,0.1654222252383766,0.11189237562252613
-0.24999999999999956,0.6500000000000002,0.15,0,0,1,0.1977106076113623,0.000392903342069542,0.0,0.4961153648002381,0.16700607906338663,0.08582060380926768
-0.1999999999999995,0.6500000000000002,0.15,0,0,1,0.20783656807873288,0.0004088228172544985,0.0,0.3334451068635831,0.16632858303015124,0.03668199835472967
-0.14999999999999947,0.6500000000000002,0.15,0,0,0,0.21955179737979186,0.03932222016373482,0.0,0.0,0.1633944297849195,0.04958544862135181
-0.09999999999999942,0.6500000000000002,0.15,0,0,0,0.2320653014842633,0.10449196979899923,0.0,0.0,0.15810215875296638,0.04531695425737445
-0.09999999999999942,0.7000000000000002,0.15,0,0,0,0.24353050007905722,1.984452788478809,0.0,0.0,0.1274245945174831,0.04379932689059347
-0.14999999999999947,0.7000000000000002,0.15,0,0,0,0.23604232223119712,0.10803914757497983,0.0,0.0,0.13384337726249568,0.04526377919143204
-0.1999999999999995,0.7000000000000002,0.15,0,0,0,0.2276326913785488,0.046313095095491134,0.0,0.0,0.13728299035702934,0.06912294854890393
-0.24999999999999956,0.7000000000000002,0.15,0,0,0,0.2192715535575241,0.025223472162802008,0.0,0.0,0.13793108637545617,0.006999650381638364
-0.2999999999999996,0.7000000000000002,0.15,0,0,1,0.21142014713188143,0.0002591404770238485,0.0,0.4072213476266382,0.13578194784804756,0.057514462915401264
-0.34999999999999964,0.7000000000000002,0.15,0,0,1,0.20407509832254767,0.0005273009121930356,0.0,0.5167779383589572,0.13064041154773853,0.0890937362069788
-0.3999999999999997,0.7000000000000002,0.15,0,0,1,0.19670002085832233,0.0001486623433439597,0.0,0.5867531045611272,0.12205826903496668,0.10791420704476519
-0.44999999999999973,0.7000000000000002,0.15,0,0,1,0.1883765242140744,8.603184424228497e-05,0.0,0.6389272788355491,0.10913644542172325,0.12086442660327826
-0.4999999999999998,0.7000000000000002,0.15,0,0,1,0.1773011685967008,6.330417808564228e-05,0.0,0.677327558384512,0.08985802602083438,0.1295552222441096
-0.5499999999999998,0.7000000000000002,0.15,0,0,1,0.15346420821622075,5.3869561128520035e-05,0.0,0.7035394739999836,0.05758194121441217,0.13476812540927155
-0.5999999999999999,0.7000000000000002,0.15,0,0,1,0.11205978789962596,5.071318478165765e-05,0.0,0.7179289326856733,0.01509452624269287,0.13683862107280084
-0.6499999999999999,0.7000000000000002,0.15,0,0,1,0.3471421107385028,5.1981849457435927e-05,0.0,0.720209085521782,0.020556846033417366,0.13582849346561993
-0.7,0.7000000000000002,0.15,0,0,1,0.5009308751736747,5.8114418408895204e-05,0.0,0.709572117385707,0.04414626803457854,0.13157886124648827
-0.75,0.7000000000000002,0.15,0,0,1,0.9266864417117744,7.210621073248634e-05,0.0,0.6845187436410949,0.04531917224726151,0.12368612278137454
-0.75,0.7500000000000002,0.15,0,0,1,0.4000130788366387,0.0014100988097580597,0.0,0.4760418598958429,0.2269108206692258,0.06893508804113913
-0.7,0.7500000000000002,0.15,0,0,1,0.3525718895582346,0.00013778951932286052,0.0,0.5163455554742933,0.04352826684488852,0.0811903670813711
-0.6499999999999999,0.7500000000000002,0.15,0,0,1,0.7456385342351848,0.00010524847645084969,0.0,0.5379040224028009,0.020047608271932162,0.08836874803365509
-0.5999999999999999,0.7500000000000002,0.15,0,0,1,0.25230489430545483,9.851351070101981e-05,0.0,0.5403749606935309,0.07467700232035082,0.0903709291148395
-0.5499999999999998,0.7500000000000002,0.15,0,0,1,0.11427286210840665,0.00011279429322497615,0.0,0.5256625226981964,0.07902289988426597,0.08759683706067613
-0.4999999999999998,0.7500000000000002,0.15,0,0,1,0.12648473265735385,0.0001593333109277256,0.0,0.49300880091955546,0.014634683530601506,0.07962070158937175
-0.44999999999999973,0.7500000000000002,0.15,0,0,1,0.15389788659197837,0.00030686143674831526,0.0,0.4374354298398724,0.039529830110249436,0.0646897305054664
-0.3999999999999997,0.7500000000000002,0.15,0,0,1,0.1838520163264209,0.0011365799925173205,0.0,0.3388230968751349,0.06924371328451408,0.03643096446150036
-0.34999999999999964,0.7500000000000002,0.15,0,0,0,0.19862712394824797,0.020450367400181454,0.0,0.0,0.0841763799954908,0.015263006334569382
-0.2999999999999996,0.7500000000000002,0.15,0,0,0,0.2087050693881994,0.05394839587677121,0.0,0.0,0.09241994955725855,0.0347474693889405
-0.24999999999999956,0.7500000000000002,0.15,0,0,0,0.21678757962024095,0.07149508806506095,0.0,0.0,0.09588791551226863,0.04519824626867801
-0.1999999999999995,0.7500000000000002,0.15,0,0,0,0.22294624038126024,2.3449032134366283,0.0,0.0,0.09519397364871887,0.042113703633735226
-0.14999999999999947,0.7500000000000002,0.15,0,0,0,0.22729224839872805,0.4102815708025942,0.0,0.0,0.09028639438058236,0.04414479872388518
-0.09999999999999942,0.7500000000000002,0.15,0,0,0,0.22787334804677772,0.8130783834589309,0.0,0.17233626364302124,0.08035654874753567,0.03357747383020178
-0.09999999999999942,0.8000000000000003,0.15,0,0,0,0.18060062764073703,2.4034772963708386,0.0,0.0,0.018852753471336466,0.1307029602053772
-0.14999999999999947,0.8000000000000003,0.15,0,0,0,0.1685997925097988,0.5411171964947357,0.0,0.9124194490138238,0.011034957577082618,0.16278006113028612
-0.1999999999999995,0.8000000000000003,0.15,0,0,0,0.15244060129120665,2.4414006519848814,0.0,0.0,0.012888226225780819,0.040427696581682805
-0.24999999999999956,0.8000000000000003,0.15,0,0,0,0.14672486781663152,2.534595022641597,0.0,0.0,0.01266118837444356,0.040837931638979204
-0.2999999999999996,0.8000000000000003,0.15,0,0,0,0.15069770428482196,0.4939353615263152,0.0,0.0,0.01386152075344258,0.10032148140755773
-0.34999999999999964,0.8000000000000003,0.15,0,0,0,0.1301600030470961,0.11952176854485196,0.0,0.0,0.04587571832437864,0.014774235563778803
-0.3999999999999997,0.8000000000000003,0.15,0,0,0,0.20285678606291432,0.051092203188716656,0.0,0.0,0.0036457563723716136,0.045137513767585846
-0.44999999999999973,0.8000000000000003,0.15,0,0,0,0.25728333006268544,0.05579652726539245,0.0,0.0,0.02080850483965544,0.03536775617235917
-0.4999999999999998,0.8000000000000003,0.15,0,0,0,0.14893262002811583,0.027336951007429333,0.0,0.0,0.006699906005522557,0.044665634168738796
-0.5499999999999998,0.8000000000000003,0.15,0,0,0,1.1871485915615434,0.019978785425923285,0.0,0.0,0.06914766351900424,0.02506795892212381
-0.5999999999999999,0.8000000000000003,0.15,0,0,0,0.32370303313445986,0.01797193022792991,0.0,0.0,0.010715458992656381,0.02222705234012455
-0.6499999999999999,0.8000000000000003,0.15,0,0,0,2.2292628045768565,0.018885053319269172,0.0,0.00398040788737819,0.04393078265706825,0.024792754737320205
-0.7,0.8000000000000003,0.15,0,0,0,1.2374843428437223,0.02265170991347012,0.0,0.004698551514560556,0.07214602473087764,0.041953655319698344
-0.75,0.8000000000000003,0.15,0,0,0,0.9355587702555409,0.029198018733543742,0.0,0.007268628767930441,0.12051056077778304,0.05232677820935357
-0.75,0.8500000000000002,0.15,0,0,0,0.9068277876189139,0.8962872149627659,0.0,0.0,0.044425859948551534,0.055705598351947404
-0.7,0.8500000000000002,0.15,0,0,0,2.4040758100303834,0.08739464387698656,0.0,0.0038625773079641323,0.20376785429199082,0.11433285933644519
-0.6499999999999999,0.8500000000000002,0.15,0,0,0,2.199175951102768,0.404021686315044,0.0,0.0,0.20287351529977726,0.06386788014870246
-0.5999999999999999,0.8500000000000002,0.15,0,0,0,2.024816978583119,0.09847923908525445,0.0,0.0,0.21388207212874724,0.04465228790023687
-0.5499999999999998,0.8500000000000002,0.15,0,0,0,2.6462662046684327,0.0741221168100134,0.0,0.0,0.04557184567660769,0.04500599226903095
-0.4999999999999998,0.8500000000000002,0.15,0,0,0,1.851150743704518,0.5981907806594854,0.0,0.0,0.023189538697453126,0.05271352846535914
-0.44999999999999973,0.8500000000000002,0.15,0,0,0,0.2281271320036298,2.3872186231047072,0.0,0.0,0.04496544848028578,0.046119864076749936
-0.3999999999999997,0.8500000000000002,0.15,0,0,0,0.45831021171447833,1.3525191076200709,0.0,0.0,0.114551346413953,0.13393079578729986
-0.34999999999999964,0.8500000000000002,0.15,0,0,0,1.0673981017959182,2.5542667532996535,0.0,0.0,0.18871569995153917,0.045571845676607686
-0.2999999999999996,0.8500000000000002,0.15,0,0,0,0.1502544243725576,1.1447546285014853,0.0,0.0,0.04509911889440205,0.20284144921995578
-0.24999999999999956,0.8500000000000002,0.15,0,0,0,0.3730054089740779,2.560465521899237,0.0,0.0,0.07033680755544186,0.039083143987558105
-0.1999999999999995,0.8500000000000002,0.15,0,0,0,0.17709623005781525,2.5361875367996967,0.0,0.0,0.13960872848301317,0.03699348150783082
-0.14999999999999947,0.8500000000000002,0.15,0,0,0,0.3445964040258471,2.634547149126779,0.0,0.0,0.036937349693182256,0.045571845676607686
-0.09999999999999942,0.8500000000000002,0.15,0,0,0,0.4862989841477511,1.8960326127730522,0.0,0.0,0.0088307046388977,0.045357123624422055
-0.09999999999999942,0.9000000000000002,0.15,0,0,0,0.5602822533249514,2.670298725813674,0.0,0.0,0.04475259360892861,0.045571845676607686
-0.14999999999999947,0.9000000000000002,0.15,0,0,0,0.4084924561706633,2.0770857479094653,0.0,0.0,0.06833591524292044,0.1561574112637134
-0.1999999999999995,0.9000000000000002,0.15,0,0,0,0.3069204753703209,2.7014951965159426,0.0,0.0,0.04507133321800243,0.02188600465113242
-0.24999999999999956,0.9000000000000002,0.15,0,0,0,0.5732411911159695,2.606832418781857,0.0,0.0,0.14186929912734317,0.045571845676607686
-0.2999999999999996,0.9000000000000002,0.15,0,0,0,0.3302988732872309,2.5872640474296484,0.0,0.0,0.1593355520208087,0.045571845676607686
-0.34999999999999964,0.9000000000000002,0.15,0,0,0,0.342606862323929,0.8584389724956547,0.0,0.0,0.027046437651105596,0.09260791075039759
-0.3999999999999997,0.9000000000000002,0.15,0,0,0,1.3278262447897808,0.7237723829774902,0.0,0.09213203633768208,0.14768016908396525,0.16651817966900373
-0.44999999999999973,0.9000000000000002,0.15,0,0,0,0.4940635426849338,1.6107242798444947,0.0,0.0,0.21249865076719476,0.08423579114710888
-0.4999999999999998,0.9000000000000002,0.15,0,0,0,1.5461207341175942,2.5530385704634146,0.0,0.0,0.22073056729959925,0.046125416058978574
-0.5499999999999998,0.9000000000000002,0.15,0,0,0,0.6434558615424539,0.9128192289103667,0.0,0.0,0.04473152397583505,0.011723392443058167
-0.5999999999999999,0.9000000000000002,0.15,0,0,0,2.2005956735557093,2.4661578704553895,0.0,0.0,0.2188424791554564,0.046186604803837406
-0.6499999999999999,0.9000000000000002,0.15,0,0,0,2.2617363186748403,2.8493532133389934,0.0,0.0,0.13605346814771047,0.18763456029140033
-0.7,0.9000000000000002,0.15,0,0,0,1.9155570787133183,2.373977241099659,0.0,0.0,0.03653852993445518,0.045036028012849685
-0.75,0.9000000000000002,0.15,0,0,0,0.9889926141371826,3.0286286437228713,0.0,0.0,0.04481739106211006,0.06264688136845965
-0.75,0.9500000000000003,0.15,0,0,0,2.2756446290497343,1.9204479584792282,0.0,0.0,0.20115379920657406,0.030284200086740636
-0.7,0.9500000000000003,0.15,0,0,0,2.771842744198462,2.2331272803972566,0.0,0.0,0.13042390615919053,0.04384704869002333
-0.6499999999999999,0.9500000000000003,0.15,0,0,0,2.1684919466933326,2.3651680574009504,0.0,0.0,0.20844128651799237,0.04615386693337589
-0.5999999999999999,0.9500000000000003,0.15,0,0,0,1.967059125031313,3.2253297041304907,0.0,0.0,0.22791663789335906,0.04460896088299351
-0.5499999999999998,0.9500000000000003,0.15,0,0,0,0.8273869484652984,0.7728498433719865,0.0,0.004058452376553445,0.029035306447708114,0.14810428131715722
-0.4999999999999998,0.9500000000000003,0.15,0,0,0,0.496431076304534,1.2514930543969127,0.0,0.31463096023072556,0.044829483197301415,0.14481730131664292
-0.44999999999999973,0.9500000000000003,0.15,0,0,0,1.0589156783519398,3.2937315199216,0.0,0.0,0.07317694695210773,0.045561148987426296
-0.3999999999999997,0.9500000000000003,0.15,0,0,0,1.1662499508689972,3.1233578304406264,0.0,0.0,0.1571709978292613,0.044982795071483964
-0.34999999999999964,0.9500000000000003,0.15,0,0,0,0.6456744155043316,3.3840598920582083,0.0,0.0,0.04498130916691513,0.12970101721440855
-0.2999999999999996,0.9500000000000003,0.15,0,0,0,0.714603118636873,2.6022974170417412,0.0,0.0,0.1924297233074883,0.04557184567660766
-0.24999999999999956,0.9500000000000003,0.15,0,0,0,0.6139763606054284,2.6146818308876,0.0,0.0,0.013058286018648948,0.04537073988426148
-0.1999999999999995,0.9500000000000003,0.15,0,0,0,1.45688979110138,1.499299202343919,0.0,0.0,0.04756025805992508,0.043770853668438935
-0.14999999999999947,0.9500000000000003,0.15,0,0,0,0.5299728462430962,1.6349620538836003,0.0,0.0,0.22133221123233782,0.13361889166973367
-0.09999999999999942,0.9500000000000003,0.15,0,0,0,0.5546657547458718,2.577231748185498,0.0,0.0,0.2229375456589055,0.1307029602053773
-0.09999999999999942,1.0000000000000002,0.15,0,0,0,0.5794055993674179,2.4464267832715523,0.0,0.0,0.20579494850429347,0.13070296020537722
-0.14999999999999947,1.0000000000000002,0.15,0,0,0,1.0824914609667426,2.7995250184057348,0.0,0.0,0.1009924654331159,0.04355421047932493
-0.1999999999999995,1.0000000000000002,0.15,0,0,0,2.3725112073998393,2.5741594770582044,0.0,0.0,0.034527755754726226,0.1307029602053773
-0.24999999999999956,1.0000000000000002,0.15,0,0,0,0.7378788425631889,3.329504820782204,0.0,0.0,0.22197254426039953,0.04557994040805515
-0.2999999999999996,1.0000000000000002,0.15,0,0,0,2.0593754600420526,2.477747550532014,0.0,0.0,0.1859136580868262,0.08240301838947123
-0.34999999999999964,1.0000000000000002,0.15,0,0,0,0.5366103465138332,2.5815808208448683,0.0,0.0,0.12673104456432216,0.04557184567660779
-0.3999999999999997,1.0000000000000002,0.15,0,0,0,1.1016442846632288,2.7409357531018297,0.0,0.0,0.04346353997899949,0.046217657707421984
-0.44999999999999973,1.0000000000000002,0.15,0,0,0,1.2918072679537367,2.224444269154284,0.0,0.0,0.15480611679483847,0.04558373526539352
-0.4999999999999998,1.0000000000000002,0.15,0,0,0,1.4117147674658919,2.471771268987167,0.0,0.0,0.11969151637227868,0.04588945288858019
-0.5499999999999998,1.0000000000000002,0.15,0,0,0,0.7656353948546818,2.3684927813321393,0.0,0.0,0.11488680898115776,0.12338249587955834
-0.5999999999999999,1.0000000000000002,0.15,0,0,0,2.238334220850519,2.4593852072672084,0.0,0.0,0.1924636554653696,0.0463016507311447
-0.6499999999999999,1.0000000000000002,0.15,0,0,0,0.8442791858847826,0.8886004018927125,0.0,0.0,0.04511078340095028,0.06984585081428268
-0.7,1.0000000000000002,0.15,0,0,0,1.2361362867711028,2.5602260077758205,0.0,0.0,0.04520564350699274,0.046087640794523245
-0.75,1.0000000000000002,0.15,0,0,0,2.4259223054439305,2.4100045614029275,0.0,0.0,0.1651544149405038,0.04625311908544831
-0.75,1.0000000000000002,0.2,0,0,0,1.224663933506785,2.5102595296518184,0.0,0.0,0.045276365431545784,0.045237067574794614
-0.7,1.0000000000000002,0.2,0,0,0,2.7617404391056315,2.543883705886306,0.0,0.0,0.12722309283127348,0.04604185003014639
-0.6499999999999999,1.0000000000000002,0.2,0,0,0,2.0658824575797077,0.3842548780068403,0.0,0.0,0.21752862367431475,0.02301058999840916
-0.5999999999999999,1.0000000000000002,0.2,0,0,0,1.932496271937443,2.559433012918488,0.0,0.0,0.22301666679803445,0.04014352487510923
-0.5499999999999998,1.0000000000000002,0.2,0,0,0,1.5150459926758169,2.032049308945947,0.0,0.0,0.1589675037622101,0.19068841218539695
-0.4999999999999998,1.0000000000000002,0.2,0,0,0,1.5182248854764626,2.733866270658691,0.0,0.0,0.1957111313262183,0.046704323462576094
-0.44999999999999973,1.0000000000000002,0.2,0,0,0,1.326556310459042,2.7403826343575877,0.0,0.0,0.16619503348109715,0.034491262900973284
-0.3999999999999997,1.0000000000000002,0.2,0,0,0,0.8582507622408171,2.6146324723631498,0.0,0.0,0.04403775471081069,0.1058298676371668
-0.34999999999999964,1.0000000000000002,0.2,0,0,0,1.1674592379160118,2.9735319616482108,0.0,0.0,0.04491940826493368,0.13060356215013702
-0.2999999999999996,1.0000000000000002,0.2,0,0,0,0.9113466675536586,2.716008070281947,0.0,0.0,0.15652406413847195,0.04639393193895446
-0.24999999999999956,1.0000000000000002,0.2,0,0,0,0.8787803843687867,2.5858249214855533,0.0,0.0,0.07613173937348403,0.16900229857750615
-0.1999999999999995,1.0000000000000002,0.2,0,0,0,0.7365169760927179,2.660161329810143,0.0,0.0,0.043122482569416705,0.045571845676607686
-0.14999999999999947,1.0000000000000002,0.2,0,0,0,0.6660010810847695,2.6810629065926985,0.0,0.0,0.21711381692212678,0.045571845676607686
-0.09999999999999942,1.0000000000000002,0.2,0,0,0,2.171844533045261,2.7027279399890234,0.0,0.0,0.05744933520155343,0.045571845676607686
-0.09999999999999942,0.9500000000000003,0.2,0,0,0,0.8942067000082196,2.427610393270439,0.0,0.0,0.21690842437235458,0.1307029602053772
-0.14999999999999947,0.9500000000000003,0.2,0,0,0,0.47780961489868656,2.665535914874759,0.0,0.0,0.05071846918939762,0.045571845676607686
-0.1999999999999995,0.9500000000000003,0.2,0,0,0,0.22728231876220423,2.105274327498953,0.0,0.0,0.04528275461532767,0.13364858319643125
-0.24999999999999956,0.9500000000000003,0.2,0,0,0,0.7543706270977911,2.624271650669415,0.0,0.0,0.018537017883023744,0.045571845676607686
-0.2999999999999996,0.9500000000000003,0.2,0,0,0,2.123947434281746,2.604834291853736,0.0,0.0,0.04414333438968278,0.045571845676607686
-0.34999999999999964,0.9500000000000003,0.2,0,0,0,1.017217902071268,1.4475438440933786,0.0,0.0,0.12336901639328937,0.04626994132104142
-0.3999999999999997,0.9500000000000003,0.2,0,0,0,1.2721067295911634,3.094464287762745,0.0,0.0,0.12606275426062588,0.10529559988762068
-0.44999999999999973,0.9500000000000003,0.2,0,0,0,0.31998900817956005,1.3816432719210412,0.0,0.0,0.04504514315040692,0.04367467290966394
-0.4999999999999998,0.9500000000000003,0.2,0,0,0,0.9694541492753739,2.598470741583061,0.0,0.0,0.044878467882249924,0.13661071376967462
-0.5499999999999998,0.9500000000000003,0.2,0,0,0,2.1869882767459274,2.543179878000755,0.0,0.0,0.04393078265706825,0.04557184567660772
-0.5999999999999999,0.9500000000000003,0.2,0,0,0,2.128576142896245,1.4639823613422143,0.0,0.0,0.20839983294060213,0.16032230273892362
-0.6499999999999999,0.9500000000000003,0.2,0,0,0,2.479233003506214,1.3570394057488178,0.0,0.0,0.16494851580089023,0.043578527627377815
-0.7,0.9500000000000003,0.2,0,0,0,1.0508305443591155,2.66991658995285,0.0,0.0,0.04522548538408262,0.12798567717715034
-0.75,0.9500000000000003,0.2,0,0,0,1.0846079788962038,1.8693587682177204,0.0,0.0,0.045116176707687396,0.04589294070017441
-0.75,0.9000000000000002,0.2,0,0,0,2.4095564538988925,0.13891904256731727,0.0,0.0,0.20109072641959072,0.19057569318958353
-0.7,0.9000000000000002,0.2,0,0,0,0.8591204618480726,2.609746918631873,0.0,0.0,0.04536496859346748,0.13143869876747494
-0.6499999999999999,0.9000000000000002,0.2,0,0,0,2.945730697546595,2.08070607888073,0.0,0.0,0.13208163401737197,0.18807931247618562
-0.5999999999999999,0.9000000000000002,0.2,0,0,0,0.957531804994836,0.15153366800964538,0.0,0.0,0.043053440479483535,0.044840217374197196
-0.5499999999999998,0.9000000000000002,0.2,0,0,0,0.44356260324919067,3.088192741750478,0.0,0.0,0.044740068393533804,0.12728894761636128
-0.4999999999999998,0.9000000000000002,0.2,0,0,0,1.572882259211474,2.9097839128361453,0.0,0.0,0.22349492448233957,0.09241364811595416
-0.44999999999999973,0.9000000000000002,0.2,0,0,0,0.5141464147407739,3.0574833142919,0.0,0.0,0.04484050184727644,0.13182540854606528
-0.3999999999999997,0.9000000000000002,0.2,0,0,0,0.2892799617610271,0.8015589345263028,0.0,0.0,0.0008089297222078446,0.04749053649096726
-0.34999999999999964,0.9000000000000002,0.2,0,0,0,0.3171997253951247,2.5710902519956513,0.0,0.0,0.045211555601731394,0.045571845676607686
-0.2999999999999996,0.9000000000000002,0.2,0,0,0,2.0986158665882053,2.589815648341998,0.0,0.0,0.03007822507493787,0.045571845676607686
-0.24999999999999956,0.9000000000000002,0.2,0,0,0,0.5470175727333353,2.6093648845815154,0.0,0.0,0.10123969456670709,0.045571845676607686
-0.1999999999999995,0.9000000000000002,0.2,0,0,0,0.28583690210368085,2.6297195875942982,0.010688267784402239,0.0,0.02821206882623522,0.045571845676607686
-0.14999999999999947,0.9000000000000002,0.2,0,0,0,0.5346621359124908,2.9010265780410114,0.0,0.0,0.10149304041944321,0.1287954834179544
-0.09999999999999942,0.9000000000000002,0.2,0,0,0,1.0808098701485962,2.1937822459745218,0.0,0.0,0.042605524722550366,0.1294137755065969
-0.09999999999999942,0.8500000000000002,0.2,0,0,0,0.21306518565150784,1.0227128286383527,0.0,0.0,0.04478451250407503,0.1265901330626435
-0.14999999999999947,0.8500000000000002,0.2,0,0,0,0.3506605185752297,2.637052999514245,0.0,0.0,0.0596951761906507,0.045571845676607686
-0.1999999999999995,0.8500000000000002,0.2,0,0,0,0.2672936264337602,1.4897765826524554,0.0,0.12706688887982254,0.0707948235585497,0.15999089279110854
-0.24999999999999956,0.8500000000000002,0.2,0,0,0,0.494769021557284,0.3671132904590093,0.0,0.0,0.019947150116918475,0.044786154003581526
-0.2999999999999996,0.8500000000000002,0.2,0,0,0,0.23666217519896002,2.5756802007968713,0.0,0.0,0.044856271786307855,0.045571845676607686
-0.34999999999999964,0.8500000000000002,0.2,0,0,0,0.5322066557379833,0.2675862418209978,0.0,0.0,0.01910298157086228,0.005001243670617206
-0.3999999999999997,0.8500000000000002,0.2,0,0,0,0.3224689256961632,2.2741488686864133,0.0,0.0,0.004718273571189369,0.04505297061146994
-0.44999999999999973,0.8500000000000002,0.2,0,0,0,0.2345776226537862,2.5217471069294297,0.0,0.0,0.04499261002705392,0.045571845676607686
-0.4999999999999998,0.8500000000000002,0.2,0,0,0,2.2634155669338267,0.10958925144926653,0.0,0.0387503737401802,0.14097509319597956,0.016013791119762727
-0.5499999999999998,0.8500000000000002,0.2,0,0,0,0.4616696684039582,0.06427203440611469,0.0,0.0,0.04238328542202942,0.04519486574856361
-0.5999999999999999,0.8500000000000002,0.2,0,0,0,2.2656507046106182,0.7203124392650464,0.0,0.0,0.17659102264253898,0.04512740904629406
-0.6499999999999999,0.8500000000000002,0.2,0,0,0,1.3055319832482741,0.09192341894220239,0.0,0.04806696827687085,0.010620599736031253,0.022095736401480253
-0.7,0.8500000000000002,0.2,0,0,0,2.207207078802828,0.14657168031009316,0.0,0.04097930461013943,0.09646831478339765,0.017896518127938212
-0.75,0.8500000000000002,0.2,0,0,0,0.8136887970873523,0.3147888209285325,0.0,0.047393351882893286,0.2232928138228308,0.08846047815699098
-0.75,0.8000000000000003,0.2,0,0,0,2.267589113184935,0.020638623509456364,0.0,0.056114954038292475,0.04393078265706825,0.03713805253758847
-0.7,0.8000000000000003,0.2,0,0,0,1.6927165053138093,0.011183996844313319,0.0,0.061996509828313506,0.1300519785842963,0.015731879622243233
-0.6499999999999999,0.8000000000000003,0.2,0,0,0,1.045945410479596,0.005155873698689219,0.0,0.07498124928409533,0.044563774520574084,0.00017171129672106353
-0.5999999999999999,0.8000000000000003,0.2,0,0,0,1.2195450517863928,0.0036833523227177553,0.0,0.09732519001302875,0.04569576675664713,0.0004004966369810159
-0.5499999999999998,0.8000000000000003,0.2,0,0,0,0.13445975779255856,0.0055577915363683,0.0,0.06513611788062401,0.17058517637411255,0.00013982693566102466
-0.4999999999999998,0.8000000000000003,0.2,0,0,0,0.2259228041955337,0.012303881016108588,0.0,0.05195075191214649,0.003993287029676026,0.017657786741103552
-0.44999999999999973,0.8000000000000003,0.2,0,0,0,0.3172231213748929,0.02170132730833454,0.0,0.03486055213147754,0.01804751463552038,0.04238803643689788
-0.3999999999999997,0.8000000000000003,0.2,0,0,0,0.07459736154641491,0.04737746700822863,0.0,0.014285456363301252,0.04632705047147209,0.04119699025477569
-0.34999999999999964,0.8000000000000003,0.2,0,0,0,0.10115663311901413,0.07496162478559977,0.0,0.04307954891450838,0.01732493530265917,0.029778786064624408
-0.2999999999999996,0.8000000000000003,0.2,0,0,0,0.060872576197214125,0.07624659282987781,0.0,0.0,0.0007659383837233224,0.04460439790924716
-0.24999999999999956,0.8000000000000003,0.2,0,0,0,0.0620912216791398,1.6972720950145066,0.0,0.0,0.0008950194591530047,0.045128799252033676
-0.1999999999999995,0.8000000000000003,0.2,0,0,0,0.06527229846937786,2.4692807626399285,0.0,0.0,0.0008460564148401158,0.03972756820954171
-0.14999999999999947,0.8000000000000003,0.2,0,0,0,0.05700677911714012,2.094175872433355,0.0,0.0,0.011844933789961381,0.04184874293199856
-0.09999999999999942,0.8000000000000003,0.2,0,0,0,0.13726948948887965,0.29125352414236233,0.0,0.0,0.01610140404800555,0.04499889075708167
-0.09999999999999942,0.7500000000000002,0.2,0,0,0,0.20982238942296905,1.8476779483589625,0.0,0.0,0.08842741784258887,0.04371295939516026
-0.14999999999999947,0.7500000000000002,0.2,0,0,0,0.21316028999800016,0.3217262718208478,0.0,0.0,0.09809283022191079,0.044272607122196675
-0.1999999999999995,0.7500000000000002,0.2,0,0,0,0.2112991152068732,2.5029286346241535,0.0,0.0,0.10307313189858155,0.04101632366166319
-0.24999999999999956,0.7500000000000002,0.2,0,0,0,0.20613774019354564,0.19538799741907806,0.0,0.0,0.10404990698937121,0.050217362265212166
-0.2999999999999996,0.7500000000000002,0.2,0,0,0,0.19818122142929934,0.021862701490250436,0.0,0.016676327561951476,0.10109988509244307,0.04151804775121818
-0.34999999999999964,0.7500000000000002,0.2,0,0,1,0.18681369101084855,0.0019372553167755107,0.0,0.29834879197474784,0.09377231031522194,0.006050393405095299
-0.3999999999999997,0.7500000000000002,0.2,0,0,1,0.1696674960573232,3.0097928451813796e-05,0.0,0.4817708056572825,0.08072926693230759,0.05863933134148016
-0.44999999999999973,0.7500000000000002,0.2,0,0,1,0.13889615585656082,0.0002589536137060739,0.0,0.5616660169991969,0.057788270275596625,0.08055586416914082
-0.4999999999999998,0.7500000000000002,0.2,0,0,1,0.04146670738431135,0.00012087342300992873,0.0,0.6099157195541083,0.0008069894978044116,0.0929268086433474
-0.5499999999999998,0.7500000000000002,0.2,0,0,1,0.1216865426370994,8.937022224711828e-05,0.0,0.6396400267242239,0.018819117604479147,0.09987785473965163
-0.5999999999999999,0.7500000000000002,0.2,0,0,1,0.06658920855443501,8.141479607042897e-05,0.0,0.6533891575227264,0.09407886393560867,0.1023972469933856
-0.6499999999999999,0.7500000000000002,0.2,0,0,1,2.4651896253526395,8.683078328635843e-05,0.0,0.6514833873214807,0.1312790775838637,0.10073692217178808
-0.7,0.7500000000000002,0.2,0,0,1,0.6011164731775918,0.00010859212108817107,0.0,0.6325634875098436,0.10215482629256803,0.09460449115164409
-0.75,0.7500000000000002,0.2,0,0,1,0.6515370752600581,0.00016808066159554173,0.0,0.5928491274824996,0.044480003886158935,0.08298785811703024
-0.75,0.7000000000000002,0.2,0,0,1,0.6311262312904105,0.0009935375994572075,0.0,0.7921482720541476,0.033192574897126396,0.13315371493053013
-0.7,0.7000000000000002,0.2,0,0,1,0.10508489562502701,4.978568768787446e-05,0.0,0.8140095359551984,0.1470503365122295,0.13973916269108505
-0.6499999999999999,0.7000000000000002,0.2,0,0,1,0.10685703972469685,4.5933027401720726e-05,0.0,0.8245667126939307,0.045039565521612694,0.1435354713367344
-0.5999999999999999,0.7000000000000002,0.2,0,0,1,0.028933075768876253,4.585907158591624e-05,0.0,0.8223323324075829,0.000820761500116069,0.14429036126754224
-0.5499999999999998,0.7000000000000002,0.2,0,0,1,0.13792565425060618,4.946278359719174e-05,0.0,0.8079860443050766,0.07194142042224588,0.14217040864823183
-0.4999999999999998,0.7000000000000002,0.2,0,0,1,0.1668805355834625,5.752008495912884e-05,0.0,0.7818358436774302,0.09978412825785929,0.1371526944300934
-0.44999999999999973,0.7000000000000002,0.2,0,0,1,0.18257766084702523,7.297873623619261e-05,0.0,0.7437247696758047,0.11755660906734244,0.12898100671461366
-0.3999999999999997,0.7000000000000002,0.2,0,0,1,0.19308848708488482,0.00010444804102066556,0.0,0.6926049357008319,0.12967221252999495,0.11704169489831284
-0.34999999999999964,0.7000000000000002,0.2,0,0,1,0.20127402525728383,0.00018161981771049515,0.0,0.6252938718905405,0.1377373044691549,0.10000475780494275
-0.2999999999999996,0.7000000000000002,0.2,0,0,1,0.20846818352886645,0.0004604723862211668,0.0,0.531999708736753,0.1425203604091174,0.07448413513378432
-0.24999999999999956,0.7000000000000002,0.2,0,0,1,0.2153050697550279,0.0011874771795180893,0.0,0.34186497164110197,0.14441129081211493,0.018924986349971206
-0.1999999999999995,0.7000000000000002,0.2,0,0,0,0.2219595417960259,0.060636173813163115,0.0,0.009007480360839093,0.14357255029489374,0.02403026814084066
-0.14999999999999947,0.7000000000000002,0.2,0,0,0,0.22819505590126052,0.055226447930734314,0.0,0.0384724148993123,0.13998802259359425,0.018370719585418666
-0.09999999999999942,0.7000000000000002,0.2,0,0,0,0.23330563365752954,0.6014357288435627,0.0,0.30218970310223026,0.1334559896344516,0.05427724472929389
-0.09999999999999942,0.6500000000000002,0.2,0,0,0,0.22773749678106678,0.4470477101661202,0.0,0.004994981596581738,0.16348521214651146,0.006846708792292319
-0.14999999999999947,0.6500000000000002,0.2,0,0,0,0.2187972818717524,0.01533875096379145,0.0,0.014791901378460537,0.1688538117033534,0.021990335107964613
-0.1999999999999995,0.6500000000000002,0.2,0,0,1,0.21033874350987333,0.0008054417390777392,0.0,0.4760481134468628,0.17187621048684393,0.05954847449503577
-0.24999999999999956,0.6500000000000002,0.2,0,0,1,0.20284276127088685,0.0009322871229966877,0.0,0.605649074346998,0.17267487775037957,0.0968755548351274
-0.2999999999999996,0.6500000000000002,0.2,0,0,1,0.19645005432515733,0.00019507679210254114,0.0,0.6918285934711488,0.17126309096909212,0.11975253944122197
-0.34999999999999964,0.6500000000000002,0.2,0,0,1,0.1909984595594267,9.859298869499478e-05,0.0,0.7612369378353316,0.16754264111484377,0.13650829215434107
-0.3999999999999997,0.6500000000000002,0.2,0,0,1,0.1860463943979096,6.515020593806838e-05,0.0,0.8184762118952077,0.16128704136964345,0.1490390685987721
-0.44999999999999973,0.6500000000000002,0.2,0,0,1,0.18085069131603446,5.036550425375259e-05,0.0,0.8653506123007192,0.15209850278850745,0.15836295177332213
-0.4999999999999998,0.6500000000000002,0.2,0,0,1,0.1742193356484012,4.2876950270393875e-05,0.0,0.9022656615148323,0.13930079715530244,0.1650565188610224
-0.5499999999999998,0.6500000000000002,0.2,0,0,1,0.16401456090408648,3.8872077373442414e-05,0.0,0.9290293779170168,0.12165014068685852,0.16944516562995296
-0.5999999999999999,0.6500000000000002,0.2,0,0,1,0.14534609026311948,3.6897097016301306e-05,0.0,0.9452151155658187,0.09635055427620547,0.17165684986698285
-0.6499999999999999,0.6500000000000002,0.2,0,0,1,0.09870220142884101,3.6557692098621715e-05,0.0,0.9503279278036055,0.052640519654754386,0.17164571644910911
-0.7,0.6500000000000002,0.2,0,0,1,0.08787692420554194,3.806209269584427e-05,0.0,0.9438420278148898,0.016766275705462616,0.16922084055127215
-0.75,0.6500000000000002,0.2,0,0,1,0.07831241346542166,4.20805056961459e-05,0.0,0.9251267051436318,0.11837206934685664,0.16407632969324068
-0.75,0.6000000000000002,0.2,0,0,1,0.03880662933851967,5.887606157214157e-05,0.0,1.0460302561856283,0.03076575643560866,0.18696795660212842
-0.7,0.6000000000000002,0.2,0,0,1,0.10144751082676334,3.099275798182442e-05,0.0,1.0622063797639356,0.06657066015402585,0.19047018836063748
-0.6499999999999999,0.6000000000000002,0.2,0,0,1,0.13810991220931068,3.0402855083820053e-05,0.0,1.0665694697102115,0.10817908164726184,0.19161402484062146
-0.5999999999999999,0.6000000000000002,0.2,0,0,1,0.15242653082453486,3.1473402855717245e-05,0.0,1.0593423394942296,0.1341427280529812,0.19078000159475406
-0.5499999999999998,0.6000000000000002,0.2,0,0,1,0.15921047815157524,3.4116783269605503e-05,0.0,1.0409020052826765,0.1528413149862517,0.1882594629861372
-0.4999999999999998,0.6000000000000002,0.2,0,0,1,0.16269884233553872,3.803044086138643e-05,0.0,1.0118099750487595,0.16680673296402448,0.1841647637140702
-0.44999999999999973,0.6000000000000002,0.2,0,0,1,0.16483784882708064,4.3166579151273596e-05,0.0,0.9728033532390397,0.17723229484217712,0.17838290528523087
-0.3999999999999997,0.6000000000000002,0.2,0,0,1,0.16679897683655126,5.036259568992302e-05,0.0,0.9246667293805129,0.1848048408472683,0.17058733556379138
-0.34999999999999964,0.6000000000000002,0.2,0,0,1,0.1694342734824039,6.204790786346715e-05,0.0,0.8679761163287765,0.18996671410734314,0.16028818694249206
-0.2999999999999996,0.6000000000000002,0.2,0,0,1,0.17341978641430839,8.398102248155384e-05,0.0,0.8026824253142929,0.19301383999732014,0.14684833440948966
-0.24999999999999956,0.6000000000000002,0.2,0,0,1,0.17926144197657845,0.0001321224565878363,0.0,0.7273336352331115,0.19412895959382392,0.12933192387118408
-0.1999999999999995,0.6000000000000002,0.2,0,0,1,0.1872297317505726,0.000268470432643768,0.0,0.637003032224206,0.19338828131281582,0.10586290624076315
-0.14999999999999947,0.6000000000000002,0.2,0,0,1,0.1972776733736166,0.0009316873612637254,0.0,0.5144739609633833,0.19076428305674245,0.07084470346638108
-0.09999999999999942,0.6000000000000002,0.2,0,0,0,0.21861886907005945,0.009516218810062215,0.0,0.028602737202060746,0.18642094811681895,0.012347499856788534
-0.09999999999999942,0.5500000000000002,0.2,0,0,1,0.2495130219724547,0.0003321510193518241,0.0,0.5056948916059629,0.20443544380893577,0.06935210735734076
-0.14999999999999947,0.5500000000000002,0.2,0,0,1,0.1869578783452992,0.0010655355647396828,0.0,0.632390612940174,0.20783099713584213,0.10692232073150808
-0.1999999999999995,0.5500000000000002,0.2,0,0,1,0.15626675322191277,0.00021717716555226874,0.0,0.7227957327475951,0.2097088100951603,0.13135501769805014
-0.24999999999999956,0.5500000000000002,0.2,0,0,1,0.14834138403183675,0.00010679791306392503,0.0,0.8010660324276578,0.21031489193642944,0.1500487474288182
-0.2999999999999996,0.5500000000000002,0.2,0,0,1,0.1435660334310117,6.84739891489429e-05,0.0,0.8714529932509094,0.20944454874974638,0.1644788129014701
-0.34999999999999964,0.5500000000000002,0.2,0,0,1,0.1413884939067213,5.169521263445151e-05,0.0,0.9354610452390195,0.20700420123661636,0.1753761536403311
-0.3999999999999997,0.5500000000000002,0.2,0,0,1,0.14106638395302806,4.3677742209155066e-05,0.0,0.9931549539262353,0.2027721624637416,0.18332470588796224
-0.44999999999999973,0.5500000000000002,0.2,0,0,1,0.1418304988594923,3.987412896338275e-05,0.0,1.043793026302227,0.19644194933156078,0.18901588099639544
-0.4999999999999998,0.5500000000000002,0.2,0,0,1,0.14292150341944387,3.7949335288630524e-05,0.0,1.0336047187948214,0.18763464708066746,0.19321326328983393
-0.5499999999999998,0.5500000000000002,0.2,0,0,1,0.14350504945462958,3.639114413409608e-05,0.0,0.999771612294968,0.1758556284278159,0.19654557879035517
-0.5999999999999999,0.5500000000000002,0.2,0,0,1,0.14245339732662446,3.4472190382049594e-05,0.0,0.9850290730242515,0.16037077919697607,0.19929696308170122
-0.6499999999999999,0.5500000000000002,0.2,0,0,1,0.13781892148686561,3.248392956192521e-05,0.0,0.9894767776494104,0.13990509408483448,0.20132255164051957
-0.7,0.5500000000000002,0.2,0,0,1,0.1251481573609211,3.1438672537392245e-05,0.0,1.0131201321847358,0.1117082713885365,0.202116021699135
-0.75,0.5500000000000002,0.2,0,0,1,0.08789331251799928,3.2145655494288655e-05,0.0,1.0559321684000986,0.06629023284085786,0.2009831936715603
-0.75,0.5000000000000001,0.2,0,0,1,0.10874586047831644,2.3675131820564063e-05,0.0,0.8890668444501744,0.10778631978843073,0.21023842497868742
-0.7,0.5000000000000001,0.2,0,0,1,0.12226920659284152,3.262345497304155e-05,0.0,0.845661621828818,0.13979253364542044,0.2083890845202464
-0.6499999999999999,0.5000000000000001,0.2,0,0,1,0.12600287574511618,3.237310855818757e-05,0.0,0.8216660587287681,0.1627716929558608,0.20496012472998504
-0.5999999999999999,0.5000000000000001,0.2,0,0,1,0.12555121865921123,3.483043348618641e-05,0.0,0.8173588480795293,0.18019219492811483,0.20110936952690703
-0.5499999999999998,0.5000000000000001,0.2,0,0,1,0.12312807191070856,3.985493478201357e-05,0.0,0.8328619235326826,0.19353740036564887,0.19770989386149415
-0.4999999999999998,0.5000000000000001,0.2,0,0,1,0.1198661784535283,4.496021179177291e-05,0.0,0.8680278204962217,0.20360260903207766,0.19509614631046104
-0.44999999999999973,0.5000000000000001,0.2,0,0,1,0.11645223723946865,4.796375359456805e-05,0.0,0.9224549740241437,0.21088955564662695,0.19290414793566868
-0.3999999999999997,0.5000000000000001,0.2,0,0,1,0.11339056088759358,4.909512992713904e-05,0.0,0.9956218237882317,0.2157923534234588,0.19009276565624764
-0.34999999999999964,0.5000000000000001,0.2,0,0,1,0.11121697120492177,5.066840011264054e-05,0.0,1.013152625866836,0.21871974981231862,0.18526198645262087
-0.2999999999999996,0.5000000000000001,0.2,0,0,1,0.11076362051179983,5.5745520729222047e-05,0.0,0.9455276206893817,0.22015739264236403,0.17719513775907347
-0.24999999999999956,0.5000000000000001,0.2,0,0,1,0.11312640905255698,6.826586187845756e-05,0.0,0.8736270738469241,0.22057409078476994,0.1652204659370025
-0.1999999999999995,0.5000000000000001,0.2,0,0,1,0.13494573903356352,9.638309850569271e-05,0.0,0.7968676717468809,0.22033283030630796,0.14904919969415306
-0.14999999999999947,0.5000000000000001,0.2,0,0,1,0.21775242070367942,0.0001654251426410942,0.0,0.71283054502788,0.2193953478942074,0.12819951142290328
-0.09999999999999942,0.5000000000000001,0.2,0,0,1,0.3136040888406827,0.0003923641002021494,0.0,0.6146313523496907,0.21733556245939467,0.1008609604068173
-0.09999999999999942,0.45000000000000007,0.2,0,0,1,0.4006771263191437,0.0001556804226308822,0.0,0.6709794603592458,0.221980732646342,0.11908468214130197
-0.14999999999999947,0.45000000000000007,0.2,0,0,1,0.2793488032011547,0.0001722639809522942,0.0,0.7560707846007133,0.22098726287788764,0.1427224163843463
-0.1999999999999995,0.45000000000000007,0.2,0,0,1,0.15790591660360184,9.121440685771485e-05,0.0,0.8337868130892973,0.22063698099606305,0.16135107875912347
-0.24999999999999956,0.45000000000000007,0.2,0,0,1,0.08554070313045614,6.140617120514442e-05,0.0,0.9074298449863246,0.22154760169573895,0.17524118543585177
-0.2999999999999996,0.45000000000000007,0.2,0,0,1,0.08609006619817787,4.8639456941806685e-05,0.0,0.9773146174213991,0.2229524963410101,0.18388584573178857
-0.34999999999999964,0.45000000000000007,0.2,0,0,1,0.08877043317287345,4.3484271559349984e-05,0.0,0.9438050528551032,0.2242792506097592,0.18700449728651822
-0.3999999999999997,0.45000000000000007,0.2,0,0,1,0.09268874419176959,4.260606152158036e-05,0.0,0.8489937084126082,0.2241029120882644,0.18571682965384623
-0.44999999999999973,0.45000000000000007,0.2,0,0,1,0.09678650486702975,4.4884892112987174e-05,0.0,0.7719801937203852,0.2213392448682949,0.1824887990806504
-0.4999999999999998,0.45000000000000007,0.2,0,0,1,0.10001379347024841,4.914786250878922e-05,0.0,0.7138196377051975,0.21560317676547597,0.17990061919974776
-0.5499999999999998,0.45000000000000007,0.2,0,0,1,0.10267996960509983,5.242968263972363e-05,0.0,0.6756272475355511,0.2070346472379157,0.1797662572655444
-0.5999999999999999,0.45000000000000007,0.2,0,0,1,0.10645686961720427,5.119470924421199e-05,0.0,0.6581975285291368,0.1954898147239152,0.18280884220703691
-0.6499999999999999,0.45000000000000007,0.2,0,0,1,0.10954628670622293,4.542138956792853e-05,0.0,0.6617874910173325,0.18020146830141756,0.1886784500199982
-0.7,0.45000000000000007,0.2,0,0,1,0.11047472725689945,3.961427912977136e-05,0.0,0.686119112093901,0.16026478438132066,0.19619171791205733
-0.75,0.45000000000000007,0.2,0,0,1,0.10620925057181799,3.791711222719193e-05,0.0,0.7305406303592465,0.13375723032361433,0.20359512782467135
-0.75,0.40000000000000013,0.2,0,0,1,0.09566623695490478,2.1979954115061163e-05,0.0,0.5871921712527395,0.1525366993031173,0.1953718737333029
-0.7,0.40000000000000013,0.2,0,0,1,0.09520120640011669,5.047334947646932e-05,0.0,0.5396720075833468,0.17583820997394223,0.1828353703114164
-0.6499999999999999,0.40000000000000013,0.2,0,0,1,0.09235427051348706,5.0433442747984484e-05,0.0,0.5132166327391534,0.19364469696094858,0.17120455150587593
-0.5999999999999999,0.40000000000000013,0.2,0,0,1,0.09010374292617199,5.9073572888588234e-05,0.0,0.5088586719181443,0.2073090627063078,0.16232261400078155
-0.5499999999999998,0.40000000000000013,0.2,0,0,1,0.0874445589845477,7.685578695337945e-05,0.0,0.5271804220265857,0.21766272501503603,0.15770148913633947
-0.4999999999999998,0.40000000000000013,0.2,0,0,1,0.08183194028924787,8.950584969119543e-05,0.0,0.5679774044693273,0.22416115549307264,0.15827893047950717
-0.44999999999999973,0.40000000000000013,0.2,0,0,1,0.07413397251045235,8.477067907675224e-05,0.0,0.630118548140219,0.22599093103666731,0.1637921623945715
-0.3999999999999997,0.40000000000000013,0.2,0,0,1,0.06550295515102551,6.928785783522122e-05,0.0,0.7117784036989487,0.2226194017671915,0.1724035964231667
-0.34999999999999964,0.40000000000000013,0.2,0,0,1,0.0573904522693381,5.6427091344722964e-05,0.0,0.8110562428549386,0.21608897770627575,0.1809578929198929
-0.2999999999999996,0.40000000000000013,0.2,0,0,1,0.05139530815905729,5.0738566411339544e-05,0.0,0.8611129537461903,0.20985964218497646,0.18547815003812354
-0.24999999999999956,0.40000000000000013,0.2,0,0,1,0.06350829663309904,5.1987652107120895e-05,0.0,0.8231977334010601,0.20620068981432574,0.18263608401274697
-0.1999999999999995,0.40000000000000013,0.2,0,0,1,0.20627280360132733,6.176935451953375e-05,0.0,0.8018035251544902,0.20521942321479855,0.17212429018799122
-0.14999999999999947,0.40000000000000013,0.2,0,0,1,0.3641172846106789,8.701752250565234e-05,0.0,0.8009106710101577,0.20529453557390354,0.15544641690262687
-0.09999999999999942,0.40000000000000013,0.2,0,0,1,0.5131547339123359,0.00014875004365384596,0.0,0.7243936939586106,0.2103306906419941,0.13341862234543253
-0.09999999999999942,0.3500000000000001,0.2,0,0,1,0.6433821599320173,3.6786475113993005e-05,0.0,0.6774365499491912,0.18191852883945722,0.1453503488057693
-0.14999999999999947,0.3500000000000001,0.2,0,0,1,0.45526564450167606,9.609663634524939e-05,0.0,0.66478494468427,0.17648184759485108,0.16579812609508995
-0.1999999999999995,0.3500000000000001,0.2,0,0,1,0.2605193287623911,5.9117180160970706e-05,0.0,0.6769634527545603,0.17729502741574288,0.17977482623901328
-0.24999999999999956,0.3500000000000001,0.2,0,0,1,0.07076746699727537,4.682439723740969e-05,0.0,0.7084235503763887,0.18049997095908596,0.1850707530125157
-0.2999999999999996,0.3500000000000001,0.2,0,0,1,0.004064759195684096,4.562927199593892e-05,0.0,0.7564995589191197,0.1858684466374266,0.17963074478734048
-0.34999999999999964,0.3500000000000001,0.2,0,0,1,0.015155409578661126,5.0016913106490555e-05,0.0,0.6923080621446833,0.19526537927003879,0.16627627327999736
-0.3999999999999997,0.3500000000000001,0.2,0,0,1,0.029466318960481505,5.6101186877475704e-05,0.0,0.5872456667528594,0.2077849505583395,0.14973574235988313
-0.44999999999999973,0.3500000000000001,0.2,0,0,1,0.04445036257349659,6.258260239693967e-05,0.0,0.49894194885215803,0.22026407758328526,0.13371228562598533
-0.4999999999999998,0.3500000000000001,0.2,0,0,1,0.05803897589551699,7.664038830181507e-05,0.0,0.43025569612553216,0.2269498494590847,0.12146626109805027
-0.5499999999999998,0.3500000000000001,0.2,0,0,1,0.06882845509824977,0.00010450559418025334,0.0,0.3843619208252109,0.22495474679989055,0.11599365854722608
-0.5999999999999999,0.3500000000000001,0.2,0,0,1,0.0759704323226018,0.00012159802902755735,0.0,0.3634661627924949,0.2167789703577494,0.11878636304753015
-0.6499999999999999,0.3500000000000001,0.2,0,0,1,0.07892609826613507,0.00010448852263925881,0.0,0.3679109479718847,0.20420947111741364,0.12882461848482044
-0.7,0.3500000000000001,0.2,0,0,1,0.07960460771253985,7.60821604707403e-05,0.0,0.39651444235795674,0.18775846466227675,0.14378594090198052
-0.75,0.3500000000000001,0.2,0,0,1,0.08192301172440673,6.390627608029886e-05,0.0,0.44742950618256305,0.1666250063804366,0.16149333762416188
-0.75,0.30000000000000004,0.2,0,0,1,0.06750122347580907,3.1967698806733996e-05,0.0,0.32192743853596895,0.1771874487338271,0.14415746291647674
-0.7,0.30000000000000004,0.2,0,0,1,0.06783577928903915,0.00010212580688197798,0.0,0.26480485396181086,0.19705656330748894,0.12313386175315852
-0.6499999999999999,0.30000000000000004,0.2,0,0,1,0.06579260488991531,9.924607979591542e-05,0.0,0.23116036782349347,0.21252597398309614,0.10468835249886725
-0.5999999999999999,0.30000000000000004,0.2,0,0,1,0.058518398834341796,0.00013499517676664142,0.0,0.22352736376714866,0.22346527757672222,0.09025442928588705
-0.5499999999999998,0.30000000000000004,0.2,0,0,1,0.04616726338821262,0.00024890508467050054,0.0,0.24424472968616007,0.22808960448499133,0.08272921190143587
-0.4999999999999998,0.30000000000000004,0.2,0,0,1,0.028931369230133695,0.00037364393598697505,0.0,0.294199834779334,0.22164618689245247,0.08662537148785969
-0.44999999999999973,0.30000000000000004,0.2,0,0,1,0.007451859402687394,0.0002444725520339098,0.0,0.37036820304087614,0.20497904564080244,0.1020724525453459
-0.3999999999999997,0.30000000000000004,0.2,1,1,1,0.0015355362164732953,0.00011510362599148448,0.0,0.4667813865545085,0.18593945691188435,0.12357672688634476
-0.34999999999999964,0.30000000000000004,0.2,1,1,1,6.375826513717081e-05,7.234310270653662e-05,0.0023257161514167457,0.5788312857683207,0.16934787495854528,0.14638516753618655
-0.2999999999999996,0.30000000000000004,0.2,1,1,1,0.001633027500178564,5.614734109690636e-05,0.0,0.6362372497722979,0.1569592815502227,0.16702130725881467
-0.24999999999999956,0.30000000000000004,0.2,0,0,1,0.06960722766630074,4.821868972940487e-05,0.0,0.5825798072069901,0.15001667345156036,0.18123270433664082
-0.1999999999999995,0.30000000000000004,0.2,0,0,1,0.3012122666952849,4.8747923157390605e-05,0.0,0.5446503139480758,0.1452131011548392,0.18405384644033443
-0.14999999999999947,0.30000000000000004,0.2,0,0,1,0.5459053811455904,6.171059593941043e-05,0.0,0.5238877067314269,0.1414797359450881,0.17501917455871785
-0.09999999999999942,0.30000000000000004,0.2,0,0,1,0.7853075830399625,9.797761788733087e-05,0.0,0.5239471865121144,0.14317297872866935,0.1573434021699403
-0.09999999999999942,0.25,0.2,0,0,1,0.8163411372979287,2.8386864243891972e-05,0.0,0.3881859056717598,0.11431800990430101,0.16671716864135747
-0.14999999999999947,0.25,0.2,0,0,1,0.5986442633780926,6.220976184674269e-05,0.0,0.396111730097755,0.1079222898605418,0.18084712024302643
-0.1999999999999995,0.25,0.2,0,0,1,0.3157882838636694,4.379210706344376e-05,0.0,0.4216601376168887,0.11213875758289933,0.18403442063952088
-0.24999999999999956,0.25,0.2,0,0,1,0.01699978777825234,4.475717414399317e-05,0.0,0.4627798707890647,0.12255549448827328,0.17355965894000205
-0.2999999999999996,0.25,0.2,1,1,1,0.0013847852256637294,6.153025160710162e-05,0.0,0.5194346771540257,0.1277819437132424,0.15254688943109213
-0.34999999999999964,0.25,0.2,1,1,1,0.00021226814164716402,9.846811306004431e-05,0.0470697487272993,0.4770038568544148,0.14197361737458555,0.12636213540587185
-0.3999999999999997,0.25,0.2,1,1,1,0.0015734008210667536,0.0001667536998462424,0.0,0.35797759250185157,0.16165063627277826,0.09853352143176038
-0.44999999999999973,0.25,0.2,1,1,1,0.0017838217781570153,0.00028468400312210815,0.0,0.25295046381275954,0.18579507860123157,0.07118737355845378
-0.4999999999999998,0.25,0.2,1,1,1,0.0019867722214274267,0.00048071564984800917,0.0,0.16704098214668583,0.21017282392139977,0.045839203362625335
-0.5499999999999998,0.25,0.2,0,0,1,0.02050589865827005,0.0007952798641049145,0.0,0.10875710450287324,0.22647842292667292,0.02416005191144059
-0.5999999999999999,0.25,0.2,0,0,1,0.038753989399055215,0.0005752025505120263,0.0,0.08604188289870507,0.22748554281558997,0.015222055821862715
-0.6499999999999999,0.25,0.2,0,0,1,0.05065795234134585,0.0009258837986165898,0.0,0.09598621653156147,0.21853714367294375,0.03034380981782357
-0.7,0.25,0.2,0,0,1,0.05657565692319852,0.0003954710379694032,0.0,0.13393643630322316,0.20413367732052692,0.05123011304815708
-0.75,0.25,0.2,0,0,1,0.05643142488504015,0.00014903522682483956,0.0,0.19552542975096587,0.18507283462546012,0.07539510114063498
-0.75,0.2,0.2,0,0,1,0.04761242759301212,0.00012408627988699507,0.0,0.0950751559180345,0.19067355876090997,0.06297490351103974
-0.7,0.2,0.2,0,0,1,0.04440315011070067,0.000733224287922555,0.0,0.025744749493491703,0.20903012774415297,0.04716123010817509
-0.6499999999999999,0.2,0.2,0,0,0,0.0346579729497204,0.029475999483854355,0.0,0.0,0.22251355782951487,0.04584395096701911
-0.5999999999999999,0.2,0.2,0,0,0,0.01806470139491679,0.06590558008919054,0.0,0.0,0.22912900209677534,0.050581096759424946
-0.5499999999999998,0.2,0.2,0,1,0,0.0018925678262976433,0.05223448154699594,0.0,0.0,0.2215122125661,0.04865633243505491
-0.4999999999999998,0.2,0.2,0,1,0,0.001985338421421414,0.006757643994071521,0.0,0.0,0.19756402570617088,0.039368957586505486
-0.44999999999999973,0.2,0.2,1,1,1,0.001798358322178107,0.00020629256091139427,0.0,0.0597737587858056,0.16870255596594863,0.0580700880194629
-0.3999999999999997,0.2,0.2,1,1,1,0.00012939453858371258,0.0008835600915420199,0.014909805183310532,0.16714017505360346,0.1419324052177634,0.06865619864398113
-0.34999999999999964,0.2,0.2,0,0,1,0.031763595671605166,0.00023754577301411618,0.0,0.10086345985929768,0.1263787099163654,0.09375353272851712
-0.2999999999999996,0.2,0.2,0,0,1,0.10626047182963513,9.850070037037614e-05,0.0,0.01938659789550945,0.12117838067486529,0.12515737928775825
-0.24999999999999956,0.2,0.2,0,0,1,0.14247756574268977,0.0019912623869208657,0.0,0.0,0.11352825721672787,0.1597374644684048
-0.1999999999999995,0.2,0.2,0,0,1,0.20788106141613416,0.001985487839683276,0.0,0.0,0.09901926990697053,0.19463227478554182
-0.14999999999999947,0.2,0.2,0,0,1,0.3135880254015631,0.001996592128857868,0.0,0.0,0.1310925850419776,0.20477189258148876
-0.09999999999999942,0.2,0.2,0,0,1,0.3891661413691842,0.0019988907427624016,0.0,0.0,0.1413509509587748,0.1934498728753709
-0.09999999999999942,0.15,0.2,0,0,0,0.2982975179477827,0.05792222471165729,0.0,0.0,0.13305219417458664,0.1994188801494183
-0.14999999999999947,0.15,0.2,0,0,0,0.1888127715956546,0.03531620132702434,0.0,0.0,0.13100744356481034,0.21572477508641139
-0.1999999999999995,0.15,0.2,0,0,0,0.21851558116714637,0.008449720425908826,0.0,0.0,0.09062840580842925,0.22556574143759645
-0.24999999999999956,0.15,0.2,0,0,1,0.3144346692916807,0.001383408839685624,0.0,0.017157964252999758,0.11235266669491958,0.2103792092032976
-0.2999999999999996,0.15,0.2,0,0,1,0.2782976972638929,4.0340324731579256e-05,0.0,0.07514256101345484,0.10712601819952393,0.1877160988671537
-0.34999999999999964,0.15,0.2,0,0,1,0.1266426325000546,7.053087145549002e-05,0.0,0.15711300663431071,0.11248173021290811,0.15986337889299002
-0.3999999999999997,0.15,0.2,0,0,1,0.13450312349174387,0.00012951327933981698,0.0,0.12061012399467907,0.11580455715181925,0.13147787358253488
-0.44999999999999973,0.15,0.2,0,0,1,0.18235922273475227,0.0002575637279971255,0.0,0.009499822422359472,0.13702105969678663,0.10468798773917642
-0.4999999999999998,0.15,0.2,0,0,0,0.1641254722618118,0.09103830825330912,0.0,0.0,0.17070072016623236,0.07671181312059638
-0.5499999999999998,0.15,0.2,0,0,0,0.12650842299120402,0.1850990634749871,0.0,0.0,0.20636777987507254,0.07020049395511024
-0.5999999999999999,0.15,0.2,0,0,0,0.0768968987557595,0.30480153015361056,0.0,0.0,0.23030347198667736,0.11440876343539035
-0.6499999999999999,0.15,0.2,0,0,0,0.019985062433897374,0.2403838556499936,0.0,0.0,0.22476522846500127,0.12230845814299705
-0.7,0.15,0.2,0,0,0,0.032170105035885146,0.14274688530832283,0.0,0.0,0.21192453170973902,0.09079015129064263
-0.75,0.15,0.2,0,0,0,0.038399761565747,0.03269582070989939,0.0,0.0,0.1939780460166673,0.04287943870716446
-0.75,0.15,0.25,0,0,0,0.13029048324836998,0.09578571348330166,0.0,0.0,0.19857810299948803,0.10112181792461758
-0.7,0.15,0.25,0,0,0,0.12975057919932514,0.229524970624429,0.0,0.0,0.21592431666134587,0.13085899420714137
-0.6499999999999999,0.15,0.25,0,0,0,0.12789013266295593,1.0928676946775189,0.0,0.0,0.22759621875671412,0.11428673541173691
-0.5999999999999999,0.15,0.25,0,0,0,0.17500600475152506,0.41882639608860056,0.0,0.0,0.22793432879118453,0.1302809360875123
-0.5499999999999998,0.15,0.25,0,0,0,0.24890849503645276,0.8450833110407409,0.0,0.0,0.20412970901882405,0.15323778655637152
-0.4999999999999998,0.15,0.25,0,0,0,0.33439427160953106,0.07078182082096485,0.0,0.0,0.16497258851984825,0.09081016572550914
-0.44999999999999973,0.15,0.25,0,0,0,0.41881654380810884,0.009236179764688948,0.0,0.0,0.126056682735543,0.10540344176649075
-0.3999999999999997,0.15,0.25,0,0,1,0.2718342941254407,0.0008597796345875323,0.0,0.10567082740039302,0.12520781178562046,0.13205877154415455
-0.34999999999999964,0.15,0.25,0,0,1,0.17880001373152157,0.00017940242647780506,0.0,0.19906302285629085,0.1231240054241167,0.1567338597666848
-0.2999999999999996,0.15,0.25,0,0,1,0.21912910746564326,0.0001109556864965816,0.0,0.11520256508586346,0.12018998747554253,0.18183316690210755
-0.24999999999999956,0.15,0.25,0,0,1,0.3472789436619338,7.323648261609776e-05,0.0,0.05277130712518163,0.11684027408949156,0.20398489841089895
-0.1999999999999995,0.15,0.25,0,0,1,0.5003691772556322,5.0280790036663503e-05,0.0,0.005931389394060016,0.1135808444210051,0.21482799738339964
-0.14999999999999947,0.15,0.25,0,0,0,1.5912401045074172,0.01564195689368253,0.0,0.0,0.10093446022491749,0.21492625655895975
-0.09999999999999942,0.15,0.25,0,0,0,0.3264558692370965,0.03192248493481505,0.0,0.0,0.13424768084251718,0.19969686528841163
-0.09999999999999942,0.2,0.25,0,0,1,0.508787099740031,0.00023474036203554457,0.0,0.03100574675188339,0.1336686678301221,0.19314292042325312
-0.14999999999999947,0.2,0.25,0,0,1,0.39053850942628426,4.147622331800685e-05,0.0,0.06199607058523604,0.13276506370054938,0.20706658933010313
-0.1999999999999995,0.2,0.25,0,0,1,0.184453391854961,4.1058647383872935e-05,0.0,0.10404141465272909,0.11275866242171718,0.21174590036886293
-0.24999999999999956,0.2,0.25,0,0,1,0.2941621760082034,4.856197498876862e-05,0.0,0.1595136524110905,0.12037070062777046,0.2017833705353949
-0.2999999999999996,0.2,0.25,0,0,1,0.23634625009098703,6.610029322973839e-05,0.0,0.23219071269535574,0.12550721529156572,0.1806349517369401
-0.34999999999999964,0.2,0.25,0,0,1,0.10921623676275437,9.917181879261313e-05,0.0,0.3054913378223101,0.12954974197811697,0.15629526816715913
-0.3999999999999997,0.2,0.25,0,0,1,0.07385379493031949,0.00015840396827776468,0.0,0.18848738935630083,0.13145976756808656,0.13286166789672746
-0.44999999999999973,0.2,0.25,0,0,1,0.10907077776955078,0.00025667081786420547,0.0,0.0840574217550607,0.15971490742938654,0.11206104843108491
-0.4999999999999998,0.2,0.25,0,0,0,0.11628262778973444,0.00638015421198808,0.0,0.0,0.18938633927792003,0.09242001716611746
-0.5499999999999998,0.2,0.25,0,0,0,0.11740460835605625,0.10286313754499604,0.0,0.0,0.21584239467225452,0.08829040624839216
-0.5999999999999999,0.2,0.25,0,0,0,0.12866269865836866,0.18141597139692836,0.0,0.0,0.22903195697274562,0.10678117466911811
-0.6499999999999999,0.2,0.25,0,0,0,0.1356555139739028,0.15432615790650261,0.0,0.0,0.22541160827315007,0.11549679239339533
-0.7,0.2,0.25,0,0,0,0.13764895481231645,0.08476269538517099,0.0,0.0,0.21302517644165958,0.09661586115218085
-0.75,0.2,0.25,0,0,0,0.13465674876291447,0.014285792318622077,0.0,0.0,0.195279518609795,0.0860780667511761
-0.75,0.25,0.25,0,0,1,0.14005367138560595,3.812297608299676e-05,0.0,0.1069922393735756,0.1897801029475581,0.08959727623718661
-0.7,0.25,0.25,0,0,1,0.14651844112914864,0.00032313100246739184,0.0,0.03132200814504138,0.2082472942086217,0.0859626702596736
-0.6499999999999999,0.25,0.25,0,0,0,0.1481561822312015,0.005112763201410397,0.0,0.0,0.22173054401763453,0.082242430393741
-0.5999999999999999,0.25,0.25,0,0,1,0.14523398373492902,0.00022066817566233118,0.0,0.0013727796413229854,0.22860776853780412,0.0825998735875018
-0.5499999999999998,0.25,0.25,0,0,1,0.13749409339855076,0.0006684907816947637,0.0,0.057059867493887584,0.22283915236730853,0.08725522010499696
-0.4999999999999998,0.25,0.25,0,0,1,0.12437629415735653,0.0003451665747681923,0.0,0.14131418555883668,0.2027452294111387,0.09406299757437356
-0.44999999999999973,0.25,0.25,0,0,1,0.10537389803249264,0.00021798714177041664,0.0,0.2366963956107715,0.1777619448627938,0.09706601006807401
-0.3999999999999997,0.25,0.25,0,0,1,0.08078828822619744,0.00017836649953810628,0.0,0.33956778633718177,0.15318809149053578,0.09617579512727199
-0.34999999999999964,0.25,0.25,0,0,1,0.05304150664480802,0.00017118797100102603,0.0,0.45369345510697645,0.1317091365898109,0.10097497832402343
-0.2999999999999996,0.25,0.25,0,0,1,0.07516283090215627,6.584230782366772e-05,0.0,0.48617458315631,0.13052255982172034,0.12110177461719825
-0.24999999999999956,0.25,0.25,0,0,1,0.07107222941513378,7.233236900337381e-05,0.0,0.42706026320745183,0.1300658154292995,0.14751178211268517
-0.1999999999999995,0.25,0.25,0,0,1,0.2854952358960865,5.763729656628143e-05,0.0,0.3854796719260136,0.12505785330506713,0.16753291671003376
-0.14999999999999947,0.25,0.25,0,0,1,0.7728263376874728,5.18050260951544e-05,0.0,0.3601174540204961,0.09563210285228055,0.1731459199820817
-0.09999999999999942,0.25,0.25,0,0,1,0.9853431139678466,7.943059011904908e-05,0.0,0.35286616811277893,0.10442299511317775,0.1634158145015433
-0.09999999999999942,0.30000000000000004,0.25,0,0,1,0.9327489169343848,5.3279831792394093e-05,0.0,0.5035791240577319,0.13109331012507253,0.15407456922654608
-0.14999999999999947,0.30000000000000004,0.25,0,0,1,0.6388464570440255,7.893538524820065e-05,0.0,0.5007368521284774,0.13712764417431117,0.17000129372722375
-0.1999999999999995,0.30000000000000004,0.25,0,0,1,0.35566902304823966,5.4604377920437465e-05,0.0,0.5203173779513546,0.13911352014268039,0.17334546860113734
-0.24999999999999956,0.30000000000000004,0.25,0,0,1,0.12679356202360897,6.443548410199629e-05,0.0,0.5578259865196884,0.14056066009696813,0.1610458018791841
-0.2999999999999996,0.30000000000000004,0.25,0,0,1,0.09536509371383244,0.00010251879911130607,0.0,0.6114858490261201,0.14658935957718547,0.13792958963232602
-0.34999999999999964,0.30000000000000004,0.25,0,0,1,0.10793866615027552,0.00017762289552804,0.0,0.5477090346357496,0.15913204088386781,0.10951860418601977
-0.3999999999999997,0.30000000000000004,0.25,0,0,1,0.12330801521394931,0.0002859949787242396,0.0,0.43111511417506554,0.1765957374262893,0.08075498542198976
-0.44999999999999973,0.30000000000000004,0.25,0,0,1,0.1378336389405847,0.0002832259839359877,0.0,0.33229847909855925,0.19678899653618098,0.06324781866237099
-0.4999999999999998,0.30000000000000004,0.25,0,0,1,0.14934066184060085,7.366708846016809e-05,0.0,0.2550770011936545,0.21616655201840362,0.0671139014086554
-0.5499999999999998,0.30000000000000004,0.25,0,0,1,0.15691620155032762,0.00011761088037075627,0.0,0.1978158705894244,0.22731367906818992,0.0740277900578361
-0.5999999999999999,0.30000000000000004,0.25,0,0,1,0.16035755013485017,0.00015385913148835322,0.0,0.1630773149045277,0.22572562654539405,0.07724397752934457
-0.6499999999999999,0.30000000000000004,0.25,0,0,1,0.15967920240576694,0.0001642405637538684,0.0,0.15860483259836844,0.21612107815079395,0.07870302727252927
-0.7,0.30000000000000004,0.25,0,0,1,0.15476344926315316,0.0001663291327216307,0.0,0.18819957531355147,0.20139520484157172,0.07933990387159118
-0.75,0.30000000000000004,0.25,0,0,1,0.145067759606315,0.00023559157823016457,0.0,0.24863033292393855,0.18188680153369,0.08019154892890146
-0.75,0.3500000000000001,0.25,0,0,1,0.14831256044947178,0.00010640849393908104,0.0,0.38534603201850937,0.17124793086448134,0.09401540935553832
-0.7,0.3500000000000001,0.25,0,0,1,0.16106185102425388,0.00019540742789137121,0.0,0.333203825172359,0.19217420328413196,0.08789050455550639
-0.6499999999999999,0.3500000000000001,0.25,0,0,1,0.1689518735315852,0.00020885067705795252,0.0,0.3065448637412511,0.2082548984644177,0.08766140831838981
-0.5999999999999999,0.3500000000000001,0.25,0,0,1,0.17279383826395467,0.00019855633510653943,0.0,0.30843611960140604,0.21996045611829568,0.09061626252824995
-0.5499999999999998,0.3500000000000001,0.25,0,0,1,0.17300493760875366,0.00018576869227795098,0.0,0.3387319795678789,0.2265597401673566,0.09596639045439748
-0.4999999999999998,0.3500000000000001,0.25,0,0,1,0.1699125276863942,0.00015996921913253703,0.0,0.39432985413219157,0.225371286179252,0.10424202572793131
-0.44999999999999973,0.3500000000000001,0.25,0,0,1,0.1640299544187318,0.00012124743381276018,0.0,0.47107315926773374,0.214754328121596,0.11623394162107124
-0.3999999999999997,0.3500000000000001,0.25,0,0,1,0.1563330815617325,8.629697077926119e-05,0.0,0.5654316459876156,0.19994071950532255,0.13191885077147386
-0.34999999999999964,0.3500000000000001,0.25,0,0,1,0.1484532773079958,6.557855142918393e-05,0.0,0.6749843736386123,0.18621169024861417,0.14975851914932597
-0.2999999999999996,0.3500000000000001,0.25,0,0,1,0.14259602021081838,5.521792476407749e-05,0.0,0.770371764119302,0.17618396980968534,0.16670211863189807
-0.24999999999999956,0.3500000000000001,0.25,0,0,1,0.16414456624636195,5.13059897600238e-05,0.0,0.7168938389390123,0.17127291711312706,0.17694679105125605
-0.1999999999999995,0.3500000000000001,0.25,0,0,1,0.3202395243237413,5.635982477611966e-05,0.0,0.683398896585568,0.17035889634818657,0.17317800496332997
-0.14999999999999947,0.3500000000000001,0.25,0,0,1,0.5182009878142178,7.762331750658493e-05,0.0,0.6728039474623695,0.17274079584862706,0.1589187862461365
-0.09999999999999942,0.3500000000000001,0.25,0,0,1,0.7212234809166947,0.00013146888498411595,0.0,0.6918890309150596,0.17690351644054034,0.1383634362230084
-0.09999999999999942,0.40000000000000013,0.25,0,0,1,0.577908863670178,9.781514582471294e-05,0.0,0.7352746262554719,0.20632999476580066,0.1260245208936934
-0.14999999999999947,0.40000000000000013,0.25,0,0,1,0.4301216074418889,0.00012901216205560834,0.0,0.8083841479393346,0.20137976127965274,0.14723526314676136
-0.1999999999999995,0.40000000000000013,0.25,0,0,1,0.2856697907630899,7.844213413781695e-05,0.0,0.8402023362851776,0.1990331875530012,0.164304210735321
-0.24999999999999956,0.40000000000000013,0.25,0,0,1,0.18518925443308998,5.94604476790095e-05,0.0,0.8603722535826754,0.19949469385500537,0.17529393812301658
-0.2999999999999996,0.40000000000000013,0.25,0,0,1,0.1758799331040961,5.501128255045976e-05,0.0,0.9005761071516378,0.20322192842587702,0.1754148404151856
-0.34999999999999964,0.40000000000000013,0.25,0,0,1,0.17780664523568301,5.700193500526301e-05,0.0,0.7902012138995769,0.21038011920065783,0.1644382348010291
-0.3999999999999997,0.40000000000000013,0.25,0,0,1,0.1809717447211745,5.994728399462544e-05,0.0,0.6863600837729225,0.21896593851768084,0.14841270397634632
-0.44999999999999973,0.40000000000000013,0.25,0,0,1,0.18399025737219088,6.060442980015851e-05,0.0,0.5995041786446698,0.2252858544898715,0.1312469663301088
-0.4999999999999998,0.40000000000000013,0.25,0,0,1,0.1856798275636088,6.071167791469696e-05,0.0,0.5319277385401913,0.22586467474623237,0.11538314797302604
-0.5499999999999998,0.40000000000000013,0.25,0,0,1,0.1851667269783452,6.961333041544271e-05,0.0,0.4861322994523851,0.2207529437988336,0.10288551719755913
-0.5999999999999999,0.40000000000000013,0.25,0,0,1,0.18182596651617527,0.00010165596362640217,0.0,0.46401788194249294,0.21123077830436734,0.09572746202131675
-0.6499999999999999,0.40000000000000013,0.25,0,0,1,0.1751237834760726,0.00015357709761395046,0.0,0.46615991728902717,0.1977913066007481,0.09577269157895632
-0.7,0.40000000000000013,0.25,0,0,1,0.16440034802305947,0.000167524717476835,0.0,0.4916441050245899,0.18015783785049425,0.10388581172639066
-0.75,0.40000000000000013,0.25,0,0,1,0.1486563981725076,0.00012457642022529927,0.0,0.5386730466433605,0.15727548010332965,0.11878040739830875
-0.75,0.45000000000000007,0.25,0,0,1,0.14929103120917567,0.0001980065279130032,0.0,0.6794958465706156,0.1391427286777025,0.15206472897562442
-0.7,0.45000000000000007,0.25,0,0,1,0.16589793360002775,7.875709270751287e-05,0.0,0.6356722308335248,0.16484176512672985,0.1427095515315436
-0.6499999999999999,0.45000000000000007,0.25,0,0,1,0.17752311517018718,0.00010074272295410446,0.0,0.6125937989282519,0.18427632304307323,0.1380488628928637
-0.5999999999999999,0.45000000000000007,0.25,0,0,1,0.18696247545460337,0.00011095943844891095,0.0,0.6113635832124089,0.19940098577936802,0.13888760361741756
-0.5499999999999998,0.45000000000000007,0.25,0,0,1,0.193087627165254,0.00010019936283147519,0.0,0.6325055443556225,0.21087131826325065,0.1446795082040279
-0.4999999999999998,0.45000000000000007,0.25,0,0,1,0.19657851857357878,7.969059774985079e-05,0.0,0.6755987020897818,0.21902816177510426,0.15397215964214225
-0.44999999999999973,0.45000000000000007,0.25,0,0,1,0.19809962394218641,6.334252594336097e-05,0.0,0.7393445838374979,0.2239080842921118,0.16487129776588683
-0.3999999999999997,0.45000000000000007,0.25,0,0,1,0.19840981677246286,5.459059613743513e-05,0.0,0.8219983838102394,0.2254801940052709,0.17491520806156532
-0.34999999999999964,0.45000000000000007,0.25,0,0,1,0.19838670667456199,5.200322428333999e-05,0.0,0.9219065103516466,0.2242847619880199,0.18001351983774086
-0.2999999999999996,0.45000000000000007,0.25,0,0,1,0.19895286595828213,5.4614452150600566e-05,0.0,0.8813360449900264,0.22193389742757202,0.17587293116977673
-0.24999999999999956,0.45000000000000007,0.25,0,0,1,0.20134479988353432,6.345114175844573e-05,0.0,0.8249125084592667,0.2202884663498485,0.16467043771290774
-0.1999999999999995,0.45000000000000007,0.25,0,0,1,0.2552767231514826,8.345936799441471e-05,0.0,0.7676591467487133,0.21998986087069064,0.1498150582915746
-0.14999999999999947,0.45000000000000007,0.25,0,0,1,0.35701007559726144,0.00012842991139730195,0.0,0.7084501267862839,0.22089661667026844,0.13238610049988234
-0.09999999999999942,0.45000000000000007,0.25,0,0,1,0.4683598167257965,0.000244266531598687,0.0,0.6455171384095824,0.22228203166719915,0.1122573683395693
-0.09999999999999942,0.5000000000000001,0.25,0,0,1,0.376976732817691,0.00028559528520793657,0.0,0.6113556956891661,0.22009025161058815,0.10028000072688097
-0.14999999999999947,0.5000000000000001,0.25,0,0,1,0.29678845828873246,0.00028803485248806625,0.0,0.6842199217275726,0.22221547106772455,0.12354349781283791
-0.1999999999999995,0.5000000000000001,0.25,0,0,1,0.23430677507350967,0.00013612449097537938,0.0,0.749709273866292,0.22332489332667005,0.14208350718776577
-0.24999999999999956,0.5000000000000001,0.25,0,0,1,0.2168915776058565,8.807668287110606e-05,0.0,0.8129083795257638,0.22373351260865323,0.15745431101512652
-0.2999999999999996,0.5000000000000001,0.25,0,0,1,0.214003958612145,6.532578531577595e-05,0.0,0.8747673901153898,0.22339075472820105,0.16929822412832368
-0.34999999999999964,0.5000000000000001,0.25,0,0,1,0.21172455356797606,5.2977077926589834e-05,0.0,0.9352970221869557,0.22210898692302453,0.17643877934461236
-0.3999999999999997,0.5000000000000001,0.25,0,0,1,0.20950348133202193,4.6041485215361415e-05,0.0,0.964411514605501,0.21931548838244427,0.1780847523952278
-0.44999999999999973,0.5000000000000001,0.25,0,0,1,0.20667877274893867,4.291107796268281e-05,0.0,0.8876526233332509,0.21449270421852334,0.17533579586868805
-0.4999999999999998,0.5000000000000001,0.25,0,0,1,0.20255968208107772,4.352744191632894e-05,0.0,0.8295837472853158,0.20725828522740516,0.17070627039640537
-0.5499999999999998,0.5000000000000001,0.25,0,0,1,0.19646354232505514,4.7917307436747205e-05,0.0,0.7910961024735155,0.19727089801364361,0.1666463736322211
-0.5999999999999999,0.5000000000000001,0.25,0,0,1,0.18913534559898748,5.447254239024388e-05,0.0,0.7728513638133108,0.18423085386618818,0.1649101870244037
-0.6499999999999999,0.5000000000000001,0.25,0,0,1,0.17977532387957662,5.907270640291911e-05,0.0,0.7750777206679258,0.1673068721492641,0.16634848013845907
-0.7,0.5000000000000001,0.25,0,0,1,0.16574579455799332,5.834869032312914e-05,0.0,0.797553387206499,0.14501532535285072,0.1707642477170022
-0.75,0.5000000000000001,0.25,0,0,1,0.1430595943691421,5.363709752619159e-05,0.0,0.8397672180755804,0.11430189931331383,0.1769338552729543
-0.75,0.5500000000000002,0.25,0,0,1,0.11990597065522447,6.049906477394427e-05,0.0,1.0045832904515626,0.0762300308918598,0.183210103445237
-0.7,0.5500000000000002,0.25,0,0,1,0.1580009527066339,4.315078068764833e-05,0.0,0.9628604972392725,0.11804010757482195,0.1815707550822629
-0.6499999999999999,0.5500000000000002,0.25,0,0,1,0.17827729393398123,4.6617894737570076e-05,0.0,0.9404933079440982,0.1451287113816784,0.1799147613194335
-0.5999999999999999,0.5500000000000002,0.25,0,0,1,0.19096354886201128,4.939730937284487e-05,0.0,0.9376480484815168,0.1649690167598569,0.1790719059365329
-0.5499999999999998,0.5500000000000002,0.25,0,0,1,0.19937607088094486,4.9978128338570804e-05,0.0,0.9543748278399247,0.18000261013192978,0.17912976880405662
-0.4999999999999998,0.5500000000000002,0.25,0,0,1,0.20500282095556124,4.871776877640227e-05,0.0,0.9905189492970701,0.19140651907315331,0.1793931676547778
-0.44999999999999973,0.5500000000000002,0.25,0,0,1,0.2097765174950252,4.774921439743658e-05,0.0,0.945765490677018,0.1999864499820318,0.17858539457806175
-0.3999999999999997,0.5500000000000002,0.25,0,0,1,0.21466604692784041,4.947460243963572e-05,0.0,0.8946918978173561,0.20628404099338854,0.17530839927055167
-0.34999999999999964,0.5500000000000002,0.25,0,0,1,0.21863093204097744,5.598683210483666e-05,0.0,0.8407627604476948,0.210506727507256,0.16865390245270115
-0.2999999999999996,0.5500000000000002,0.25,0,0,1,0.2221912395164648,6.994588564867237e-05,0.0,0.7850247239982945,0.21295110611457294,0.15849395479567718
-0.24999999999999956,0.5500000000000002,0.25,0,0,1,0.22575652041891295,9.699802626390805e-05,0.0,0.7277722286573505,0.2138393886596389,0.14509788962640804
-0.1999999999999995,0.5500000000000002,0.25,0,0,1,0.22952550752318499,0.00015348061972530737,0.0,0.6680673364536269,0.2132633132516582,0.12839796276089865
-0.14999999999999947,0.5500000000000002,0.25,0,0,1,0.25316000364483315,0.000303425102290688,0.0,0.6020842082954578,0.21123967230227142,0.10706976460208405
-0.09999999999999942,0.5500000000000002,0.25,0,0,1,0.30195157425187197,0.0009661185439991184,0.0,0.516364289192538,0.20769234781991025,0.0760964180386594
-0.09999999999999942,0.6000000000000002,0.25,0,0,0,0.2505223801175804,0.0024531314419613454,0.0,0.11881655475171926,0.18984046476322455,0.0003954370611038841
-0.14999999999999947,0.6000000000000002,0.25,0,0,1,0.2351041157994384,0.00033815151495888437,0.0,0.5287123315844298,0.1942285850067926,0.07775565220731012
-0.1999999999999995,0.6000000000000002,0.25,0,0,1,0.23173021370270472,0.0006057729813634633,0.0,0.6203260142179365,0.1968396961751583,0.1082539948163201
-0.24999999999999956,0.6000000000000002,0.25,0,0,1,0.22796296245191316,0.00017750377971189566,0.0,0.6901502654636957,0.19757144818081387,0.12877829144102873
-0.2999999999999996,0.6000000000000002,0.25,0,0,1,0.22387053312291827,9.83963483693896e-05,0.0,0.7520393214554923,0.1964522044942987,0.14435321315316205
-0.34999999999999964,0.6000000000000002,0.25,0,0,1,0.22059643593506392,6.778958193067083e-05,0.0,0.8089221502283441,0.1935066799839664,0.15627541350233617
-0.3999999999999997,0.6000000000000002,0.25,0,0,1,0.21765215162546492,5.268792896320443e-05,0.0,0.8613369588210182,0.18855823536712396,0.1650888049325287
-0.44999999999999973,0.6000000000000002,0.25,0,0,1,0.21361801140298936,4.476635681887887e-05,0.0,0.9087134150661741,0.18125155037575746,0.17121022982769268
-0.4999999999999998,0.6000000000000002,0.25,0,0,1,0.20786110343767855,4.103816974858752e-05,0.0,0.9499107861360154,0.17115370997104046,0.17519070108187584
-0.5499999999999998,0.6000000000000002,0.25,0,0,1,0.19948844056328388,3.9863661740299e-05,0.0,0.9834941022544124,0.15761097013457712,0.17768714706903754
-0.5999999999999999,0.6000000000000002,0.25,0,0,1,0.18697952342175603,3.99851006466409e-05,0.0,1.0079604777095494,0.13952077804152258,0.1792581829718584
-0.6499999999999999,0.6000000000000002,0.25,0,0,1,0.16710501858706703,4.0465780387187305e-05,0.0,1.0219582369756919,0.11464637577674551,0.18014553541908324
-0.7,0.6000000000000002,0.25,0,0,1,0.1302860856215613,4.098326803078671e-05,0.0,1.0244531022123402,0.07643981551948367,0.18016600397187857
-0.75,0.6000000000000002,0.25,0,0,1,0.04264833867253534,4.196857268064389e-05,0.0,1.0147714170499047,0.014642420630096822,0.17875651970681586
-0.75,0.6500000000000002,0.25,0,0,1,0.13120833985295932,9.232872817982333e-05,0.0,0.8964095783511056,0.04475866822348579,0.16191453496397484
-0.7,0.6500000000000002,0.25,0,0,1,0.04905593129695012,4.066963028874856e-05,0.0,0.9079941419165822,0.02132250602262326,0.1656490758784043
-0.6499999999999999,0.6500000000000002,0.25,0,0,1,0.1270003750826557,4.02994551775917e-05,0.0,0.9077890712543495,0.06464542867322906,0.16720109611249126
-0.5999999999999999,0.6500000000000002,0.25,0,0,1,0.16879990845309317,4.1485391089803046e-05,0.0,0.8965805489975536,0.10338387718081321,0.16694196602265055
-0.5499999999999998,0.6500000000000002,0.25,0,0,1,0.1905785409980192,4.390514076021377e-05,0.0,0.8753979592711228,0.1273955757146005,0.16502668543426552
-0.4999999999999998,0.6500000000000002,0.25,0,0,1,0.20421935654226886,4.786728720574074e-05,0.0,0.8454015203409773,0.1443849443425635,0.1613677797339073
-0.44999999999999973,0.6500000000000002,0.25,0,0,1,0.21346180717850555,5.455134298447035e-05,0.0,0.8077636219078761,0.15675413858591758,0.15568162441108924
-0.3999999999999997,0.6500000000000002,0.25,0,0,1,0.22003347172685697,6.647833222001077e-05,0.0,0.7634521685792646,0.16563406604482506,0.14755598010645238
-0.34999999999999964,0.6500000000000002,0.25,0,0,1,0.22492239198436992,8.912180097372672e-05,0.0,0.7128923723898875,0.1716586932386129,0.1364558176306229
-0.2999999999999996,0.6500000000000002,0.25,0,0,1,0.22878058656819966,0.00013729462445164435,0.0,0.6553304744728206,0.17520830398359175,0.12154483408199032
-0.24999999999999956,0.6500000000000002,0.25,0,0,1,0.23206796632017407,0.00026710969330142226,0.0,0.5871841293823619,0.17650130618465718,0.10105458036643683
-0.1999999999999995,0.6500000000000002,0.25,0,0,1,0.23509203274958848,0.000848436100701441,0.0,0.49553707271768666,0.17563062591038228,0.06984192283874181
-0.14999999999999947,0.6500000000000002,0.25,0,0,0,0.23799579879570248,0.006557441979857317,0.0,0.09849377772419787,0.1725778523657983,4.085157955363717e-05
-0.09999999999999942,0.6500000000000002,0.25,0,0,0,0.240713430670783,0.12608583659124906,0.0,0.05614056448266158,0.16721556283890848,0.05225028850955595
-0.09999999999999942,0.7000000000000002,0.25,0,0,0,0.23656903992608821,2.1907073846995435,0.0,0.0,0.13778871239733692,0.0434194379659408
-0.14999999999999947,0.7000000000000002,0.25,0,0,0,0.23594671234705392,0.056655534458826214,0.0,0.03674625054802094,0.14430035673940117,0.09336773274257638
-0.1999999999999995,0.7000000000000002,0.25,0,0,0,0.23388120154825243,0.02036150451598611,0.0,0.08726089407253323,0.14792438490213747,0.0329739517092842
-0.24999999999999956,0.7000000000000002,0.25,0,0,1,0.23070075465401238,0.0014501713509941147,0.0,0.42968658934527526,0.14885867139105544,0.04422394084238232
-0.2999999999999996,0.7000000000000002,0.25,0,0,1,0.22638011129942043,0.0012510572190675504,0.0,0.546027651998205,0.147124457437888,0.08337698739036803
-0.34999999999999964,0.7000000000000002,0.25,0,0,1,0.2206004302430102,0.0002170565775755745,0.0,0.6168396059885171,0.14257352069113613,0.10495973920365242
-0.3999999999999997,0.7000000000000002,0.25,0,0,1,0.21271094571829682,0.0001092144604545954,0.0,0.6727468829412375,0.13484724993974015,0.12005807530660541
-0.44999999999999973,0.7000000000000002,0.25,0,0,1,0.20153237775947408,7.314941513060161e-05,0.0,0.7178606709161892,0.1232515647245441,0.13071876513964295
-0.4999999999999998,0.7000000000000002,0.25,0,0,1,0.18474200663695092,5.817695044170311e-05,0.0,0.7537154115067772,0.10639576298952513,0.1380403346502505
-0.5499999999999998,0.7000000000000002,0.25,0,0,1,0.15658611444304996,5.156928598892224e-05,0.0,0.7804068695105033,0.08083423332084573,0.14258632831122992
-0.5999999999999999,0.7000000000000002,0.25,0,0,1,0.09487919791609972,4.94041365201196e-05,0.0,0.797407572875137,0.02819001586345078,0.14462699039984864
-0.6499999999999999,0.7000000000000002,0.25,0,0,1,0.07694740586227039,5.040935154115494e-05,0.0,0.8038987372724448,0.023112576377477975,0.14420567107391583
-0.7,0.7000000000000002,0.25,0,0,1,0.20690477244537106,5.471907650693973e-05,0.0,0.7988774186117124,0.04510843235610053,0.14115088196074818
-0.75,0.7000000000000002,0.25,0,0,1,0.4429154244020768,6.403668642666804e-05,0.0,0.7810823633503707,0.04450621720297153,0.13506723234518403
-0.75,0.7500000000000002,0.25,0,0,1,0.543318232684016,0.0008027307735707712,0.0,0.6139919656953043,0.16862326278501916,0.09181889602921313
-0.7,0.7500000000000002,0.25,0,0,1,0.4615939497256874,9.507730810228435e-05,0.0,0.6412938774338757,0.044524235958235577,0.10130143141387257
-0.6499999999999999,0.7500000000000002,0.25,0,0,1,0.9915299360584853,7.946045876464449e-05,0.0,0.6535346677722189,0.04269029022600893,0.10657972038160986
-0.5999999999999999,0.7500000000000002,0.25,0,0,1,0.15519690470172948,7.733815692331857e-05,0.0,0.6516220092335179,0.045131438816920125,0.10791772455843106
-0.5499999999999998,0.7500000000000002,0.25,0,0,1,0.06133542952840763,8.58890202248132e-05,0.0,0.6369648538644168,0.021271044242541788,0.10557814488147005
-0.4999999999999998,0.7500000000000002,0.25,0,0,1,0.09796027913540627,0.0001091241930756798,0.0,0.6099300084567176,0.024575746002014093,0.09937278526628215
-0.44999999999999973,0.7500000000000002,0.25,0,0,1,0.1532810995524601,0.0001658291923538822,0.0,0.5694141137205218,0.06824965905390887,0.08850543093932273
-0.3999999999999997,0.7500000000000002,0.25,0,0,1,0.1797303542222643,0.00034134161174148554,0.0,0.5107515265859262,0.08831572322890806,0.07083334200203155
-0.34999999999999964,0.7500000000000002,0.25,0,0,1,0.19528055183788082,0.0013967165897620195,0.0,0.414742182880373,0.10029400587559857,0.03895652286903377
-0.2999999999999996,0.7500000000000002,0.25,0,0,0,0.20507051386076366,0.014870211294227654,0.0,0.10051928378064567,0.10708167684261724,0.021822797512954326
-0.24999999999999956,0.7500000000000002,0.25,0,0,0,0.21099603291734062,0.038034764720115195,0.0,0.0,0.10974472343042269,0.04547185683594398
-0.1999999999999995,0.7500000000000002,0.25,0,0,0,0.21369272443271603,0.8119869590985067,0.0,0.0,0.1086560173765178,0.045426908964622544
-0.14999999999999947,0.7500000000000002,0.25,0,0,0,0.2129302375740197,2.459314033012275,0.0,0.0,0.10374189667571614,0.04256886150601521
-0.09999999999999942,0.7500000000000002,0.25,0,0,0,0.2073913744282188,0.7408290397874371,0.0,0.26823320491866065,0.09442247890377893,0.0859811666676164
-0.09999999999999942,0.8000000000000003,0.25,0,0,0,0.10250008721474797,2.649694657199592,0.0,0.0,0.016159889934636525,0.045571845676607686
-0.14999999999999947,0.8000000000000003,0.25,0,0,0,0.08703374950222949,1.2724183705256475,0.0,0.8598527068143372,0.0015595032538330029,0.09565792770670689
-0.1999999999999995,0.8000000000000003,0.25,0,0,0,0.10590732914971605,0.24241538244240998,0.0,0.9474740019899794,0.021125935469495025,0.16062334868278538
-0.24999999999999956,0.8000000000000003,0.25,0,0,0,0.10874533505004709,2.4236472892045064,0.0,0.0,0.02556686031499841,0.03794856434773696
-0.2999999999999996,0.8000000000000003,0.25,0,0,0,0.07418099177518667,0.17316504877539673,0.0,0.05557007979295858,0.010329872052355644,0.031125984803214938
-0.34999999999999964,0.8000000000000003,0.25,0,0,0,0.08484525833965886,0.22968126717826903,0.0,0.08227457020766149,0.0008905133524222458,0.04435219176248437
-0.3999999999999997,0.8000000000000003,0.25,0,0,0,0.11053874947098266,0.026331214997306385,0.0,0.09342944770811745,0.02867892993490023,0.05458050630718468
-0.44999999999999973,0.8000000000000003,0.25,0,0,0,0.18769336953369214,0.01521472756303342,0.0,0.1104867281442461,0.009293913467288535,0.021959171646223893
-0.4999999999999998,0.8000000000000003,0.25,0,0,0,0.08066301812159161,0.004303482330788088,0.0,0.12630632636690842,0.11067264148909291,0.00016425590710904812
-0.5499999999999998,0.8000000000000003,0.25,0,0,1,2.4358327980206114,0.0015668718285687974,0.0,0.3665935800438711,0.1036685197466317,0.019415741530685128
-0.5999999999999999,0.8000000000000003,0.25,0,0,1,0.3269149200402187,0.0013335073456645168,0.0,0.3886066067318843,0.017571727129140523,0.026036499028786193
-0.6499999999999999,0.8000000000000003,0.25,0,0,1,0.6692913718069992,0.0009317987937148422,0.0,0.3689558635383223,0.046680375724579955,0.018709168407981324
-0.7,0.8000000000000003,0.25,0,0,0,1.0484954453920634,0.00350900543908528,0.0,0.14608561764651662,0.11937335886649068,0.0002630795283882895
-0.75,0.8000000000000003,0.25,0,0,0,0.32278842876716063,0.01348463489416056,0.0,0.1260507059509628,0.04402016577085362,0.019792673636962053
-0.75,0.8500000000000002,0.25,0,0,0,2.272042579039103,0.7302549473968125,0.0,0.10480823399190647,0.04393078265706825,0.03022158259235472
-0.7,0.8500000000000002,0.25,0,0,0,1.7832479716169836,0.05648884356461492,0.0,0.10173549940817384,0.1289899858433357,0.1268628212038316
-0.6499999999999999,0.8500000000000002,0.25,0,0,0,2.2939760684979285,0.06193368751362982,0.0,0.11089326910441599,0.19208896846143617,0.11425182973327129
-0.5999999999999999,0.8500000000000002,0.25,0,0,0,2.308425839153808,0.05420635652309197,0.0,0.11295462362897601,0.18005902114920555,0.011744998493145031
-0.5499999999999998,0.8500000000000002,0.25,0,0,0,2.7697089972641775,0.05111103602626074,0.0,0.08621005813172888,0.11376909591773517,0.11772892540085254
-0.4999999999999998,0.8500000000000002,0.25,0,0,0,0.5747907292542372,0.059248688079374334,0.0,0.05723759329364553,0.0452739708627619,0.1320076597029785
-0.44999999999999973,0.8500000000000002,0.25,0,0,0,1.424492166032523,0.11348470073489629,0.0,0.09793162811765033,0.22412627399191612,0.014180004528716702
-0.3999999999999997,0.8500000000000002,0.25,0,0,0,1.2533584584747848,1.7616326265743532,0.0,0.0,0.21366370868461107,0.118735551223325
-0.34999999999999964,0.8500000000000002,0.25,0,0,0,0.16577658454147612,2.192571328968691,0.0,0.0,0.045032089123212014,0.02117117870577547
-0.2999999999999996,0.8500000000000002,0.25,0,0,0,0.14274773134515906,1.2784534295277068,0.0,0.0,0.09702545315892047,0.04310393895195316
-0.24999999999999956,0.8500000000000002,0.25,0,0,0,0.594974588866973,1.2224353466569322,0.0,0.0,0.02465995000799768,0.0449553281092125
-0.1999999999999995,0.8500000000000002,0.25,0,0,0,0.6056418268213786,2.7403286562574416,0.0,0.0,0.02475779951328,0.04480972147995566
-0.14999999999999947,0.8500000000000002,0.25,0,0,0,0.2692837839296809,1.3735419917331533,0.0,0.0,0.00924177614311078,0.13012852924480933
-0.09999999999999942,0.8500000000000002,0.25,0,0,0,0.1897142485536815,2.662498520565248,0.0,0.0,0.04497106681049806,0.045571845676607686
-0.09999999999999942,0.9000000000000002,0.25,0,0,0,0.5930469787437963,2.6761754366319495,0.0,0.0,0.04367852846090081,0.045571845676607686
-0.14999999999999947,0.9000000000000002,0.25,0,0,0,0.5285449276937222,2.37991630960546,0.0,0.0,0.015245874188053309,0.13070296020537717
-0.1999999999999995,0.9000000000000002,0.25,0,0,0,0.4951760997726819,1.9775482394645842,0.0,0.0,0.04781823983174979,0.0259582229843268
-0.24999999999999956,0.9000000000000002,0.25,0,0,0,1.3890009949027118,0.6422929468218032,0.0,0.46656082050540304,0.04691059571371069,0.21434899779533018
-0.2999999999999996,0.9000000000000002,0.25,0,0,0,0.28878874655492576,1.340837266451857,0.0,0.0,0.2016616446051389,0.10706176702520406
-0.34999999999999964,0.9000000000000002,0.25,0,0,0,1.0847349875721524,1.742981611693421,0.0,0.0,0.17487551582059271,0.11371495231460586
-0.3999999999999997,0.9000000000000002,0.25,0,0,0,0.17704202313331843,1.3699374402341908,0.0,0.0,0.04537911938416073,0.10897214844438811
-0.44999999999999973,0.9000000000000002,0.25,0,0,0,0.3366639789242498,3.288060822759343,0.0,0.0,0.20318800732792938,0.13517243191977077
-0.4999999999999998,0.9000000000000002,0.25,0,0,0,1.5960373828673216,1.1603752210168283,0.0,0.0,0.2251291107189442,0.1087732629700572
-0.5499999999999998,0.9000000000000002,0.25,0,0,0,0.5779170112644139,2.5521490421978097,0.0,0.0,0.043280025609083166,0.04622730089841096
-0.5999999999999999,0.9000000000000002,0.25,0,0,0,2.1912046805799332,2.5283438504474236,0.0,0.0,0.037956489974362934,0.0439368352568237
-0.6499999999999999,0.9000000000000002,0.25,0,0,0,1.9811571639578278,2.4118072378625977,0.0,0.0,0.18152000142495264,0.03617587327097783
-0.7,0.9000000000000002,0.25,0,0,0,2.4436989191984844,2.435988290935808,0.0,0.0,0.1494306342052819,0.04068969971138085
-0.75,0.9000000000000002,0.25,0,0,0,1.3220579994281165,1.6373375708761717,0.0,0.0,0.03494442014169085,0.04623552007182016
-0.75,0.9500000000000003,0.25,0,0,0,2.404902260258789,1.7142257744741145,0.0,0.0,0.1950014886148963,0.04578459085851409
-0.7,0.9500000000000003,0.25,0,0,0,2.049428980654475,2.7963452509263345,0.0,0.0,0.12734060928560811,0.044114410483314596
-0.6499999999999999,0.9500000000000003,0.25,0,0,0,0.9922900338846137,0.3460656316784444,0.0,0.1439540981612919,0.0454578311169683,0.18381096721518397
-0.5999999999999999,0.9500000000000003,0.25,0,0,0,1.9540028775428362,2.5586843159801576,0.0,0.0,0.13750036827685766,0.046235366461755426
-0.5499999999999998,0.9500000000000003,0.25,0,0,0,1.5317638042555854,3.293546805022041,0.0,0.0,0.18936267539763205,0.03228487559365834
-0.4999999999999998,0.9500000000000003,0.25,0,0,0,1.572857295098715,2.5043525803266196,0.0,0.0,0.21574326384683606,0.14628822093636248
-0.44999999999999973,0.9500000000000003,0.25,0,0,0,1.3877618046548785,0.31400617219953014,0.0,0.0,0.19879687691955014,0.21143493385267725
-0.3999999999999997,0.9500000000000003,0.25,0,0,0,0.5747985025552388,0.805840433572092,0.0,0.03492291945515946,0.04509831263239116,0.07596916662356594
-0.34999999999999964,0.9500000000000003,0.25,0,0,0,0.26745438955515666,2.97922649039938,0.0,0.0,0.04526263191521565,0.04552621198125765
-0.2999999999999996,0.9500000000000003,0.25,0,0,0,0.47037802792115174,2.5269829616710098,0.0,0.0,0.04400439218453261,0.0458430769798526
-0.24999999999999956,0.9500000000000003,0.25,0,0,0,0.41306034825760174,1.6969149473068008,0.0,0.0,0.000752425334060475,0.04726305164095403
-0.1999999999999995,0.9500000000000003,0.25,0,0,0,0.7364855488930647,2.3212802058327333,0.0,0.0,0.024227551030706652,0.13105053516903808
-0.14999999999999947,0.9500000000000003,0.25,0,0,0,0.5909509794003004,2.6689495227078117,0.0,0.0,0.15750217886733148,0.045571845676607686
-0.09999999999999942,0.9500000000000003,0.25,0,0,0,0.4992700422853226,2.423753608312609,0.0,0.0,0.07694624269033686,0.13070296020537728
-0.09999999999999942,1.0000000000000002,0.25,0,0,0,0.8560306235238843,2.589885853159843,0.0,0.0,0.0501290354257308,0.1307029602053773
-0.14999999999999947,1.0000000000000002,0.25,0,0,0,0.6714006747502829,2.3885888185516126,0.0,0.0,0.15408070308843122,0.1308157140074901
-0.1999999999999995,1.0000000000000002,0.25,0,0,0,0.6704885097593181,2.4701490223503693,0.0,0.0,0.045209481692284066,0.221131669091036
-0.24999999999999956,1.0000000000000002,0.25,0,0,0,1.0991308843225738,3.2566822046115758,0.0,0.0,0.1279528703624327,0.04358723674589482
-0.2999999999999996,1.0000000000000002,0.25,0,0,0,0.9632844297649884,2.205687622670033,0.0,0.0,0.07341018707600104,0.10957041613714459
-0.34999999999999964,1.0000000000000002,0.25,0,0,0,0.5493391532318378,2.4921740680211166,0.0,0.0,0.04516816767541987,0.04622176984751744
-0.3999999999999997,1.0000000000000002,0.25,0,0,0,1.1525100745384946,1.994532261282235,0.0,0.0,0.12485189325716323,0.13508708891625204
-0.44999999999999973,1.0000000000000002,0.25,0,0,0,1.3543040681853293,3.290038948725983,0.0,0.0,0.17343256453163577,0.022610857215465616
-0.4999999999999998,1.0000000000000002,0.25,0,0,0,0.3731276096270993,3.017057253208917,0.0,0.0,0.04529292620862957,0.04477797992635621
-0.5499999999999998,1.0000000000000002,0.25,0,0,0,0.5329720067469846,0.846390925197268,0.0,0.041653580774766,0.04513396603078108,0.11062997947887959
-0.5999999999999999,1.0000000000000002,0.25,0,0,0,2.1162753038435436,2.4480182387902025,0.0,0.0,0.22675101852578317,0.04589524427447651
-0.6499999999999999,1.0000000000000002,0.25,0,0,0,1.669954561562979,2.441380198607576,0.0,0.0,0.1707515685680967,0.046284793450250813
-0.7,1.0000000000000002,0.25,0,0,0,2.054201651985545,2.522560533499297,0.0,0.0,0.22158701410945927,0.04614075901748551
-0.75,1.0000000000000002,0.25,0,0,0,2.2817955035434334,2.522759579609102,0.0,0.0,0.07754418963271187,0.046031686030994966
-0.75,1.0000000000000002,0.30000000000000004,0,0,0,2.5885178862430047,1.9899060870773924,0.0,0.0,0.17642019911965748,0.09836682374606438
-0.7,1.0000000000000002,0.30000000000000004,0,0,0,2.2974965806695997,2.492524043882244,0.0,0.0,0.2133810017432793,0.04622150620353151
-0.6499999999999999,1.0000000000000002,0.30000000000000004,0,0,0,2.6815576186824277,2.394500696947908,0.0,0.0,0.16341103361750328,0.04617424973274605
-0.5999999999999999,1.0000000000000002,0.30000000000000004,0,0,0,0.650889300704922,2.4090038124899897,0.0,0.0,0.05104226725901701,0.046180543999004786
-0.5499999999999998,1.0000000000000002,0.30000000000000004,0,0,0,2.1846121958331097,2.2405408848184103,0.0,0.0,0.12264608750686466,0.13157053661764828
-0.4999999999999998,1.0000000000000002,0.30000000000000004,0,0,0,2.2242777956757984,1.3358267052319548,0.0,0.0,0.15342857620907271,0.04580372964202306
-0.44999999999999973,1.0000000000000002,0.30000000000000004,0,0,0,0.6460164188913768,1.4414446957882403,0.0,0.01188145855762368,0.13291410145187715,0.09727355716454479
-0.3999999999999997,1.0000000000000002,0.30000000000000004,0,0,0,1.0108812548264061,2.511318335762498,0.0,0.0,0.0752288188777279,0.045888959992491006
-0.34999999999999964,1.0000000000000002,0.30000000000000004,0,0,0,0.6835076654482343,1.8861627494181517,0.0,0.0,0.19145018631306465,0.0024781072918006832
-0.2999999999999996,1.0000000000000002,0.30000000000000004,0,0,0,0.6105067156188126,0.9396000175549506,0.0,0.0,0.17465817127971786,0.11705202449814646
-0.24999999999999956,1.0000000000000002,0.30000000000000004,0,0,0,1.8328269054415784,2.6478742369450488,0.0,0.0,0.04556044155444755,0.045571845676607686
-0.1999999999999995,1.0000000000000002,0.30000000000000004,0,0,0,0.585515445537216,2.5573361822353684,0.0,0.0,0.19342429050195378,0.04624890496186125
-0.14999999999999947,1.0000000000000002,0.30000000000000004,0,0,0,2.031532726989575,2.688776300040107,0.0,0.0,0.1298004889025757,0.045571845676607686
-0.09999999999999942,1.0000000000000002,0.30000000000000004,0,0,0,0.7456889294170473,2.0040880766203757,0.0,0.0,0.11783636363942496,0.12930060143636177
-0.09999999999999942,0.9500000000000003,0.30000000000000004,0,0,0,0.32050683445825673,2.6950215963007262,0.0,0.0,0.044850757417082714,0.045571845676607686
-0.14999999999999947,0.9500000000000003,0.30000000000000004,0,0,0,0.6263121088238857,2.673294109528036,0.0,0.0,0.12693238643652519,0.045571845676607686
-0.1999999999999995,0.9500000000000003,0.30000000000000004,0,0,0,2.2143505086394097,2.6523313117985983,0.0,0.0,0.04508679023357025,0.045571845676607686
-0.24999999999999956,0.9500000000000003,0.30000000000000004,0,0,0,0.775143075735257,3.2695375775218154,0.0,0.0,0.03248160415422672,0.1350456958829073
-0.2999999999999996,0.9500000000000003,0.30000000000000004,0,0,0,0.7671760468429798,2.6127727361114346,0.0,0.0,0.01763931076938394,0.045571845676607686
-0.34999999999999964,0.9500000000000003,0.30000000000000004,0,0,0,1.152743495339731,2.594213052560874,0.0,0.0,0.11830225504954432,0.045571845676607686
-0.3999999999999997,0.9500000000000003,0.30000000000000004,0,0,0,0.9565103577678953,1.0921199025725696,0.0,0.0,0.132769000064487,0.10133635848070606
-0.44999999999999973,0.9500000000000003,0.30000000000000004,0,0,0,0.6091557300088971,2.689783435943383,0.0,0.0,0.04499336470039401,0.044996809965829894
-0.4999999999999998,0.9500000000000003,0.30000000000000004,0,0,0,1.424201839186738,2.2596514964971184,0.0,0.0,0.1148275878571713,0.14219591063126896
-0.5499999999999998,0.9500000000000003,0.30000000000000004,0,0,0,2.5148475315413394,2.8866540181587563,0.0,0.0,0.13640135678253532,0.058758908008398565
-0.5999999999999999,0.9500000000000003,0.30000000000000004,0,0,0,1.8591958154781776,1.1010638752658415,0.0,0.0,0.2160429489341441,0.04503438349276582
-0.6499999999999999,0.9500000000000003,0.30000000000000004,0,0,0,1.7555152096297426,2.4872214887620725,0.0,0.0,0.041342378986927365,0.0462018983635265
-0.7,0.9500000000000003,0.30000000000000004,0,0,0,2.600940327825902,2.005411729377077,0.0,0.0,0.18632425045250384,0.21680434293441192
-0.75,0.9500000000000003,0.30000000000000004,0,0,0,2.376887598561235,2.35395516716502,0.0,0.0,0.19627661568268367,0.045793065200704045
-0.75,0.9000000000000002,0.30000000000000004,0,0,0,3.1732259544293173,2.3752513881299397,0.0,0.0,0.11956749000104082,0.04557184567660781
-0.7,0.9000000000000002,0.30000000000000004,0,0,0,0.8276616342641502,2.336102456737572,0.0,0.0,0.045373092060680444,0.04611002763377529
-0.6499999999999999,0.9000000000000002,0.30000000000000004,0,0,0,0.8104275651759781,1.6260701868721743,0.0,0.0,0.045316756029601585,0.04668833658758453
-0.5999999999999999,0.9000000000000002,0.30000000000000004,0,0,0,0.8645703067063681,2.409244736490198,0.0,0.0,0.047535660344137004,0.045571845676607596
-0.5499999999999998,0.9000000000000002,0.30000000000000004,0,0,0,1.9586421470465527,2.4225326765342308,0.0,0.0,0.1155073598585271,0.04585944845002242
-0.4999999999999998,0.9000000000000002,0.30000000000000004,0,0,0,0.3942649906637771,1.3139730635932756,0.0,0.0,0.042615830199916695,0.02272874317610001
-0.44999999999999973,0.9000000000000002,0.30000000000000004,0,0,0,1.4254795826196158,0.8656026392728469,0.0,0.0,0.21630943925517304,0.024413007832869326
-0.3999999999999997,0.9000000000000002,0.30000000000000004,0,0,0,0.3426547083291221,2.561305284023581,0.0,0.0,0.038468029435465116,0.045571845676607686
-0.34999999999999964,0.9000000000000002,0.30000000000000004,0,0,0,1.0990612113456306,2.5791325608539664,0.0,0.0,0.17786756458804712,0.045571845676607686
-0.2999999999999996,0.9000000000000002,0.30000000000000004,0,0,0,2.086353297793795,1.3149906929770858,0.0,0.0,0.012587320994193038,0.0846334008204756
-0.24999999999999956,0.9000000000000002,0.30000000000000004,0,0,0,0.45567003440847403,2.7880944645000536,0.0,0.0,0.08124717576009699,0.03709715219366861
-0.1999999999999995,0.9000000000000002,0.30000000000000004,0,0,0,0.3454270840817592,2.6375831346001593,0.0,0.0,0.12289116752368527,0.045571845676607686
-0.14999999999999947,0.9000000000000002,0.30000000000000004,0,0,0,1.7108520472087438,0.8385048318342029,0.0,0.0,0.010841270262529916,0.046757557884310796
-0.09999999999999942,0.9000000000000002,0.30000000000000004,0,0,0,0.62052168026008,2.4088115986294123,0.0,0.0,0.17913741147556944,0.1307029602053772
-0.09999999999999942,0.8500000000000002,0.30000000000000004,0,0,0,0.35587283617917165,1.99267817257527,0.0,0.0,0.011546807784630523,0.04539395854163189
-0.14999999999999947,0.8500000000000002,0.30000000000000004,0,0,0,0.1891180032594737,2.3592792444657196,0.0,0.0,0.10867553915672384,0.13072120733772358
-0.1999999999999995,0.8500000000000002,0.30000000000000004,0,0,0,0.1953334227847098,0.41251253288145506,0.0,0.0,0.06292226182950551,0.0452804294791119
-0.24999999999999956,0.8500000000000002,0.30000000000000004,0,0,0,0.18489678729857753,2.2330488862479037,0.0,0.0,0.04501750735848557,0.13147561294304957
-0.2999999999999996,0.8500000000000002,0.30000000000000004,0,0,0,0.14614571760705927,2.583708222560568,0.0,0.0,0.11488173673554355,0.045571845676607686
-0.34999999999999964,0.8500000000000002,0.30000000000000004,0,0,0,0.2745825791056685,1.3983953981818986,0.0,0.0,0.025895230164634703,0.043712865068417706
-0.3999999999999997,0.8500000000000002,0.30000000000000004,0,0,0,0.31808249697616886,2.936665377021075,0.0,0.0,0.07792036170854752,0.10161009453931237
-0.44999999999999973,0.8500000000000002,0.30000000000000004,0,0,0,1.4401880498794017,0.6939526671784562,0.0,0.05071113393582247,0.224851304595622,0.03815487001941345
-0.4999999999999998,0.8500000000000002,0.30000000000000004,0,0,0,0.5717889216333143,0.05156192788464054,0.0,0.0,0.0452222159838774,0.04531959831925693
-0.5499999999999998,0.8500000000000002,0.30000000000000004,0,0,0,0.7413926359976541,0.04823270986485715,0.0,0.16695300564640192,0.10724820597633496,0.10580496329616457
-0.5999999999999999,0.8500000000000002,0.30000000000000004,0,0,0,2.3114571901700836,0.2201140186281835,0.0,0.1700711061942939,0.18085987307511645,0.053091983806179854
-0.6499999999999999,0.8500000000000002,0.30000000000000004,0,0,0,2.8052122219808373,0.25581424213658227,0.0,0.17197072622896248,0.04557184567660769,0.051776277099949634
-0.7,0.8500000000000002,0.30000000000000004,0,0,0,3.231287463089009,0.05042764057351829,0.0,0.17244906824172745,0.1314631006772555,0.11972676655328529
-0.75,0.8500000000000002,0.30000000000000004,0,0,0,2.341120498992365,0.06167815827441538,0.0,0.0,0.21343181030483688,0.04522893229377481
-0.75,0.8000000000000003,0.30000000000000004,0,0,0,2.2815674798733534,0.008804425837337563,0.0,0.1792127747325305,0.22503258567882845,0.0107339317081853
-0.7,0.8000000000000003,0.30000000000000004,0,0,1,0.3759205807896041,0.0016328923512843058,0.0,0.37589244796603666,0.024052528311674076,0.012794243286824113
-0.6499999999999999,0.8000000000000003,0.30000000000000004,0,0,1,2.321681958526999,0.00032453150960948815,0.0,0.46729029849233505,0.20064277246191212,0.030313345896983673
-0.5999999999999999,0.8000000000000003,0.30000000000000004,0,0,1,0.5781342163592016,0.0002568873277925506,0.0,0.488178445014273,0.06690240988383594,0.03771720115663327
-0.5499999999999998,0.8000000000000003,0.30000000000000004,0,0,1,0.679662581155896,0.0005563974115708051,0.0,0.46791530013285487,0.040060882172217205,0.03192210524886227
-0.4999999999999998,0.8000000000000003,0.30000000000000004,0,0,1,0.1484836829511606,0.0018404382464715257,0.0,0.32267739757144026,0.09995320517596296,0.004996700080427955
-0.44999999999999973,0.8000000000000003,0.30000000000000004,0,0,0,0.2028811529723667,0.010431680423087597,0.0,0.17520255601329748,0.015142362330584054,0.014711721646625651
-0.3999999999999997,0.8000000000000003,0.30000000000000004,0,0,0,0.13136304439067525,0.022807984471219785,0.0,0.1684197940222092,0.017807695091971953,0.048988312791328384
-0.34999999999999964,0.8000000000000003,0.30000000000000004,0,0,0,0.14264604247896456,0.04612575356585198,0.0,0.0,0.002742483330110419,0.045499450395740756
-0.2999999999999996,0.8000000000000003,0.30000000000000004,0,0,0,0.17507300058654884,0.05841527314662176,0.0,0.12607629866424253,0.030577730034253296,0.1389677561283283
-0.24999999999999956,0.8000000000000003,0.30000000000000004,0,0,0,0.18663710764678423,0.234727282506275,0.0,0.05766236602137953,0.039893304258290775,0.010458691393427996
-0.1999999999999995,0.8000000000000003,0.30000000000000004,0,0,0,0.1867459354804134,2.4497567653676735,0.0,0.0,0.0372270166304219,0.043896117031041036
-0.14999999999999947,0.8000000000000003,0.30000000000000004,0,0,0,0.16804881978109032,2.4699475722523307,0.0,0.0,0.01671238155779896,0.04525633955505819
-0.09999999999999942,0.8000000000000003,0.30000000000000004,0,0,0,0.15809296275574972,2.654070763500307,0.0,0.0,0.0011749627732025568,0.045571845676607686
-0.09999999999999942,0.7500000000000002,0.30000000000000004,0,0,0,0.2575872000042984,1.1390685897243078,0.0,0.0,0.09919634503342332,0.04420364994512737
-0.14999999999999947,0.7500000000000002,0.30000000000000004,0,0,0,0.2610759540238883,0.17470664637435396,0.0,1.0811017150062712,0.10811959236899556,0.14403627197158872
-0.1999999999999995,0.7500000000000002,0.30000000000000004,0,0,0,0.26052675886446347,0.06549574902446605,0.0,0.0,0.11282885933242043,0.04548775748255389
-0.24999999999999956,0.7500000000000002,0.30000000000000004,0,0,0,0.2567596496000286,0.03907205048928796,0.0,0.0,0.11383621290174471,0.04555650870184683
-0.2999999999999996,0.7500000000000002,0.30000000000000004,0,0,0,0.25000512454974194,0.010169331284809218,0.0,0.1719968520886781,0.11121282640467223,0.014088617215191909
-0.34999999999999964,0.7500000000000002,0.30000000000000004,0,0,1,0.2400494464031844,0.0003351349320841242,0.0,0.5062306620065069,0.10463671723041028,0.04492079836847181
-0.3999999999999997,0.7500000000000002,0.30000000000000004,0,0,1,0.226138147731548,0.0006260952329712363,0.0,0.6061549365296519,0.09319827746868575,0.07616430020931317
-0.44999999999999973,0.7500000000000002,0.30000000000000004,0,0,1,0.20635920240989122,0.00016138074267363318,0.0,0.6633784269727416,0.07456340318418513,0.09235988428423511
-0.4999999999999998,0.7500000000000002,0.30000000000000004,0,0,1,0.17298156439479342,0.00010027218441375852,0.0,0.7037835592283379,0.039089174583332414,0.10268263482290758
-0.5499999999999998,0.7500000000000002,0.30000000000000004,0,0,1,0.1633478205864364,7.973277585879286e-05,0.0,0.7304741643531778,0.025755642538499837,0.10866915186906216
-0.5999999999999999,0.7500000000000002,0.30000000000000004,0,0,1,0.15393438325399375,7.432951046058527e-05,0.0,0.744393770164198,0.0880075188697505,0.11100600225119646
-0.6499999999999999,0.7500000000000002,0.30000000000000004,0,0,1,0.10191317704815597,7.82883154444417e-05,0.0,0.7452158282288228,0.045016861959860786,0.10984280591537095
-0.7,0.7500000000000002,0.30000000000000004,0,0,1,0.11858719401928655,9.32409749948534e-05,0.0,0.7316985372890321,0.15708564374505957,0.10491587629901546
-0.75,0.7500000000000002,0.30000000000000004,0,0,1,0.35461635737997266,0.00013039581290320216,0.0,0.7013273948989198,0.19294424651477574,0.09545930070435867
-0.75,0.7000000000000002,0.30000000000000004,0,0,1,2.097723079848954,0.0007065178648723208,0.0,0.8743062985149732,0.20780758236264424,0.13747160593973767
-0.7,0.7000000000000002,0.30000000000000004,0,0,1,0.10007225427430577,5.100117752796284e-05,0.0,0.892892913504608,0.07915155316544319,0.14277518520396024
-0.6499999999999999,0.7000000000000002,0.30000000000000004,0,0,1,0.1026793742850846,4.849482442629625e-05,0.0,0.8997505239196903,0.016630143435864952,0.14545611214659007
-0.5999999999999999,0.7000000000000002,0.30000000000000004,0,0,1,0.16913208013948178,4.955088319328923e-05,0.0,0.8944958034070278,0.04126654952283978,0.1456301406159652
-0.5499999999999998,0.7000000000000002,0.30000000000000004,0,0,1,0.20851683750254327,5.350431666005004e-05,0.0,0.8780154870945593,0.08615936938232423,0.1434971982580046
-0.4999999999999998,0.7000000000000002,0.30000000000000004,0,0,1,0.23231938862951418,6.105330148370268e-05,0.0,0.8510899067004285,0.11048265467430159,0.1390287200138623
-0.44999999999999973,0.7000000000000002,0.30000000000000004,0,0,1,0.24983396518809783,7.474870273629905e-05,0.0,0.8142823799950005,0.12688298648500604,0.1319594075266896
-0.3999999999999997,0.7000000000000002,0.30000000000000004,0,0,1,0.26334880602194594,0.00010130855448991216,0.0,0.7676009017705125,0.13829959972377162,0.12174117967735947
-0.34999999999999964,0.7000000000000002,0.30000000000000004,0,0,1,0.2739489659833553,0.00016084248444134534,0.0,0.7096976603488554,0.1459803787643339,0.10733820939130503
-0.2999999999999996,0.7000000000000002,0.30000000000000004,0,0,1,0.28225560197607963,0.00033812095923198407,0.0,0.6355393292583986,0.15055955977048044,0.08645444684600917
-0.24999999999999956,0.7000000000000002,0.30000000000000004,0,0,1,0.28862661820289864,0.0013428592897502796,0.0,0.5254737861768239,0.1523644693938085,0.05173413932233003
-0.1999999999999995,0.7000000000000002,0.30000000000000004,0,0,0,0.29321719832163623,0.01648873057351109,0.0,0.15154220403066804,0.1515262539228819,0.023736301005896868
-0.14999999999999947,0.7000000000000002,0.30000000000000004,0,0,0,0.2959816030684428,0.049689415357916156,0.0,0.0,0.14801735922876444,0.045572165618825294
-0.09999999999999942,0.7000000000000002,0.30000000000000004,0,0,0,0.29662950466707977,2.204536650232123,0.0,0.0,0.1416456105810092,0.04431071077065697
-0.09999999999999942,0.6500000000000002,0.30000000000000004,0,0,0,0.31914318256825075,0.040136929114515954,0.0,0.0,0.17111310323019863,0.04559891247713759
-0.14999999999999947,0.6500000000000002,0.30000000000000004,0,0,0,0.3165263544091332,0.0031043875379755358,0.0,0.1834753249867851,0.1763780525698983,0.00024325894060833338
-0.1999999999999995,0.6500000000000002,0.30000000000000004,0,0,1,0.3126683108835683,0.0007479712436795535,0.0,0.5882055661033141,0.1793211576397042,0.07405831848399382
-0.24999999999999956,0.6500000000000002,0.30000000000000004,0,0,1,0.3077053443891427,0.0005314289350320335,0.0,0.6829922744471184,0.18007017535901693,0.10321679752030744
-0.2999999999999996,0.6500000000000002,0.30000000000000004,0,0,1,0.3016106406283571,0.00016795691004497338,0.0,0.7542705158475156,0.17865128067804162,0.12249077654156282
-0.34999999999999964,0.6500000000000002,0.30000000000000004,0,0,1,0.2942154679118727,9.45204626397895e-05,0.0,0.8149264253208576,0.1749859399040363,0.13660729515577905
-0.3999999999999997,0.6500000000000002,0.30000000000000004,0,0,1,0.2852180987531711,6.629651267870455e-05,0.0,0.867853212173741,0.16887603465535012,0.1470486072460723
-0.44999999999999973,0.6500000000000002,0.30000000000000004,0,0,1,0.27417565525766935,5.302089356019033e-05,0.0,0.9135864096877169,0.15996851881500698,0.15460451195647332
-0.4999999999999998,0.6500000000000002,0.30000000000000004,0,0,1,0.2604596077821332,4.662836374572601e-05,0.0,0.9516067492989668,0.1476706223304983,0.15985482771341625
-0.5499999999999998,0.6500000000000002,0.30000000000000004,0,0,1,0.24312335498592527,4.396640012969676e-05,0.0,0.9809353061663693,0.1309332673192996,0.16329182412783835
-0.5999999999999999,0.6500000000000002,0.30000000000000004,0,0,1,0.22049495601347413,4.334346247256758e-05,0.0,1.000457741132585,0.10759237894663659,0.16526254481024336
-0.6499999999999999,0.6500000000000002,0.30000000000000004,0,0,1,0.18822615350204314,4.382113942945082e-05,0.0,1.009134111433931,0.0712500739513264,0.16586601397745718
-0.7,0.6500000000000002,0.30000000000000004,0,0,1,0.11034322933951012,4.5188044052836176e-05,0.0,1.0061098262487795,0.013477041375716568,0.1648992770606059
-0.75,0.6500000000000002,0.30000000000000004,0,0,1,0.19400690475312066,4.802811795039598e-05,0.0,0.9907009965520729,0.029172147387937115,0.1618868249581856
-0.75,0.6000000000000002,0.30000000000000004,0,0,1,0.11791021168515489,7.594333855204245e-05,0.0,1.1178459971080148,0.0015766024519249223,0.17589209662746882
-0.7,0.6000000000000002,0.30000000000000004,0,0,1,0.19050859634024123,4.038212838732792e-05,0.0,1.1319037766889162,0.08203641213140234,0.17592700139926415
-0.6499999999999999,0.6000000000000002,0.30000000000000004,0,0,1,0.22244731427152853,4.3190638072984306e-05,0.0,1.1119290926980503,0.11851381878775431,0.1748151100035925
-0.5999999999999999,0.6000000000000002,0.30000000000000004,0,0,1,0.24560862334745648,4.66500141959706e-05,0.0,1.107424567578457,0.1428721802554588,0.17332661893354478
-0.5499999999999998,0.6000000000000002,0.30000000000000004,0,0,1,0.26354402870166,4.9500599400542625e-05,0.0,1.0970894957192299,0.16078007285528464,0.17176990440043627
-0.4999999999999998,0.6000000000000002,0.30000000000000004,0,0,1,0.2777969549336936,5.1348293741019115e-05,0.0,1.0626063647196722,0.1742975437577895,0.16988620049877734
-0.44999999999999973,0.6000000000000002,0.30000000000000004,0,0,1,0.2892971523261031,5.337955396539136e-05,0.0,1.019317560646725,0.18446467156790097,0.16694439296708674
-0.3999999999999997,0.6000000000000002,0.30000000000000004,0,0,1,0.29870460420572614,5.8050753948106964e-05,0.0,0.968991051464206,0.19190188139411377,0.16202123872557228
-0.34999999999999964,0.6000000000000002,0.30000000000000004,0,0,1,0.3065345574089422,6.87356275963153e-05,0.0,0.9130400517391043,0.19701672128630573,0.15433120735131525
-0.2999999999999996,0.6000000000000002,0.30000000000000004,0,0,1,0.31319969392092684,9.093994519440452e-05,0.0,0.8521991330623458,0.20008332120736988,0.14337175105783825
-0.24999999999999956,0.6000000000000002,0.30000000000000004,0,0,1,0.31901251314899537,0.00013786425385053106,0.0,0.7860167722346321,0.20126695915446038,0.1286942926712543
-0.1999999999999995,0.6000000000000002,0.30000000000000004,0,0,1,0.3241705830810452,0.00025570293951362533,0.0,0.7114894285714541,0.20062631380455567,0.10917944424186732
-0.14999999999999947,0.6000000000000002,0.30000000000000004,0,0,1,0.32876747780777904,0.0007071761339983964,0.0,0.6179704471598819,0.19815623873052274,0.08104114244233042
-0.09999999999999942,0.6000000000000002,0.30000000000000004,0,0,1,0.34330822017051454,0.0019630295690726937,0.0,0.38260623340123395,0.19392437861437967,0.016061598000928403
-0.09999999999999942,0.5500000000000002,0.30000000000000004,0,0,1,0.39398240588945393,0.00015020395364116076,0.0,0.613914810182197,0.21171780796889555,0.078262363425848
-0.14999999999999947,0.5500000000000002,0.30000000000000004,0,0,1,0.3524306707886126,0.0007165384649649878,0.0,0.7099526281083539,0.21496429481507634,0.10779740477307917
-0.1999999999999995,0.5500000000000002,0.30000000000000004,0,0,1,0.32995053337371755,0.00020733897000216512,0.0,0.7847019145135645,0.21670176674890984,0.12808911437250003
-0.24999999999999956,0.5500000000000002,0.30000000000000004,0,0,1,0.3245272690645775,0.00011628337372305192,0.0,0.8532704476896067,0.2171232470236024,0.14400909012154384
-0.2999999999999996,0.5500000000000002,0.30000000000000004,0,0,1,0.3190266081604527,7.913577420613726e-05,0.0,0.9185624218031824,0.21614597210328404,0.15617914589553508
-0.34999999999999964,0.5500000000000002,0.30000000000000004,0,0,1,0.31306694149093073,5.94527513171347e-05,0.0,0.980994062698444,0.213676665731469,0.1642507983285179
-0.3999999999999997,0.5500000000000002,0.30000000000000004,0,0,1,0.3062831372226423,4.8466661467061084e-05,0.0,1.0399217424609093,0.20948525367039078,0.16801511403485314
-0.44999999999999973,0.5500000000000002,0.30000000000000004,0,0,1,0.298227233764448,4.3543170532519224e-05,0.0,1.03137342686481,0.2032602470943188,0.16821909535721488
-0.4999999999999998,0.5500000000000002,0.30000000000000004,0,0,1,0.28839683575999536,4.365087837295059e-05,0.0,0.9768249926614319,0.1946335681686368,0.16654031530372843
-0.5499999999999998,0.5500000000000002,0.30000000000000004,0,0,1,0.27622890295699787,4.751563931753246e-05,0.0,0.9414439115934297,0.18314239078330616,0.16487836561422375
-0.5999999999999999,0.5500000000000002,0.30000000000000004,0,0,1,0.26103735506798953,5.2584563401880105e-05,0.0,0.9255144206764232,0.16811903505914785,0.16468563983139867
-0.6499999999999999,0.5500000000000002,0.30000000000000004,0,0,1,0.24185782157706506,5.543415566927601e-05,0.0,0.9291047399694032,0.14844303171381365,0.166584706477616
-0.7,0.5500000000000002,0.30000000000000004,0,0,1,0.21707642091030557,5.4342848935792346e-05,0.0,0.952072028714992,0.12184638650265725,0.17023890035574887
-0.75,0.5500000000000002,0.30000000000000004,0,0,1,0.18303755831699353,5.079554975861398e-05,0.0,0.9941863775675626,0.08179425625313762,0.17446639487330348
-0.75,0.5000000000000001,0.30000000000000004,0,0,1,0.20499452826337602,0.00011443272018091155,0.0,0.830895506816975,0.11822672826558696,0.16041975117232665
-0.7,0.5000000000000001,0.30000000000000004,0,0,1,0.2324994261556277,5.625037968966921e-05,0.0,0.7876598092994826,0.14838544687091432,0.1501650723238654
-0.6499999999999999,0.5000000000000001,0.30000000000000004,0,0,1,0.2536131598352132,7.377836144114117e-05,0.0,0.7637600878434392,0.17050287677989795,0.1423317775338384
-0.5999999999999999,0.5000000000000001,0.30000000000000004,0,0,1,0.27023602079778647,9.385802654518771e-05,0.0,0.7598363812715623,0.18741478988584723,0.1387396705443792
-0.5499999999999998,0.5000000000000001,0.30000000000000004,0,0,1,0.2834420799809487,0.00010315202962749358,0.0,0.7764059306854985,0.2004115480490238,0.14021631865201095
-0.4999999999999998,0.5000000000000001,0.30000000000000004,0,0,1,0.29394021678169996,9.310851666965834e-05,0.0,0.813533796559518,0.21019588597739713,0.146125965860504
-0.44999999999999973,0.5000000000000001,0.30000000000000004,0,0,1,0.3022948325464465,7.455590632696237e-05,0.0,0.8707103032662977,0.21720512063214154,0.15447641502235185
-0.3999999999999997,0.5000000000000001,0.30000000000000004,0,0,1,0.3090416556583205,6.122143394303147e-05,0.0,0.9470436861255691,0.22178664402365908,0.16239779326791587
-0.34999999999999964,0.5000000000000001,0.30000000000000004,0,0,1,0.3147311232819153,5.718244523398849e-05,0.0,1.0416426743140024,0.22435533754780299,0.16655092228865054
-0.2999999999999996,0.5000000000000001,0.30000000000000004,0,0,1,0.31990817406327215,6.240569719623535e-05,0.0,1.0060820259464645,0.22550708655056464,0.16417980572558005
-0.24999999999999956,0.5000000000000001,0.30000000000000004,0,0,1,0.3250433529083399,7.839514330784162e-05,0.0,0.9362553358047347,0.22591523623087054,0.15500853336017845
-0.1999999999999995,0.5000000000000001,0.30000000000000004,0,0,1,0.34277639769311175,0.00011266581404742764,0.0,0.8648309026486497,0.2258400855328874,0.14075525495415062
-0.14999999999999947,0.5000000000000001,0.30000000000000004,0,0,1,0.3949647782357446,0.000189793934348462,0.0,0.7904150289051906,0.22528026362724304,0.12276655563745997
-0.09999999999999942,0.5000000000000001,0.30000000000000004,0,0,1,0.464376246996862,0.0004067996661324341,0.0,0.7085572249844814,0.22376847340344777,0.10052380500681336
-0.09999999999999942,0.45000000000000007,0.30000000000000004,0,0,1,0.5516196404859022,0.0002179041293443043,0.0,0.7405824680956892,0.2238007737421704,0.11039742756284754
-0.14999999999999947,0.45000000000000007,0.30000000000000004,0,0,1,0.451546131779884,0.0001934015116822523,0.0,0.8108920403707491,0.22094034070894442,0.13016321046604762
-0.1999999999999995,0.45000000000000007,0.30000000000000004,0,0,1,0.3662110618565285,0.00011661972096793305,0.0,0.8791633166625198,0.21907640779091772,0.1475502223426771
-0.24999999999999956,0.45000000000000007,0.30000000000000004,0,0,1,0.32157556200704124,8.3762228591868e-05,0.0,0.9458337814134011,0.2189508231476591,0.16130794885200808
-0.2999999999999996,0.45000000000000007,0.30000000000000004,0,0,1,0.3159559503500171,6.893814444862663e-05,0.0,1.0106727681419176,0.22070832703893117,0.16754147836766475
-0.34999999999999964,0.45000000000000007,0.30000000000000004,0,0,1,0.311760873724011,6.164127087113467e-05,0.0,0.90381457634364,0.22376571242372534,0.16248626699132157
-0.3999999999999997,0.45000000000000007,0.30000000000000004,0,0,1,0.3073794305360878,5.639072167201888e-05,0.0,0.803583969549237,0.22603455796056343,0.15001824699083036
-0.44999999999999973,0.45000000000000007,0.30000000000000004,0,0,1,0.30208209034786243,5.203210395473749e-05,0.0,0.7210346450183822,0.22544666732249527,0.13538997992629873
-0.4999999999999998,0.45000000000000007,0.30000000000000004,0,0,1,0.2952119507135188,5.176227341235771e-05,0.0,0.6577077748516746,0.22124920977722906,0.1218298799374632
-0.5499999999999998,0.45000000000000007,0.30000000000000004,0,0,1,0.28622856249570805,6.116520623344586e-05,0.0,0.6151366502267632,0.21354260185231883,0.11144411320251733
-0.5999999999999999,0.45000000000000007,0.30000000000000004,0,0,1,0.27465735093582055,8.411902657527937e-05,0.0,0.594435640024852,0.2023867736556146,0.10550396437912408
-0.6499999999999999,0.45000000000000007,0.30000000000000004,0,0,1,0.2599646678092407,0.00011582164896306852,0.0,0.5960157946222622,0.18750385280738283,0.10476558589001764
-0.7,0.45000000000000007,0.30000000000000004,0,0,1,0.24136067327316907,0.0001358826328316993,0.0,0.6194530768946058,0.16813732291693673,0.1098342425183817
-0.75,0.45000000000000007,0.30000000000000004,0,0,1,0.2174770345875079,0.00012191867474440234,0.0,0.6636302392329858,0.14264486587652217,0.1207079283827101
-0.75,0.40000000000000013,0.30000000000000004,0,0,1,0.22416633699213578,0.0012659048890426997,0.0,0.5247896869107316,0.16070839479425625,0.07346619652010818
-0.7,0.40000000000000013,0.30000000000000004,0,0,1,0.2453799001028783,8.560325203748077e-05,0.0,0.47631885426737774,0.18335514114181323,0.0595388496668586
-0.6499999999999999,0.40000000000000013,0.30000000000000004,0,0,1,0.26196717212872794,0.00022598594431295685,0.0,0.44903104134820726,0.2007302591208487,0.05688286815601653
-0.5999999999999999,0.40000000000000013,0.30000000000000004,0,0,1,0.2750069474175075,0.0004445029963033294,0.0,0.4454512067100427,0.213798731752076,0.05478110448718444
-0.5499999999999998,0.40000000000000013,0.30000000000000004,0,0,1,0.2850721240373728,0.0007943448607885884,0.0,0.46463483238179926,0.22269472179982386,0.04604189791397398
-0.4999999999999998,0.40000000000000013,0.30000000000000004,0,0,1,0.29252351299435275,0.0016804481286838346,0.0,0.5022421072089527,0.22663285887565762,0.032877372022679666
-0.44999999999999973,0.40000000000000013,0.30000000000000004,0,0,1,0.29772571577617285,0.0012287704208583134,0.0,0.5678827462866223,0.22407706821242337,0.0670205097037853
-0.3999999999999997,0.40000000000000013,0.30000000000000004,0,0,1,0.30122388818179857,0.00012019083892312351,0.0,0.656567862893807,0.21579982433520825,0.09903692210779563
-0.34999999999999964,0.40000000000000013,0.30000000000000004,0,0,1,0.3038465025484639,8.552364010155152e-05,0.0,0.76213222015845,0.2061214322286411,0.12702332085799928
-0.2999999999999996,0.40000000000000013,0.30000000000000004,0,0,1,0.30665448773795007,7.614175872148981e-05,0.0,0.8468024238898251,0.19856084997703816,0.14939757959945593
-0.24999999999999956,0.40000000000000013,0.30000000000000004,0,0,1,0.3179205071992147,7.029131252211945e-05,0.0,0.8156818203299594,0.19485331655740656,0.16242174486549296
-0.1999999999999995,0.40000000000000013,0.30000000000000004,0,0,1,0.39534889528532985,7.21378814890371e-05,0.0,0.8012217981604941,0.19460197270468982,0.16110572243195448
-0.14999999999999947,0.40000000000000013,0.30000000000000004,0,0,1,0.5204636038099206,9.428084758622293e-05,0.0,0.809903039871321,0.19753592881488524,0.14721223970689512
-0.09999999999999942,0.40000000000000013,0.30000000000000004,0,0,1,0.6586393060708567,0.0001622273534471742,0.0,0.8520392587240335,0.20360211265676448,0.1262205215025698
-0.09999999999999942,0.3500000000000001,0.30000000000000004,0,0,1,0.7974768820142121,3.322448717411238e-05,0.0,0.669576771254647,0.1726067794064835,0.1370740428795269
-0.14999999999999947,0.3500000000000001,0.30000000000000004,0,0,1,0.604188786199708,0.00010668504635367695,0.0,0.6468254274710357,0.16638573260250777,0.15631955817834056
-0.1999999999999995,0.3500000000000001,0.30000000000000004,0,0,1,0.4253478414830737,7.789527782291733e-05,0.0,0.6537866155897798,0.16380176833624133,0.16319640995217918
-0.24999999999999956,0.3500000000000001,0.30000000000000004,0,0,1,0.30830366161796896,9.850893072077417e-05,0.0,0.6817158265965535,0.1647550119844107,0.15190318247312473
-0.2999999999999996,0.3500000000000001,0.30000000000000004,0,0,1,0.29069299811510396,0.0001579838895327963,0.0,0.7258856644756357,0.16974874436074686,0.12791564247467405
-0.34999999999999964,0.3500000000000001,0.30000000000000004,0,0,1,0.2900884732286657,0.0002729700128587134,0.0,0.6422579385727709,0.18004701132986795,0.09745005072685198
-0.3999999999999997,0.3500000000000001,0.30000000000000004,0,0,1,0.290085915356316,0.00032038975821475923,0.0,0.530917359867559,0.19436596760726246,0.07108983145698183
-0.44999999999999973,0.3500000000000001,0.30000000000000004,0,0,1,0.28903519038955,6.875410459794303e-05,0.0,0.4406441699232677,0.21037089711568283,0.07416339365877313
-0.4999999999999998,0.3500000000000001,0.30000000000000004,0,0,1,0.2858820957222056,0.00015602551320642905,0.0,0.36972569468989835,0.22342480990795718,0.08871871663221736
-0.5499999999999998,0.3500000000000001,0.30000000000000004,0,0,1,0.28014066498739293,0.00012327910581264818,0.0,0.3153874481950596,0.2272331517375564,0.09661089761938099
-0.5999999999999999,0.3500000000000001,0.30000000000000004,0,0,1,0.2716363287948392,0.00013935643331828892,0.0,0.28281816983170405,0.22197825176277572,0.1008518393937599
-0.6499999999999999,0.3500000000000001,0.30000000000000004,0,0,1,0.2602229008057225,0.0001382062754236143,0.0,0.2781160938718261,0.210893172098533,0.10372031701188213
-0.7,0.3500000000000001,0.30000000000000004,0,0,1,0.2455316333100733,0.00011763264567779311,0.0,0.30352025387845627,0.19515005582240683,0.10595447919009468
-0.75,0.3500000000000001,0.30000000000000004,0,0,1,0.2266926863139013,0.0001208298653137858,0.0,0.3568712501684135,0.1744622776906259,0.10804512375777162
-0.75,0.30000000000000004,0.30000000000000004,0,0,1,0.22630765557317511,0.0001319130583047093,0.0,0.21865719755661628,0.18492210244221496,0.10834342582492817
-0.7,0.30000000000000004,0.30000000000000004,0,0,1,0.2426466142729445,0.00014562514093474969,0.0,0.15478069815612194,0.2041773235770023,0.1062373457067414
-0.6499999999999999,0.30000000000000004,0.30000000000000004,0,0,1,0.2552368592597516,0.00022053199465193278,0.0,0.12334070946184594,0.21845242893979003,0.10345877562132157
-0.5999999999999999,0.30000000000000004,0.30000000000000004,0,0,1,0.26478044729096184,0.0003718798571958077,0.0,0.12928602071245976,0.2270001767202759,0.10192616059931194
-0.5499999999999998,0.30000000000000004,0.30000000000000004,0,0,1,0.27144515664390007,0.00040409041100732937,0.0,0.1698685678172187,0.22598438205485671,0.10248630563182821
-0.4999999999999998,0.30000000000000004,0.30000000000000004,0,0,1,0.2750981706256009,0.00027481648428907926,0.0,0.2344713650273702,0.2117555975681873,0.10285154167295088
-0.44999999999999973,0.30000000000000004,0.30000000000000004,0,0,1,0.2755655746582968,0.00019589444593932882,0.0,0.31268148397463236,0.19096771517993624,0.09906382101885934
-0.3999999999999997,0.30000000000000004,0.30000000000000004,0,0,1,0.2730632317201825,0.0002024008538160296,0.0,0.3988308293151128,0.17005831542178293,0.08966265582663367
-0.34999999999999964,0.30000000000000004,0.30000000000000004,0,0,1,0.26881170798698795,0.00023827392401116663,0.0,0.4905481823960174,0.15202952233947706,0.08266293596158386
-0.2999999999999996,0.30000000000000004,0.30000000000000004,0,0,1,0.26547251430869667,0.00014647581589157576,0.0,0.42609736871479065,0.1390206101696363,0.10141864754682679
-0.24999999999999956,0.30000000000000004,0.30000000000000004,0,0,1,0.28256128354034077,0.00023336980937271705,0.0,0.31539578760902476,0.13266842022613579,0.13563507220476587
-0.1999999999999995,0.30000000000000004,0.30000000000000004,0,0,1,0.4501482740549538,0.00013199828952108542,0.0,0.23289981061014098,0.13087797649233524,0.16331781972053125
-0.14999999999999947,0.30000000000000004,0.30000000000000004,0,0,1,0.713690860106238,9.212562904825403e-05,0.0,0.16984619424250802,0.13197208700664795,0.17604080744493691
-0.09999999999999942,0.30000000000000004,0.30000000000000004,0,0,1,1.0077124455799251,8.40822083044669e-05,0.0,0.12171549681431193,0.1351371257451359,0.17218668590611244
-0.09999999999999942,0.25,0.30000000000000004,0,0,1,1.181871262992864,3.905362891773869e-05,0.0,0.0720991523171004,0.09762782040996805,0.17458493979262105
-0.14999999999999947,0.25,0.30000000000000004,0,0,1,0.6741379709264963,7.805891855658166e-05,0.0,0.11807404277005196,0.13063888205711424,0.17257828284886997
-0.1999999999999995,0.25,0.30000000000000004,0,0,1,0.30263153233961637,0.00010869584006743267,0.0,0.17990203677212735,0.13069206544125617,0.15178879851280944
-0.24999999999999956,0.25,0.30000000000000004,0,0,1,0.24310472956660223,0.00023625179317871274,0.0,0.2634565703848333,0.13061481132953146,0.11697717617750814
-0.2999999999999996,0.25,0.30000000000000004,0,0,1,0.23607746320243542,0.0005166081643322193,0.0,0.37892955165590214,0.13121940078350736,0.08108456392201804
-0.34999999999999964,0.25,0.30000000000000004,0,0,1,0.2321441768213222,0.0005104621713395691,0.0,0.4164865199292547,0.13199754161915672,0.08474854448442043
-0.3999999999999997,0.25,0.30000000000000004,0,0,1,0.24892475475033876,0.0003180130380589714,0.0,0.31591129550582275,0.146439872679039,0.10487192011746567
-0.44999999999999973,0.25,0.30000000000000004,0,0,1,0.25675540667723085,0.00016827430611793717,0.0,0.21673125702317275,0.17158755834469439,0.11094162488234721
-0.4999999999999998,0.25,0.30000000000000004,0,0,1,0.25995768329602487,0.0002503164245490374,0.0,0.11887329238372679,0.19735144241053068,0.10361235524601983
-0.5499999999999998,0.25,0.30000000000000004,0,0,1,0.2590788280940952,0.0006887096074070862,0.0,0.02294728120146372,0.21957762690533417,0.09056996766009041
-0.5999999999999999,0.25,0.30000000000000004,0,0,0,0.2548627299683121,0.03834109253652732,0.0,0.0,0.22894266282019315,0.09597174895062016
-0.6499999999999999,0.25,0.30000000000000004,0,0,0,0.24776738124266498,0.04066376539253549,0.0,0.0,0.2237734894608201,0.10015548414471358
-0.7,0.25,0.30000000000000004,0,0,0,0.23780766885271518,0.017059888616224664,0.0,0.0,0.2108683683708235,0.10853726001659701
-0.75,0.25,0.30000000000000004,0,0,1,0.2244242827297507,2.749312622679069e-06,0.0,0.04568109623360961,0.19266511221908492,0.1309229722158073
-0.75,0.2,0.30000000000000004,0,0,0,0.22285775036897792,0.050464773927308255,0.0,0.0,0.19802591988294443,0.11234298379828711
-0.7,0.2,0.30000000000000004,0,0,0,0.23267803921193306,0.12216563481833517,0.0,0.0,0.21551438686714908,0.12033890517311416
-0.6499999999999999,0.2,0.30000000000000004,0,0,0,0.23926586143752135,0.2127154812988749,0.0,0.0,0.22721873312217314,0.13075847768399892
-0.5999999999999999,0.2,0.30000000000000004,0,0,0,0.2430222895851162,0.7490835518076262,0.0,0.0,0.2284165402877561,0.16129542144308473
-0.5499999999999998,0.2,0.30000000000000004,0,0,0,0.2487309986638794,0.1632232210750652,0.0,0.0,0.2114726388569884,0.0901220659213119
-0.4999999999999998,0.2,0.30000000000000004,0,0,0,0.26614425982637885,0.13392957421708562,0.0,0.0,0.18339083775783996,0.08715833733124767
-0.44999999999999973,0.2,0.30000000000000004,0,0,0,0.28027663956872073,0.059449293155531845,0.0,0.0,0.15269508696969805,0.12821711306600125
-0.3999999999999997,0.2,0.30000000000000004,0,0,1,0.23985278313318717,0.0016519815966724275,0.0,0.0,0.13327350923235282,0.14601453826067584
-0.34999999999999964,0.2,0.30000000000000004,0,0,1,0.19109444808409098,0.0015949877910617673,0.0,0.0,0.13224485998690524,0.17275980504125793
-0.2999999999999996,0.2,0.30000000000000004,0,0,1,0.2705643367304793,0.0015499438836228314,0.0,0.0,0.13081357070406985,0.19679698040330393
-0.24999999999999956,0.2,0.30000000000000004,0,0,1,0.4195134769329039,0.0015133747115252468,0.0,0.0,0.12885825309156126,0.21518556659732024
-0.1999999999999995,0.2,0.30000000000000004,0,0,1,0.5969353546566272,2.3528649819608474e-05,0.0,0.0012403683044344138,0.12639394883639282,0.2218900718971563
-0.14999999999999947,0.2,0.30000000000000004,0,0,1,0.8190919617864261,2.5396043028896444e-05,0.0,0.007926838389368474,0.0849788236855647,0.21463196639753007
-0.09999999999999942,0.2,0.30000000000000004,0,0,1,0.5521126047108518,3.343003053494419e-05,0.0,0.01860239592575552,0.13617733136730087,0.1994729517582573
-0.09999999999999942,0.15,0.30000000000000004,1,1,1,0.0017030592603301446,0.0006471494248161057,0.0,0.0,0.14106905329441094,0.20220983020869615
-0.14999999999999947,0.15,0.30000000000000004,1,1,1,0.00031816805327690206,0.0016727076450204473,0.04576391715472328,0.0,0.1330126036003898,0.21658142250372336
-0.1999999999999995,0.15,0.30000000000000004,1,1,1,0.0004083744407935187,0.0019509083503337387,0.06946820765842388,0.0,0.12937110038146693,0.22055971962390558
-0.24999999999999956,0.15,0.30000000000000004,1,1,1,0.0003667173301732592,0.0012682979499340117,0.056312717950853575,0.0,0.12942179953136676,0.20729496339642448
-0.2999999999999996,0.15,0.30000000000000004,1,1,1,0.00019281595326787917,2.2410369287545873e-05,0.07620217620008729,0.0005393956433608071,0.1338053189910133,0.18517789999783962
-0.34999999999999964,0.15,0.30000000000000004,1,1,1,6.368416709424456e-05,5.20274221474878e-05,0.03285433180004649,0.007631687988594482,0.14572797998840364,0.15947482585225028
-0.3999999999999997,0.15,0.30000000000000004,0,0,1,0.062454215491170896,0.00012687363184511662,0.0,0.007289202392797733,0.17276709432470216,0.13150123177802706
-0.44999999999999973,0.15,0.30000000000000004,0,0,0,0.13151469208463437,0.16617785326740173,0.0,0.0,0.1886884203823472,0.13181201783956725
-0.4999999999999998,0.15,0.30000000000000004,0,0,1,0.16375577593153406,0.0009990019462366314,0.0,0.0,0.2038896098709908,0.1533398416103293
-0.5499999999999998,0.15,0.30000000000000004,0,0,1,0.17630823666177842,8.03879116707725e-05,0.0,0.022065706053475242,0.21413893284656524,0.14239132081387867
-0.5999999999999999,0.15,0.30000000000000004,0,0,1,0.18333134914779234,6.874274054138783e-05,0.0,0.02337838341256937,0.21394904452645622,0.13891391876864398
-0.6499999999999999,0.15,0.30000000000000004,0,0,1,0.27013920076752884,0.00011430355888092096,0.0,0.0008246423807234393,0.20786142246370057,0.14303468372724665
-0.7,0.15,0.30000000000000004,0,0,0,0.388158688732861,0.024538947378933758,0.0,0.0,0.20063037962916974,0.15192865426583307
-0.75,0.15,0.30000000000000004,0,0,0,0.5100873378443485,0.07515887494631475,0.0,0.0,0.19341746801121584,0.1677324709972692
-0.75,0.15,0.3500000000000001,0,0,0,0.4967879788504152,0.2110738018608452,0.0,0.0,0.19561229120535156,0.16991584373136492
-0.7,0.15,0.3500000000000001,0,0,0,0.37333806154845367,0.15406072199810705,0.0,0.0,0.20277404555397227,0.1535142749724339
-0.6499999999999999,0.15,0.3500000000000001,0,0,0,0.24396916771671112,0.07303726247563443,0.0,0.0,0.20985998629283212,0.14134600657829874
-0.5999999999999999,0.15,0.3500000000000001,0,0,1,0.11347367775166073,0.0016694221099792083,0.0,0.0,0.21562629100644237,0.13735091569161786
-0.5499999999999998,0.15,0.3500000000000001,0,0,1,0.07431346845468531,0.00014652605706247756,0.0,0.011144231846317076,0.2151629048705961,0.14241959934145093
-0.4999999999999998,0.15,0.3500000000000001,0,0,1,0.05323724175509531,5.0813491156509516e-05,0.0,0.0029965014202772977,0.20390630437886198,0.15379129753293705
-0.44999999999999973,0.15,0.3500000000000001,0,0,1,0.016870800089032297,0.0018188375203536842,0.0,0.0,0.18787003649299586,0.16878348422281808
-0.3999999999999997,0.15,0.3500000000000001,1,1,1,0.0017935460385895866,0.0016601911756015724,0.0,0.0,0.16283262933172307,0.17751080025942592
-0.34999999999999964,0.15,0.3500000000000001,1,1,1,9.579409805894048e-05,0.001886751136311269,0.11284546067627743,0.0,0.1422990957531122,0.17924560542897902
-0.2999999999999996,0.15,0.3500000000000001,1,1,1,0.00020373009141772455,0.001979603716039321,0.06069823661966378,0.0,0.12705751106431132,0.17586507273452726
-0.24999999999999956,0.15,0.3500000000000001,1,1,1,0.00014720659594994492,0.0019686483656361294,0.03677443271873404,0.0,0.1209088478611497,0.16732318714302094
-0.1999999999999995,0.15,0.3500000000000001,1,1,1,0.0001713379019182859,0.0019629669572035664,0.04944627962635284,0.0,0.12254076957543293,0.15704052798133009
-0.14999999999999947,0.15,0.3500000000000001,1,1,1,0.00031167359479428343,0.0019326715554465466,0.09475922512029955,0.0,0.12957016074776148,0.1514945085250179
-0.09999999999999942,0.15,0.3500000000000001,1,1,1,0.00027033932795637953,0.001945934125348309,0.05299955282574853,0.0,0.14094265748962115,0.1517979009855748
-0.09999999999999942,0.2,0.3500000000000001,1,1,1,0.00012545339472429525,6.811068953777174e-05,0.10027587054383247,0.1366300541452703,0.1662368193172356,0.1538032931265457
-0.14999999999999947,0.2,0.3500000000000001,1,1,1,0.00019770829258750544,8.978691086495548e-05,0.1549454203965963,0.15177242989128947,0.15736537546253784,0.1513503070769706
-0.1999999999999995,0.2,0.3500000000000001,1,1,1,0.0002672325441405827,0.00011117282211283356,0.19909188190696803,0.18076932899815512,0.15091067024330299,0.14011739934827674
-0.24999999999999956,0.2,0.3500000000000001,1,1,1,0.00028118761530371517,8.752853073596061e-05,0.1847009027271267,0.21887122950226523,0.1461859027985749,0.1364416692777009
-0.2999999999999996,0.2,0.3500000000000001,1,1,1,0.00019283582014874002,8.548325031943211e-05,0.19846076097487453,0.2634756257139146,0.14420728652694645,0.1455580217700947
-0.34999999999999964,0.2,0.3500000000000001,1,1,1,6.471446651257445e-05,0.00011834334293758664,0.15927000327273366,0.3189443321605743,0.14994561834723227,0.15617354468910846
-0.3999999999999997,0.2,0.3500000000000001,1,1,1,7.417858178618797e-05,0.00015946481734728334,0.02517049465859511,0.32436629622214586,0.16439924629900088,0.15469715959954525
-0.44999999999999973,0.2,0.3500000000000001,1,1,1,0.001781953748049242,0.00030715010403802484,0.0,0.22450103215361983,0.1928564423408303,0.12747790836269884
-0.4999999999999998,0.2,0.3500000000000001,1,1,1,0.0017654168488532064,0.0007712081424692362,0.0,0.1358442261649202,0.2104285964075194,0.0905866916985659
-0.5499999999999998,0.2,0.3500000000000001,0,0,1,0.014714560592603228,0.0019197257766805065,0.0,0.0,0.213432824207208,0.08792074152592974
-0.5999999999999999,0.2,0.3500000000000001,0,0,1,0.06262502586995158,0.001910813847268506,0.0,0.0,0.20822435133806155,0.15757289142435857
-0.6499999999999999,0.2,0.3500000000000001,0,0,0,0.2116211386778217,0.020699259945222866,0.0,0.0,0.20040687472129853,0.172244729941732
-0.7,0.2,0.3500000000000001,0,0,0,0.3448490143418666,0.09650073575891206,0.0,0.0,0.1924943652998781,0.18219985226068802
-0.75,0.2,0.3500000000000001,0,0,0,0.4673755291778034,0.155353934512376,0.0,0.0,0.18502323610966107,0.19553713269418363
-0.75,0.25,0.3500000000000001,0,0,0,0.4653524960307999,0.11340506222902459,0.0,0.0,0.1728112885185697,0.2172425010951387
-0.7,0.25,0.3500000000000001,0,0,0,0.34331051360185344,0.05824091859844824,0.0,0.0,0.1804407913154486,0.20907924367492342
-0.6499999999999999,0.25,0.3500000000000001,0,0,1,0.20811744686911662,0.0019712812402557928,0.0,0.0,0.18867396934904868,0.2014182298747305
-0.5999999999999999,0.25,0.3500000000000001,0,0,1,0.053503328180683644,6.688926158732696e-05,0.0,0.03939394706681787,0.19615123287289976,0.20012518746804617
-0.5499999999999998,0.25,0.3500000000000001,1,1,1,0.00012841423412832283,4.61584028516115e-05,0.023617434378016666,0.05544255980924806,0.20392867067099263,0.20099092353287096
-0.4999999999999998,0.25,0.3500000000000001,1,1,1,4.362794863913348e-05,3.060084582739928e-05,0.05815491548004603,0.061469972588737765,0.20692805197552144,0.20375936406962863
-0.44999999999999973,0.25,0.3500000000000001,1,1,1,4.344335200596881e-05,3.681904189797505e-05,0.10599807846177489,0.05795755642203826,0.20433001676730245,0.2077743378780109
-0.3999999999999997,0.25,0.3500000000000001,1,1,1,4.492422085295512e-05,4.5824506864361464e-05,0.13032876625104262,0.048200617363500786,0.19797976219946745,0.2105776574078219
-0.34999999999999964,0.25,0.3500000000000001,1,1,1,4.895725570470037e-05,5.118101627272837e-05,0.14828363234577857,0.036268825176867026,0.19190705017456347,0.2097760338601564
-0.2999999999999996,0.25,0.3500000000000001,1,1,1,4.5546051484934216e-05,5.499662018184533e-05,0.15539932114039123,0.025334824969314163,0.18873893238781855,0.20529892902568497
-0.24999999999999956,0.25,0.3500000000000001,1,1,1,3.319190564167503e-05,6.026515420232619e-05,0.14716567993581942,0.017456729540340277,0.18872139542933095,0.1973626421342841
-0.1999999999999995,0.25,0.3500000000000001,1,1,1,4.464982505279165e-05,7.132114021049875e-05,0.12439020866918149,0.014221678580559782,0.19089413001931857,0.18587244124700392
-0.14999999999999947,0.25,0.3500000000000001,1,1,1,6.66619929106811e-05,9.751191673716507e-05,0.09233243804244484,0.017685667329449206,0.19481609553571477,0.1703410773114722
-0.09999999999999942,0.25,0.3500000000000001,1,1,1,7.5174828623703e-05,0.0001698100602397074,0.05695883775897892,0.03187620474384323,0.20022790776492402,0.14955372461908054
-0.09999999999999942,0.30000000000000004,0.3500000000000001,1,1,1,3.616183288952378e-05,0.00038312801082201776,0.07491993877264402,0.14965746836905058,0.21315963634059187,0.125821784419842
-0.14999999999999947,0.30000000000000004,0.3500000000000001,1,1,1,6.102939662842709e-05,0.00028264026059798727,0.10801221897709601,0.1179974771820973,0.2142361522968397,0.1507850228067093
-0.1999999999999995,0.30000000000000004,0.3500000000000001,1,1,1,6.212177740168758e-05,0.00011470983712383666,0.1404386415854404,0.10571002614584524,0.2155496171068201,0.16897874874780638
-0.24999999999999956,0.30000000000000004,0.3500000000000001,1,1,1,5.5077514813692254e-05,6.993547568226327e-05,0.16911764292195253,0.10423308646445628,0.21627844082154335,0.1824750785421701
-0.2999999999999996,0.30000000000000004,0.3500000000000001,1,1,1,4.138912587424121e-05,5.35845543760044e-05,0.1904611780963461,0.10956477668215614,0.21126673831300985,0.19236257973493193
-0.34999999999999964,0.30000000000000004,0.3500000000000001,1,1,1,3.0445128551362857e-05,4.6796860939360545e-05,0.2016838379187833,0.1189832613495927,0.20435956430294377,0.1994412220937122
-0.3999999999999997,0.30000000000000004,0.3500000000000001,1,1,1,3.326719048989202e-05,4.3879233043877196e-05,0.2024443115848138,0.12983605170867296,0.19952515241766583,0.2046084351932813
-0.44999999999999973,0.30000000000000004,0.3500000000000001,1,1,1,4.259239295128779e-05,4.2112034416217244e-05,0.1695390240881871,0.13891385731541428,0.19616294797903625,0.20910762428196333
-0.4999999999999998,0.30000000000000004,0.3500000000000001,1,1,1,5.130139612043164e-05,3.822019065578422e-05,0.11807360170986314,0.14254520110149738,0.19229963273450004,0.21438046103723996
-0.5499999999999998,0.30000000000000004,0.3500000000000001,1,1,1,6.0394877516080767e-05,3.0686995492037454e-05,0.07939919163113784,0.09283687128795481,0.1861343678078795,0.2209989308313396
-0.5999999999999999,0.30000000000000004,0.3500000000000001,0,0,1,0.05851569643792936,2.676625165792532e-05,0.0,0.02138227080552757,0.1708609926020787,0.22163595895762067
-0.6499999999999999,0.30000000000000004,0.3500000000000001,0,0,1,0.21311543796166751,0.0018206616198250694,0.0,0.0,0.16519943091562475,0.22170240200460395
-0.7,0.30000000000000004,0.3500000000000001,0,0,0,0.34955580661958113,0.03313533848423868,0.0,0.0,0.1602196403431004,0.2224883538285479
-0.75,0.30000000000000004,0.3500000000000001,0,0,0,0.4733073071848159,0.08213473657349615,0.0,0.0,0.1573705570159774,0.22203316716094176
-0.75,0.3500000000000001,0.3500000000000001,0,0,0,0.48686542482373185,0.05807181467454725,0.0,0.0,0.12597094021108288,0.21257516496187379
-0.7,0.3500000000000001,0.3500000000000001,0,0,0,0.36153402878121743,0.016201282258007873,0.0,0.0,0.1244995859871233,0.21554780379051527
-0.6499999999999999,0.3500000000000001,0.3500000000000001,0,0,1,0.224322263725552,0.0018859234719390222,0.0,0.0,0.12323848299596611,0.21660023536044534
-0.5999999999999999,0.3500000000000001,0.3500000000000001,0,0,1,0.07661641496653972,3.237323000096325e-05,0.0,0.039551362808981416,0.1296274509858249,0.21733544724618264
-0.5499999999999998,0.3500000000000001,0.3500000000000001,1,1,1,0.00016979824872644618,2.8970405993993123e-05,0.06218815157671598,0.08665121665780195,0.1658751656482015,0.21582870778547103
-0.4999999999999998,0.3500000000000001,0.3500000000000001,1,1,1,5.5688081663883744e-05,2.7635441706266638e-05,0.20591613669018405,0.10047094120720113,0.17537853397693096,0.21166789142498116
-0.44999999999999973,0.3500000000000001,0.3500000000000001,1,1,1,4.7429514930709356e-05,3.0957956499083803e-05,0.2515685988399592,0.10905595373181187,0.18319792321334963,0.20550031600520924
-0.3999999999999997,0.3500000000000001,0.3500000000000001,1,1,1,4.2206058789709946e-05,3.754691650079093e-05,0.2641761333963424,0.11405660987369037,0.19065619010475948,0.19806019903997865
-0.34999999999999964,0.3500000000000001,0.3500000000000001,1,1,1,3.631180823981451e-05,4.624223265755577e-05,0.2604026915542219,0.11729419806610109,0.1986129037877424,0.18939050392399706
-0.2999999999999996,0.3500000000000001,0.3500000000000001,1,1,1,2.9929930953826646e-05,5.8371912971944966e-05,0.2489502063483715,0.12120211615605525,0.20639307898861928,0.1789561465159602
-0.24999999999999956,0.3500000000000001,0.3500000000000001,1,1,1,2.7545836540722132e-05,7.922531585607368e-05,0.22951481534851137,0.12866017357857418,0.21099411266430898,0.16590809770401463
-0.1999999999999995,0.3500000000000001,0.3500000000000001,1,1,1,3.126685223839071e-05,0.0001247456797160285,0.2036742017842137,0.14337031126033217,0.21089517357007612,0.14912195299602077
-0.14999999999999947,0.3500000000000001,0.3500000000000001,1,1,1,3.763247766504568e-05,0.00025540593917756807,0.1739335645269584,0.1712773200827704,0.20844259651413916,0.126926899954783
-0.09999999999999942,0.3500000000000001,0.3500000000000001,1,1,1,4.292677236494141e-05,0.0008092871810179539,0.1427783448969957,0.22487063655987027,0.20509786097388943,0.09632122797932205
-0.09999999999999942,0.40000000000000013,0.3500000000000001,1,1,1,4.1423832950980514e-05,0.00018880566238237267,0.15095207457070092,0.16729954049886064,0.19195892034993084,0.055769885440101946
-0.14999999999999947,0.40000000000000013,0.3500000000000001,1,1,1,3.814554863662945e-05,7.810219182427338e-05,0.17912687610987188,0.21702215456643703,0.1950776757764819,0.09367662447026188
-0.1999999999999995,0.40000000000000013,0.3500000000000001,1,1,1,3.606483200637254e-05,0.0005404481463561357,0.2070925880053065,0.23950532932949242,0.1964230136869186,0.12022318503729429
-0.24999999999999956,0.40000000000000013,0.3500000000000001,1,1,1,3.305277025393604e-05,0.0001728140239756647,0.23360897631264743,0.24004422263626157,0.195589245553391,0.14003585170428878
-0.2999999999999996,0.40000000000000013,0.3500000000000001,1,1,1,3.034296732969568e-05,8.773296755325302e-05,0.2573536511640362,0.2251374947327882,0.19210123607199062,0.15548038423398344
-0.34999999999999964,0.40000000000000013,0.3500000000000001,1,1,1,3.014567577031392e-05,5.837339081227928e-05,0.27725709697451517,0.19823361390623528,0.18596645915474763,0.16782059064278934
-0.3999999999999997,0.40000000000000013,0.3500000000000001,1,1,1,3.447538822555307e-05,4.546797607255536e-05,0.2929482449117913,0.1621408822762782,0.17780832105481112,0.1779247927907973
-0.44999999999999973,0.40000000000000013,0.3500000000000001,1,1,1,4.404627084029948e-05,3.7974773124910635e-05,0.2773687963015856,0.11967677109246067,0.1682507192071523,0.18626175857973065
-0.4999999999999998,0.40000000000000013,0.3500000000000001,1,1,1,5.9982617325460034e-05,3.2546401418625116e-05,0.14332194997710435,0.07392201291326894,0.15733789794846212,0.192860687160301
-0.5499999999999998,0.40000000000000013,0.3500000000000001,1,1,1,8.829211830134528e-05,2.884973589624211e-05,0.003384208282119161,0.02808132336433955,0.1444550922916868,0.1974215446845039
-0.5999999999999999,0.40000000000000013,0.3500000000000001,0,0,1,0.11872468996393082,0.0018951876728706227,0.0,0.0,0.06680474657681384,0.2005437526552381
-0.6499999999999999,0.40000000000000013,0.3500000000000001,0,0,1,0.2344384130319265,0.0019233265821842333,0.0,0.0,0.07205581643743192,0.20218416245244591
-0.7,0.40000000000000013,0.3500000000000001,0,0,0,0.3736919543975754,0.00340729534248376,0.0,0.0,0.0772522773473856,0.201062939721443
-0.75,0.40000000000000013,0.3500000000000001,0,0,0,0.501169491860258,0.03778822676126538,0.0,0.0,0.08389148569683606,0.1973279235258652
-0.75,0.45000000000000007,0.3500000000000001,0,0,0,0.5138123606147774,0.017727476515230694,0.0,0.0,0.0576199736261112,0.1775429262322179
-0.7,0.45000000000000007,0.3500000000000001,0,0,1,0.5456474232592351,0.0019053243825262298,0.0,0.0,0.02483875423683148,0.18182783670993272
-0.6499999999999999,0.45000000000000007,0.3500000000000001,0,0,1,0.3538018823009956,3.2133113706940496e-05,0.0,0.016529020132682204,0.08481313476573811,0.18412622745821816
-0.5999999999999999,0.45000000000000007,0.3500000000000001,0,0,1,0.23266376224296167,3.157021968781614e-05,0.0,0.03849113648607294,0.1097391873562985,0.1843829714472359
-0.5499999999999998,0.45000000000000007,0.3500000000000001,0,0,1,0.09524570695566008,3.195512019027489e-05,0.0,0.05848672013347267,0.12489202689932054,0.18258076829396622
-0.4999999999999998,0.45000000000000007,0.3500000000000001,1,1,1,0.00023126540860220112,3.4215389888939436e-05,0.052316689654813064,0.07131966160927794,0.136118950450787,0.17867184998678895
-0.44999999999999973,0.45000000000000007,0.3500000000000001,1,1,1,6.282281348301446e-05,3.9035285489640014e-05,0.1826298902213983,0.08310079847884122,0.14829753646773883,0.172577444101969
-0.3999999999999997,0.45000000000000007,0.3500000000000001,1,1,1,4.788219572407987e-05,4.761456445327653e-05,0.3045440887350872,0.09436701601183506,0.1583317013151298,0.16415003855250837
-0.34999999999999964,0.45000000000000007,0.3500000000000001,1,1,1,3.934433331134201e-05,6.30038459157623e-05,0.3258360403273457,0.10613605704647266,0.16626764573676084,0.15308939870421404
-0.2999999999999996,0.45000000000000007,0.3500000000000001,1,1,1,3.446719919339025e-05,9.398678139874992e-05,0.3062380613376008,0.11996087793697452,0.1719728203264998,0.13882108122527517
-0.24999999999999956,0.45000000000000007,0.3500000000000001,1,1,1,3.259616243387255e-05,0.00017007435099643077,0.2840950867769907,0.13806809340186188,0.17532177496931084,0.12028314232240862
-0.1999999999999995,0.45000000000000007,0.3500000000000001,1,1,1,3.33632136667138e-05,0.0004250507903246,0.2598628445131532,0.16373152120611856,0.17634937304216458,0.09532705120357703
-0.14999999999999947,0.45000000000000007,0.3500000000000001,1,1,1,3.617465884212639e-05,0.0019762777433753745,0.23434643747508765,0.15027299957138296,0.17520365773841992,0.05783597720028854
-0.09999999999999942,0.45000000000000007,0.3500000000000001,0,1,0,4.0416279485281896e-05,0.04895488029383919,0.20847640755317354,0.037416210536616035,0.17197977907668677,0.009635540939619332
-0.09999999999999942,0.5000000000000001,0.3500000000000001,0,1,0,0.00011424717359794282,0.1443919390720485,0.2075948793679534,0.0,0.1489152901856111,0.04470403763891456
-0.14999999999999947,0.5000000000000001,0.3500000000000001,0,1,0,4.219821853065772e-05,0.11991257390780047,0.22930886301607467,0.04934089666377717,0.15295842543953247,0.015149415949221937
-0.1999999999999995,0.5000000000000001,0.3500000000000001,1,1,1,4.015833832124551e-05,0.0013063949073951649,0.25088267560560906,0.12424629209834381,0.15455945173922497,0.04024004896582004
-0.24999999999999956,0.5000000000000001,0.3500000000000001,1,1,1,4.0001050727313136e-05,7.686427688309196e-05,0.27172317219548736,0.11446043178754106,0.15380927453183627,0.08134261677223258
-0.2999999999999996,0.5000000000000001,0.3500000000000001,1,1,1,4.2257778850260814e-05,0.00031633159412969216,0.29132660623129647,0.1092641299689665,0.1507209061789316,0.10603116759456074
-0.34999999999999964,0.5000000000000001,0.3500000000000001,1,1,1,4.814580724439088e-05,0.00011936538591597902,0.29225731438613467,0.09963160075023247,0.14525870358844908,0.12344986083322435
-0.3999999999999997,0.5000000000000001,0.3500000000000001,1,1,1,5.999877980433026e-05,7.107559164622898e-05,0.18244386929247547,0.08511805135447936,0.13734777165701845,0.13650867070555292
-0.44999999999999973,0.5000000000000001,0.3500000000000001,1,1,1,8.310607612978493e-05,5.220799325234662e-05,0.06157334829388583,0.0668694359966544,0.12680858836467526,0.1462323503653097
-0.4999999999999998,0.5000000000000001,0.3500000000000001,0,0,1,0.0667195301464225,4.339843387363334e-05,0.0,0.04643170288092602,0.12130152624465974,0.15315564743813137
-0.5499999999999998,0.5000000000000001,0.3500000000000001,0,0,1,0.20178836199295222,3.919561970347273e-05,0.0,0.02545137444269807,0.11323587479731344,0.15755966815362182
-0.5999999999999999,0.5000000000000001,0.3500000000000001,0,0,1,0.32526205947832254,3.7846168775219355e-05,0.0,0.005537969015245059,0.10445637552297235,0.1595835924854427
-0.6499999999999999,0.5000000000000001,0.3500000000000001,0,0,1,0.6085946925477574,0.0018035297947527854,0.0,0.0,0.07572142106746528,0.15962867871275252
-0.7,0.5000000000000001,0.3500000000000001,0,0,1,0.7882972527360713,0.0018003229300571591,0.0,0.0,0.08153978830144944,0.15724927822105694
-0.75,0.5000000000000001,0.3500000000000001,0,0,1,0.5106814368854657,0.0017112568430050045,0.0,0.0,0.15383702709286953,0.15206222338157138
-0.75,0.5500000000000002,0.3500000000000001,0,0,1,0.6568506961642835,0.00028105355452463446,0.0,0.014057177031476797,0.16371021964681823,0.1179737448182134
-0.7,0.5500000000000002,0.3500000000000001,0,0,1,0.42318704549934094,6.0120833393660614e-05,0.0,0.02462235902726384,0.14185654929014102,0.1251179525963064
-0.6499999999999999,0.5500000000000002,0.3500000000000001,0,0,1,0.7731168530679068,5.411060619632463e-05,0.0,0.03458140546660626,0.08369651196816891,0.12899702828499704
-0.5999999999999999,0.5500000000000002,0.3500000000000001,0,0,1,0.5929455363674062,5.320073000598113e-05,0.0,0.0440748250949341,0.09815417721430916,0.12984008160965874
-0.5499999999999998,0.5500000000000002,0.3500000000000001,0,0,1,0.32306109833326757,5.682321699494108e-05,0.0,0.05591198938415509,0.0839105592507498,0.12777084360999996
-0.4999999999999998,0.5500000000000002,0.3500000000000001,0,0,1,0.2077188944170087,6.628683030822531e-05,0.0,0.06623908000487289,0.09119483699969118,0.12270287190293168
-0.44999999999999973,0.5500000000000002,0.3500000000000001,0,0,1,0.07909899604996799,8.626536886726214e-05,0.0,0.075882669833502,0.10069969437037592,0.11430199451949792
-0.3999999999999997,0.5500000000000002,0.3500000000000001,1,1,1,0.0005541787923643714,0.00013129871759849526,0.025487207544624635,0.0854841066118075,0.1067393746156506,0.10182029955751153
-0.34999999999999964,0.5500000000000002,0.3500000000000001,1,1,1,7.33275154531625e-05,0.0002596549910011742,0.13510534014728703,0.09543688367473768,0.11563043916338768,0.08355988230261498
-0.2999999999999996,0.5500000000000002,0.3500000000000001,1,1,1,6.140864942863017e-05,0.0008831055040748916,0.23148585998934212,0.10635864221500446,0.1215699155823919,0.05452984903906375
-0.24999999999999956,0.5500000000000002,0.3500000000000001,0,1,0,5.704187681147581e-05,0.012679103520348211,0.2906717650171271,0.0,0.12466519652189165,0.00026492091876478553
-0.1999999999999995,0.5500000000000002,0.3500000000000001,0,1,0,5.798730695628247e-05,0.15992316297168832,0.2741617880679108,0.009324658792506657,0.1249859031564312,0.032260237396881206
-0.14999999999999947,0.5500000000000002,0.3500000000000001,0,1,0,6.416487513281865e-05,0.3761303157074977,0.21789802885794174,0.0,0.12241926018530079,0.007225784782672158
-0.09999999999999942,0.5500000000000002,0.3500000000000001,0,1,0,7.793118762740885e-05,0.186902668303088,0.11951424504362951,0.0,0.11662433089392998,0.046133051079009134
-0.09999999999999942,0.6000000000000002,0.3500000000000001,0,0,1,0.007214539093210145,0.0011358289927430633,0.0,0.37041169839229,0.06327604288876904,0.014372196405329971
-0.14999999999999947,0.6000000000000002,0.3500000000000001,1,1,1,0.0012359612412016217,9.432373871248452e-05,0.07924648384244115,0.7192420862718147,0.07612374968915091,0.08049748214445421
-0.1999999999999995,0.6000000000000002,0.3500000000000001,1,1,1,0.00011439193416622473,0.0005529650812782857,0.16630762464894655,0.8287610047516478,0.08045893161339814,0.10863913999757971
-0.24999999999999956,0.6000000000000002,0.3500000000000001,1,1,1,0.00011667278806766178,0.0001811508099935598,0.11139176215869728,0.9151965691929055,0.0810811038898633,0.12768984542346895
-0.2999999999999996,0.6000000000000002,0.3500000000000001,1,1,1,0.00014292004591049963,0.00010289958823019077,0.027850507911228117,0.9920445006403815,0.0772411339200269,0.1418171229710959
-0.34999999999999964,0.6000000000000002,0.3500000000000001,0,0,1,0.04819245973789304,7.020149010887731e-05,0.0,1.0619002319315878,0.07058767541435058,0.15198080446304957
-0.3999999999999997,0.6000000000000002,0.3500000000000001,0,0,1,0.1619646029216597,5.4356479605201466e-05,0.0,1.1249313773851846,0.06380737873883803,0.15877437793620625
-0.44999999999999973,0.6000000000000002,0.3500000000000001,0,0,1,0.2654322969221174,4.7445116124891696e-05,0.0,1.18008941792006,0.058954760289720076,0.16302487202884672
-0.4999999999999998,0.6000000000000002,0.3500000000000001,0,0,1,0.4564953758734013,4.574439775666514e-05,0.0,1.1586041749156688,0.08980215450996969,0.16582441762624964
-0.5499999999999998,0.6000000000000002,0.3500000000000001,0,0,1,0.6086729235747529,4.632375774369062e-05,0.0,1.1258201634453138,0.10327212160020578,0.16820171030713874
-0.5999999999999999,0.6000000000000002,0.3500000000000001,0,0,1,0.775325602496979,4.682751695169544e-05,0.0,1.1122244795078744,0.110419133001365,0.17074704087365866
-0.6499999999999999,0.6000000000000002,0.3500000000000001,0,0,1,0.8013444294873469,4.6149582445206386e-05,0.006300864284205954,1.1177651688586945,0.16465026039236563,0.1734277809910093
-0.7,0.6000000000000002,0.3500000000000001,0,0,1,1.0349925753409481,4.467585875124486e-05,0.0,1.1398290968956333,0.04559277672838395,0.17564173044939904
-0.75,0.6000000000000002,0.3500000000000001,0,0,1,0.18804814757736754,4.3629107747876964e-05,0.0,1.0617884415361687,0.0024208707502829563,0.1764234917239318
-0.75,0.6500000000000002,0.3500000000000001,0,0,1,1.0675950474651448,0.00010916091691913818,0.0,1.0938323980879088,0.04566386062049117,0.16211515342371266
-0.7,0.6500000000000002,0.3500000000000001,0,0,1,0.9988124910368796,4.153029295941259e-05,0.0,1.134334691026186,0.04570684916232211,0.16464457512865563
-0.6499999999999999,0.6500000000000002,0.3500000000000001,0,0,1,0.8190062838530133,4.270342810127581e-05,0.0,1.1415261178241538,0.04558451886946481,0.1650454793876324
-0.5999999999999999,0.6500000000000002,0.3500000000000001,0,0,1,0.7895210312675748,4.555993492365667e-05,0.0,1.1355757683710839,0.045546555054796545,0.16388689473041532
-0.5499999999999998,0.6500000000000002,0.3500000000000001,0,0,1,0.7468741588109442,4.943652539310483e-05,0.0,1.11701118378447,0.04554867954749893,0.16150042119458466
-0.4999999999999998,0.6500000000000002,0.3500000000000001,0,0,1,0.7035294275438219,5.421195548052259e-05,0.0,1.0867064339197996,0.045554044552937725,0.15788354797854037
-0.44999999999999973,0.6500000000000002,0.3500000000000001,0,0,1,0.6590915806155984,6.0914406708293305e-05,0.0,1.04580009996033,0.045563032089966,0.15270637342598062
-0.3999999999999997,0.6500000000000002,0.3500000000000001,0,0,1,0.6135295877053286,7.236553437644575e-05,0.0,0.9954260159800868,0.045574389125771095,0.14540953085916974
-0.34999999999999964,0.6500000000000002,0.3500000000000001,0,0,1,0.3741016368594857,9.452017244356746e-05,0.0,0.9362783062838079,0.011245225268200081,0.13530995695929826
-0.2999999999999996,0.6500000000000002,0.3500000000000001,0,0,1,0.24173401420229101,0.00014191845677004715,0.0,0.8679050874621828,0.0017200706671742926,0.12154488988264983
-0.24999999999999956,0.6500000000000002,0.3500000000000001,0,0,1,0.2196310019124322,0.00026475065154343136,0.0,0.7870893493258093,0.0017447433221380545,0.1025578234578576
-0.1999999999999995,0.6500000000000002,0.3500000000000001,0,0,1,0.26395563971400127,0.000759076634372993,0.0,0.68193684204727,0.007053949648409872,0.07403475346699318
-0.14999999999999947,0.6500000000000002,0.3500000000000001,0,0,0,0.2599769738220264,0.0026413501377567316,0.0,0.26384132858525655,0.0394670758287347,0.0003796661888455659
-0.09999999999999942,0.6500000000000002,0.3500000000000001,0,0,0,0.2718145487242559,0.2987212578161581,0.0,0.24141640662095765,0.04707893785257972,0.020537213677658633
-0.09999999999999942,0.7000000000000002,0.3500000000000001,0,0,0,0.3392624352264898,0.12042813770476458,0.0,0.0,0.04717810850048557,0.04539706570942862
-0.14999999999999947,0.7000000000000002,0.3500000000000001,0,0,0,0.14325844006949803,0.04320748243188464,0.0,0.25039394410244875,0.04591411584425552,0.10283054818131368
-0.1999999999999995,0.7000000000000002,0.3500000000000001,0,0,0,0.24068517426544314,0.015849144257090938,0.0,0.15687284216441033,0.047145878567018316,0.022966926867953673
-0.24999999999999956,0.7000000000000002,0.3500000000000001,0,0,1,0.5132139750663655,0.0010876359735329806,0.0,0.6106291459971702,0.06527411911622619,0.05218701943066915
-0.2999999999999996,0.7000000000000002,0.3500000000000001,0,0,1,0.23653491028286583,0.0009357436627102307,0.0,0.7310014475435009,0.046897025304726773,0.08683287086897708
-0.34999999999999964,0.7000000000000002,0.3500000000000001,0,0,1,0.26997977131275447,0.0002044683213571905,0.0,0.8098076296147637,0.046622032104111505,0.10705572455863181
-0.3999999999999997,0.7000000000000002,0.3500000000000001,0,0,1,0.4686057652170057,0.0001069294485637867,0.0,0.871833903436309,0.05286618001476575,0.12123839752676747
-0.44999999999999973,0.7000000000000002,0.3500000000000001,0,0,1,0.655472387369168,7.323259318849296e-05,0.0,0.9212227831061267,0.045544900445788995,0.1313357533512168
-0.4999999999999998,0.7000000000000002,0.3500000000000001,0,0,1,0.6684436743112024,5.894864536664519e-05,0.0,0.9593471593024251,0.045576387412067355,0.13837480223308063
-0.5499999999999998,0.7000000000000002,0.3500000000000001,0,0,1,0.7064613649777262,5.2626775616841316e-05,0.0,0.9862685203326901,0.04557650238290432,0.1429088710856952
-0.5999999999999999,0.7000000000000002,0.3500000000000001,0,0,1,0.7535600204480086,5.041732750411373e-05,0.0,1.0015367487912112,0.04556665901346844,0.14519464776039737
-0.6499999999999999,0.7000000000000002,0.3500000000000001,0,0,1,0.800010217338292,5.0976367123930534e-05,0.0,1.00452563826933,0.04555858299103451,0.14523206458008917
-0.7,0.7000000000000002,0.3500000000000001,0,0,1,0.8457719783159033,5.4381402729221736e-05,0.0,0.9945270061469507,0.04555351709851551,0.1427802721044143
-0.75,0.7000000000000002,0.3500000000000001,0,0,1,0.8927670318245775,6.218024914742242e-05,0.0,0.9706460877336464,0.045551683381876366,0.13737336662289223
-0.75,0.7500000000000002,0.3500000000000001,0,0,1,0.9758316211620018,0.0007091012607043195,0.0,0.7883934761280467,0.04546420774050715,0.09639892050694945
-0.7,0.7500000000000002,0.3500000000000001,0,0,1,0.9592751865114203,8.84296801121456e-05,0.0,0.8198891818407753,0.04544040821488354,0.10527489375124982
-0.6499999999999999,0.7500000000000002,0.3500000000000001,0,0,1,0.9464840340606151,7.576407070874302e-05,0.0,0.8355422343198055,0.04540208534964412,0.11008360904463789
-0.5999999999999999,0.7500000000000002,0.3500000000000001,0,0,1,0.939247659252743,7.487366238606638e-05,0.0,0.8360106545652541,0.04533688712616124,0.11114733608261244
-0.5499999999999998,0.7500000000000002,0.3500000000000001,0,0,1,0.9108953483154604,8.341223203548914e-05,0.0,0.8224194045271704,0.044290275354814765,0.10874908204267723
-0.4999999999999998,0.7500000000000002,0.3500000000000001,0,0,1,0.6273684022740588,0.00010486271288093622,0.0,0.794984991396948,0.04680019877765477,0.10275810189229587
-0.44999999999999973,0.7500000000000002,0.3500000000000001,0,0,1,0.8052952739293303,0.00015455070469316752,0.0,0.7526388564254141,0.010138465457433249,0.0925011285214052
-0.3999999999999997,0.7500000000000002,0.3500000000000001,0,0,1,0.5896724316423477,0.0002960613201101921,0.0,0.6912547390002923,0.031116793739652926,0.07619653600897607
-0.34999999999999964,0.7500000000000002,0.3500000000000001,0,0,1,0.2618429569050641,0.0009915174211567776,0.0,0.595410652540981,0.0469277225573834,0.048264130729226966
-0.2999999999999996,0.7500000000000002,0.3500000000000001,0,0,0,0.5684678727237263,0.00952073811666335,0.0,0.2277386864584412,0.12081681122498157,0.012678892211610775
-0.24999999999999956,0.7500000000000002,0.3500000000000001,0,0,0,0.9613997865779024,0.04601298580553068,0.0,0.24716738697008545,0.023526591211897777,0.04045282772790398
-0.1999999999999995,0.7500000000000002,0.3500000000000001,0,0,0,1.3257187870854878,0.09499353717919083,0.0,0.1800946474452872,0.022181993804126453,0.01958096109532762
-0.14999999999999947,0.7500000000000002,0.3500000000000001,0,0,0,0.5269635746462283,2.6391651497470314,0.0,0.0,0.032095006932926856,0.04335840191465994
-0.09999999999999942,0.7500000000000002,0.3500000000000001,0,0,0,1.2087887368430117,2.3693111505056894,0.0,0.0,0.10275204531994298,0.04253295774422508
-0.09999999999999942,0.8000000000000003,0.3500000000000001,0,0,0,0.7244133242478107,2.6593799012066968,0.0,0.0,0.08208005981068778,0.045571845676607686
-0.14999999999999947,0.8000000000000003,0.3500000000000001,0,0,0,0.605470761659157,1.1835883725721765,0.0,0.32679372240143345,0.09972679859361322,0.12837207004761825
-0.1999999999999995,0.8000000000000003,0.3500000000000001,0,0,0,1.2515092653206976,0.29141954810439546,0.0,0.0,0.12831345991274481,0.04500814495235203
-0.24999999999999956,0.8000000000000003,0.3500000000000001,0,0,0,0.3050938198141943,2.595646631086766,0.0,0.0,0.046754347465084126,0.045571845676607686
-0.2999999999999996,0.8000000000000003,0.3500000000000001,0,0,0,0.4757972331919685,0.3302030177444983,0.0,0.25291366070519317,0.046924134320932474,0.06727914859283658
-0.34999999999999964,0.8000000000000003,0.3500000000000001,0,0,0,0.5879674950593459,0.04048664006498294,0.0,0.0,0.04232166307318536,0.04546766723978818
-0.3999999999999997,0.8000000000000003,0.3500000000000001,0,0,0,0.6900914896714372,0.02239104520945704,0.022271143577395236,0.24075663281331083,0.14248529443639465,0.04771012837827997
-0.44999999999999973,0.8000000000000003,0.3500000000000001,0,0,0,0.9904799944077005,0.009798474137754613,0.0,0.2236228235885092,0.02516328706969328,0.013245989429192395
-0.4999999999999998,0.8000000000000003,0.3500000000000001,0,0,1,1.4667730266911236,0.001752252591322363,0.0,0.34737369351055936,0.04701626544576962,0.009203015012542407
-0.5499999999999998,0.8000000000000003,0.3500000000000001,0,0,1,1.2209804322480413,0.0008851038089112005,0.0,0.47117843285446476,0.010937619401539027,0.02794116083700917
-0.5999999999999999,0.8000000000000003,0.3500000000000001,0,0,1,0.7740160271526566,0.0017550373674926787,0.0,0.5561889264900053,0.046811400094677505,0.04071029162968053
-0.6499999999999999,0.8000000000000003,0.3500000000000001,0,0,1,1.1283084851800824,0.0004931751030083646,0.0,0.515812276375377,0.04152001892701173,0.034631158315913964
-0.7,0.8000000000000003,0.3500000000000001,0,0,1,1.1568386154245711,0.0016394494440023525,0.0,0.3904668614849324,0.045197866663442006,0.015641745478660877
-0.75,0.8000000000000003,0.3500000000000001,0,0,0,1.2001081734157364,0.008145313850861468,0.0,0.23845221981151088,0.045052794580984774,0.008890203139881467
-0.75,0.8500000000000002,0.3500000000000001,0,0,0,0.9869206539510963,0.07518260031390987,0.0,0.23853792478548042,0.04469181301303707,0.13355916875915835
-0.7,0.8500000000000002,0.3500000000000001,0,0,0,3.0437004171800757,0.06043183821005887,0.0,0.23470992251531397,0.04575665790371237,0.11719689101369549
-0.6499999999999999,0.8500000000000002,0.3500000000000001,0,0,0,1.6072160614883644,0.4637420381156598,0.0,0.2353602535152779,0.045844359962555634,0.01042529384687588
-0.5999999999999999,0.8500000000000002,0.3500000000000001,0,0,0,1.152421351049199,0.2848861818475876,0.0,0.23585061382738637,0.04450818179438709,0.04307456454418177
-0.5499999999999998,0.8500000000000002,0.3500000000000001,0,0,0,1.8469060677445501,0.05601068884271847,0.0,0.0,0.045109694227653895,0.04538079635859876
-0.4999999999999998,0.8500000000000002,0.3500000000000001,0,0,0,0.9988501371055012,0.07518522357807049,0.0,0.10461183771033128,0.117253571276236,0.03041112362906109
-0.44999999999999973,0.8500000000000002,0.3500000000000001,0,0,0,0.3327523269904552,0.05839483818899248,0.0,0.24364182925578604,0.04506536968307289,0.07710178837790962
-0.3999999999999997,0.8500000000000002,0.3500000000000001,0,0,0,0.38288830633186083,2.552543438145977,0.0,0.0,0.020371321190366977,0.045571845676607686
-0.34999999999999964,0.8500000000000002,0.3500000000000001,0,0,0,0.680081323869009,2.5704314836447413,0.0,0.0,0.0450411477376896,0.045571845676607686
-0.2999999999999996,0.8500000000000002,0.3500000000000001,0,0,0,0.9775423160014759,2.5086479472957977,0.0,0.0,0.18024118515477425,0.02187854765684155
-0.24999999999999956,0.8500000000000002,0.3500000000000001,0,0,0,0.11786905278584343,1.8500047606056849,0.0,0.0,0.04530218496104315,0.1299662631684652
-0.1999999999999995,0.8500000000000002,0.3500000000000001,0,0,0,0.6977165925333682,2.4679301636294264,0.0,0.0,0.11988087321574019,0.04401776003317752
-0.14999999999999947,0.8500000000000002,0.3500000000000001,0,0,0,0.7259553248210135,2.9011319720014557,0.0,0.0,0.04745702618844443,0.11960377002307378
-0.09999999999999942,0.8500000000000002,0.3500000000000001,0,0,0,0.542380890002253,2.6721373569789058,0.0,0.0,0.0449762336975416,0.045571845676607686
-0.09999999999999942,0.9000000000000002,0.3500000000000001,0,0,0,0.8030757797785778,2.6857651889512386,0.0,0.0,0.04749455295860372,0.045571845676607686
-0.14999999999999947,0.9000000000000002,0.3500000000000001,0,0,0,0.13479517975142824,2.856411699542645,0.0,0.0,0.045232602644299055,0.045580877407428395
-0.1999999999999995,0.9000000000000002,0.3500000000000001,0,0,0,0.12710892002618163,3.2704858140471735,0.0,0.0,0.04497152199594577,0.1307029602053772
-0.24999999999999956,0.9000000000000002,0.3500000000000001,0,0,0,1.226307778108092,3.2713187364824976,0.0,0.0,0.04707938353512937,0.0440639342147937
-0.2999999999999996,0.9000000000000002,0.3500000000000001,0,0,0,0.535159600562185,0.829121869207626,0.0,0.40807469930719265,0.06304551737755952,0.14761261739559312
-0.34999999999999964,0.9000000000000002,0.3500000000000001,0,0,0,1.1106473160961412,1.5953956035446208,0.0,0.0,0.1787033942441258,0.04566817337872037
-0.3999999999999997,0.9000000000000002,0.3500000000000001,0,0,0,2.7899082758467326,0.7063628190574802,0.0,0.0,0.1307029602053774,0.046585517536940374
-0.44999999999999973,0.9000000000000002,0.3500000000000001,0,0,0,0.7246122644762605,2.549873446026711,0.0,0.0,0.04542682172944993,0.045571845676607686
-0.4999999999999998,0.9000000000000002,0.3500000000000001,0,0,0,1.6321691327853454,2.4408796677511906,0.0,0.0,0.22624870346570314,0.046258349644469336
-0.5499999999999998,0.9000000000000002,0.3500000000000001,0,0,0,2.4384932550137624,1.8470320982197541,0.0,0.0,0.1521404142072297,0.16708615273159966
-0.5999999999999999,0.9000000000000002,0.3500000000000001,0,0,0,0.4532033945999135,3.2127011843157502,0.0,0.0,0.0448984709350801,0.13151076755972704
-0.6499999999999999,0.9000000000000002,0.3500000000000001,0,0,0,0.5180029154744591,2.5083252838381327,0.0,0.0,0.1281312808518158,0.04616195987456977
-0.7,0.9000000000000002,0.3500000000000001,0,0,0,2.366800880027064,0.4819015144453678,0.0,0.0,0.19728629350995744,0.058152572237208065
-0.75,0.9000000000000002,0.3500000000000001,0,0,0,2.589961212785806,3.153858499644231,0.0,0.0,0.04488637681724475,0.18397811673228545
-0.75,0.9500000000000003,0.3500000000000001,0,0,0,1.009841785629117,3.1507032266050894,0.0,0.0,0.04546481345400391,0.1331779704028356
-0.7,0.9500000000000003,0.3500000000000001,0,0,0,2.565256094702222,2.4015966502382255,0.0,0.0,0.1791299391542865,0.04622961345991731
-0.6499999999999999,0.9500000000000003,0.3500000000000001,0,0,0,2.5940105239562095,1.0694278445510093,0.0,0.0,0.1723416599636823,0.11966616090283046
-0.5999999999999999,0.9500000000000003,0.3500000000000001,0,0,0,2.484599738735447,2.4356156916173366,0.0,0.0,0.15021599076321546,0.04587495597975071
-0.5499999999999998,0.9500000000000003,0.3500000000000001,0,0,0,0.7096983278995579,2.696301542243065,0.0,0.0,0.22170423785094204,0.04059258184188603
-0.4999999999999998,0.9500000000000003,0.3500000000000001,0,0,0,1.45232271248021,1.5637439901430388,0.0,0.0,0.1884003104166028,0.12717252129986154
-0.44999999999999973,0.9500000000000003,0.3500000000000001,0,0,0,1.4363602580227983,2.5243112706319306,0.0,0.0,0.11278603035616162,0.045571845676607554
-0.3999999999999997,0.9500000000000003,0.3500000000000001,0,0,0,2.46776286237004,3.0373454152607753,0.0,0.677861564728921,0.1314350232931806,0.12105923602279157
-0.34999999999999964,0.9500000000000003,0.3500000000000001,0,0,0,0.2467851449926549,2.5996444378707344,0.0,0.0,0.045237128510877266,0.045571845676607686
-0.2999999999999996,0.9500000000000003,0.3500000000000001,0,0,0,0.48958912964028684,1.576456484824701,0.0,0.0,0.1592397705739008,0.13581651606349823
-0.24999999999999956,0.9500000000000003,0.3500000000000001,0,0,0,0.3163360939593947,3.067705827888245,0.0,0.0,0.012391427795307828,0.1292110729676775
-0.1999999999999995,0.9500000000000003,0.3500000000000001,0,0,0,0.4499102845177147,2.65764392438534,0.0,0.0,0.017073939474050708,0.045571845676607686
-0.14999999999999947,0.9500000000000003,0.3500000000000001,0,0,0,2.330462220929961,2.6785651452433132,0.0,0.0,0.03498391865491178,0.045571845676607686
-0.09999999999999942,0.9500000000000003,0.3500000000000001,0,0,0,2.064315815527666,2.7002502191097686,0.0,0.0,0.1407895354989864,0.045571845676607686
-0.09999999999999942,1.0000000000000002,0.3500000000000001,0,0,0,0.7084245431914834,1.616604768143251,0.0,0.0,0.2037181280520203,0.04281826424388835
-0.14999999999999947,1.0000000000000002,0.3500000000000001,0,0,0,2.096484672500502,2.3293887457764155,0.0,0.0,0.13070296020537744,0.13125328264949734
-0.1999999999999995,1.0000000000000002,0.3500000000000001,0,0,0,0.78817623100652,2.673216755978157,0.0,0.0,0.012508725777424118,0.045571845676607686
-0.24999999999999956,1.0000000000000002,0.3500000000000001,0,0,0,0.7332541297102931,0.37114069391329013,0.0,0.0,0.13708836003689143,0.08882235953336093
-0.2999999999999996,1.0000000000000002,0.3500000000000001,0,0,0,1.2878604666944253,2.633971869147873,0.0,0.0,0.06296330210324487,0.045571845676607686
-0.34999999999999964,1.0000000000000002,0.3500000000000001,0,0,0,0.9761189352128308,1.7331960873098171,0.0,0.0,0.07091325160167301,0.14020135079169294
-0.3999999999999997,1.0000000000000002,0.3500000000000001,0,0,0,0.8649512222017492,3.133667602425537,0.0,0.0,0.04288605412017851,0.12290225751938777
-0.44999999999999973,1.0000000000000002,0.3500000000000001,0,0,0,2.2938677937128022,1.7064833546955507,0.0,0.0,0.13211904931158755,0.038511543668262996
-0.4999999999999998,1.0000000000000002,0.3500000000000001,0,0,0,2.141877730325386,2.1361864224659044,0.0,0.0,0.02686370505769975,0.03617241253974123
-0.5499999999999998,1.0000000000000002,0.3500000000000001,0,0,0,1.6345593752553076,0.2428449422109659,0.0,0.0,0.08966875312346521,0.04314711758434566
-0.5999999999999999,1.0000000000000002,0.3500000000000001,0,0,0,2.6927011538118086,1.4771619890383882,0.0,0.0,0.14864729362016782,0.047526471163709255
-0.6499999999999999,1.0000000000000002,0.3500000000000001,0,0,0,1.1400091831550834,2.5720343834889765,0.0,0.0,0.04555103688770766,0.04609352931281834
-0.7,1.0000000000000002,0.3500000000000001,0,0,0,2.247578554889019,2.4287508152816666,0.0,0.0,0.01836401598568422,0.04626773811241382
-0.75,1.0000000000000002,0.3500000000000001,0,0,0,1.172404218853415,2.3726635842727184,0.0,0.0,0.045536976262488954,0.04615981935892324
-0.75,1.0000000000000002,0.40000000000000013,0,0,0,2.29844050720529,1.6384521860140326,0.0,0.0,0.04393078265706825,0.10781369665080068
-0.7,1.0000000000000002,0.40000000000000013,0,0,0,2.2514616585142084,0.8216077999545064,0.0,0.0,0.2075154257600528,0.1858373358843908
-0.6499999999999999,1.0000000000000002,0.40000000000000013,0,0,0,0.9504815554894825,2.4484492988778532,0.0,0.0,0.13735913072082245,0.046285036368101516
-0.5999999999999999,1.0000000000000002,0.40000000000000013,0,0,0,0.6500576293531688,0.714409123796276,0.0,0.0,0.04516968765828802,0.21177242920323436
-0.5499999999999998,1.0000000000000002,0.40000000000000013,0,0,0,1.3075211433665666,1.3496439179311694,0.0,0.36541170757988917,0.007131575391775433,0.10021103626322606
-0.4999999999999998,1.0000000000000002,0.40000000000000013,0,0,0,1.717117703256117,2.5034730833628367,0.0,0.0,0.08362927320655213,0.046339784958075725
-0.44999999999999973,1.0000000000000002,0.40000000000000013,0,0,0,1.566560838554874,3.2481986619429084,0.0,0.0,0.09908886372088377,0.13017937523082548
-0.3999999999999997,1.0000000000000002,0.40000000000000013,0,0,0,0.4517425212867813,2.8383158682216503,0.0,0.0,0.0445515625489877,0.11668799243071915
-0.34999999999999964,1.0000000000000002,0.40000000000000013,0,0,0,2.396437539258403,2.2382844769211037,0.0,0.0,0.1271921563615462,0.034261742054764024
-0.2999999999999996,1.0000000000000002,0.40000000000000013,0,0,0,0.932029758672211,2.5826786633112038,0.01492191914287222,0.0,0.15725883043121666,0.04257329161906696
-0.24999999999999956,1.0000000000000002,0.40000000000000013,0,0,0,0.3655419585753091,2.6594468705404513,0.0,0.0,0.04530283798404897,0.045571845676607686
-0.1999999999999995,1.0000000000000002,0.40000000000000013,0,0,0,0.42496047666485287,2.679421143776659,0.0,0.0,0.04491088394899082,0.045571845676607686
-0.14999999999999947,1.0000000000000002,0.40000000000000013,0,0,0,0.7155852477787533,2.553983504241317,0.0,0.0,0.02407234693279623,0.10147361192804737
-0.09999999999999942,1.0000000000000002,0.40000000000000013,0,0,0,0.3976001738068109,2.7216865511475534,0.0,0.0,0.04489594723640424,0.045571845676607686
-0.09999999999999942,0.9500000000000003,0.40000000000000013,0,0,0,1.8624713919781068,2.706392633576546,0.0,0.0,0.04755510449082594,0.045571845676607686
-0.14999999999999947,0.9500000000000003,0.40000000000000013,0,0,0,0.5127127145254428,1.378875643109388,0.0,0.0,0.11388813909371474,0.0022521492532985832
-0.1999999999999995,0.9500000000000003,0.40000000000000013,0,0,0,0.6698500230975527,3.214740331173952,0.0,0.0,0.1272359131200632,0.11440207100621662
-0.24999999999999956,0.9500000000000003,0.40000000000000013,0,0,0,2.3559115133262196,2.6437929309246835,0.0,0.0,0.126761673833558,0.045571845676607686
-0.2999999999999996,0.9500000000000003,0.40000000000000013,0,0,0,1.124064253755535,2.624500153003864,0.0,0.0,0.08621090911691678,0.045571845676607686
-0.34999999999999964,0.9500000000000003,0.40000000000000013,0,0,0,2.1617956300881502,3.1765423004870876,0.0,0.0,0.20689895021204308,0.10981535264602386
-0.3999999999999997,0.9500000000000003,0.40000000000000013,0,0,0,1.4523487381638378,2.5883819339767586,0.0,0.0,0.1111120416995884,0.045571845676607686
-0.44999999999999973,0.9500000000000003,0.40000000000000013,0,0,0,0.5040506913573026,2.06068633644076,0.0,0.0,0.0524330179932682,0.11872336393615429
-0.4999999999999998,0.9500000000000003,0.40000000000000013,0,0,0,1.4490562390084603,3.1617314705441366,0.0,0.0,0.1912869823668083,0.13392251146606599
-0.5499999999999998,0.9500000000000003,0.40000000000000013,0,0,0,0.7563970630444488,0.8843883770256152,0.0,1.0119676682188503,0.027235445179731952,0.10746966847672904
-0.5999999999999999,0.9500000000000003,0.40000000000000013,0,0,0,1.4295323039956207,1.7538822644009284,0.0,0.0,0.04471428941443926,0.17166052085748945
-0.6499999999999999,0.9500000000000003,0.40000000000000013,0,0,0,2.1909123680604425,2.42145612779098,0.0,0.0,0.21870364365923578,0.04624698293787692
-0.7,0.9500000000000003,0.40000000000000013,0,0,0,1.0054451151038184,2.4605232949026825,0.0,0.0,0.045421043793369704,0.0461994072852629
-0.75,0.9500000000000003,0.40000000000000013,0,0,0,2.225827338163619,2.4950706956262736,0.0,0.0,0.16612330902009595,0.04440107721452701
-0.75,0.9000000000000002,0.40000000000000013,0,0,0,2.2302395290091455,2.4664070436518957,0.0,0.0,0.21452323073001547,0.045979251250392664
-0.7,0.9000000000000002,0.40000000000000013,0,0,0,2.4565428928736837,1.5967987536722736,0.0,0.0,0.1909426714984351,0.04760959884421978
-0.6499999999999999,0.9000000000000002,0.40000000000000013,0,0,0,2.2429359065309122,2.39555939022153,0.0,0.0,0.04393078265706825,0.046209442635537445
-0.5999999999999999,0.9000000000000002,0.40000000000000013,0,0,0,0.600065129005236,2.420422371360145,0.0,0.0,0.07721341670866334,0.045858609606182946
-0.5499999999999998,0.9000000000000002,0.40000000000000013,0,0,0,0.5596671550209721,2.1937069844815684,0.0,0.0,0.07704388188346,0.1284199778282142
-0.4999999999999998,0.9000000000000002,0.40000000000000013,0,0,0,2.150170004013622,2.540359113105301,0.0,0.0,0.05310071525616851,0.045571845676607686
-0.44999999999999973,0.9000000000000002,0.40000000000000013,0,0,0,1.4524858169771817,2.574838116780708,0.0,0.0,0.2166468644455899,0.10573531423399968
-0.3999999999999997,0.9000000000000002,0.40000000000000013,0,0,0,0.13816217608666267,2.2349786138108074,0.0,0.0,0.22072716053708413,0.046444822827501404
-0.34999999999999964,0.9000000000000002,0.40000000000000013,0,0,0,0.676601862319791,2.5910122440867034,0.0,0.0,0.07266686260435992,0.045571845676607686
-0.2999999999999996,0.9000000000000002,0.40000000000000013,0,0,0,0.360735849260386,3.12359816768826,0.0,0.0,0.051673987247125894,0.17815488034055935
-0.24999999999999956,0.9000000000000002,0.40000000000000013,0,0,0,2.2073520513484364,2.301529843345013,0.0,0.0,0.059987569497453395,0.15703251246386904
-0.1999999999999995,0.9000000000000002,0.40000000000000013,0,0,0,0.1964013141047494,1.0262171151348387,0.0,0.0,0.04523815647914976,0.04296467471486032
-0.14999999999999947,0.9000000000000002,0.40000000000000013,0,0,0,2.080482033741688,2.275270577171645,0.0,0.0,0.1321338352981176,0.1312744350555471
-0.09999999999999942,0.9000000000000002,0.40000000000000013,0,0,0,0.5521879876450161,2.6919406552629126,0.0,0.0,0.0430069880840079,0.045571845676607686
-0.09999999999999942,0.8500000000000002,0.40000000000000013,0,0,0,0.24233658490309706,2.354633780526657,0.0,0.0,0.07751119122137036,0.13085363031841382
-0.14999999999999947,0.8500000000000002,0.40000000000000013,0,0,0,0.19918956476401298,0.8768926482983206,0.0,0.6990250697653315,0.0485304716161249,0.1548359388142997
-0.1999999999999995,0.8500000000000002,0.40000000000000013,0,0,0,0.1256913738976002,2.6353838200264503,0.0,0.0,0.016906747704405263,0.045571845676607686
-0.24999999999999956,0.8500000000000002,0.40000000000000013,0,0,0,0.06625150142928844,0.9961963350476247,0.0,0.7343889801477927,0.04531644774185522,0.09225382635193334
-0.2999999999999996,0.8500000000000002,0.40000000000000013,0,0,0,0.1416956249803465,0.22326415779757164,0.0,0.0,0.04510675974291281,0.043185620815010775
-0.34999999999999964,0.8500000000000002,0.40000000000000013,0,0,0,1.356975154784876,2.5768833604544743,0.0,0.0,0.04404202088474525,0.045571845676607686
-0.3999999999999997,0.8500000000000002,0.40000000000000013,0,0,0,0.10783300972448057,1.506950078960547,0.0,0.0,0.045107932930402043,0.025889433506491828
-0.44999999999999973,0.8500000000000002,0.40000000000000013,0,0,0,0.5479120933224217,0.07426657755613235,0.0,0.33551191503674627,0.0452625149444296,0.10098280716574712
-0.4999999999999998,0.8500000000000002,0.40000000000000013,0,0,0,0.5464861065196962,0.12791008222920155,0.0,0.3105499047675857,0.10440857149995847,0.01903846169469577
-0.5499999999999998,0.8500000000000002,0.40000000000000013,0,0,0,0.7246157517150176,0.43864198661522463,0.0,0.3064535173453118,0.04560429990397382,0.02078861936154366
-0.5999999999999999,0.8500000000000002,0.40000000000000013,0,0,0,0.8267906273635783,0.0852271096802729,0.0,0.2866862185632911,0.04611160091197184,0.004105935399108761
-0.6499999999999999,0.8500000000000002,0.40000000000000013,0,0,0,2.4343749741784095,0.41911927413008543,0.0,0.3006565288181995,0.19755761050750423,0.026469101986656626
-0.7,0.8500000000000002,0.40000000000000013,0,0,0,2.3478284442666455,0.12322067054006126,0.0,0.2968251187655462,0.13230268965623834,0.019077568497114533
-0.75,0.8500000000000002,0.40000000000000013,0,0,0,1.9473157915982222,0.1585089200894822,0.0,0.3009025159735468,0.21457971367635947,0.029306675684832015
-0.75,0.8000000000000003,0.40000000000000013,0,0,0,1.2144479805766735,0.011556603845481371,0.0,0.2940500062255367,0.04481522134689163,0.016658114374583817
-0.7,0.8000000000000003,0.40000000000000013,0,0,0,1.12914762870493,0.0021695640687591686,0.0,0.31213286191771616,0.00310849854635869,0.0006812671230484722
-0.6499999999999999,0.8000000000000003,0.40000000000000013,0,0,1,1.1799485359158433,0.0004972114232814716,0.0,0.44446229311765545,0.040633091939980014,0.023868877017173627
-0.5999999999999999,0.8000000000000003,0.40000000000000013,0,0,1,1.4248511441659595,0.00029472531650551594,0.0,0.48406092292490593,0.046784919761795545,0.029844079935707098
-0.5499999999999998,0.8000000000000003,0.40000000000000013,0,0,1,1.1738441402034803,0.0019995016081749326,0.0,0.4761105592643862,0.028907719426655064,0.028649931177231
-0.4999999999999998,0.8000000000000003,0.40000000000000013,0,0,0,0.8869882003878137,0.002878170691929962,0.0,0.3143027894937041,0.09822612757433055,0.00044501506152301264
-0.44999999999999973,0.8000000000000003,0.40000000000000013,0,0,0,1.6223846071941628,0.013251936674819225,0.0,0.1818189816988247,0.0472201375800537,0.019266992162121153
-0.3999999999999997,0.8000000000000003,0.40000000000000013,0,0,0,0.5508415634082903,0.025061056478343422,0.0,0.3134360679769783,0.04648099224995151,0.05385522270820812
-0.34999999999999964,0.8000000000000003,0.40000000000000013,0,0,0,1.1775541588617588,0.04244023232349681,0.0,0.0,0.018719646542988636,0.04547097461139113
-0.2999999999999996,0.8000000000000003,0.40000000000000013,0,0,0,0.7573674041937087,0.07655241123673523,0.0,0.0,0.12215875874530516,0.045414289345394716
-0.24999999999999956,0.8000000000000003,0.40000000000000013,0,0,0,0.6101742736632685,0.11733632264965072,0.09924236297021016,0.0,0.11417649118462932,0.0454413871107509
-0.1999999999999995,0.8000000000000003,0.40000000000000013,0,0,0,0.46497557358240504,0.2513170658904775,0.0,0.17870034840812682,0.013107730078766006,0.019439120811473632
-0.14999999999999947,0.8000000000000003,0.40000000000000013,0,0,0,0.008943614750400628,0.7338698972272056,0.0,0.45806745947710836,0.0006750288436675073,0.09740813274018069
-0.09999999999999942,0.8000000000000003,0.40000000000000013,0,0,0,0.025929862425593826,2.436234088244748,0.0,0.0,0.011044531303044277,0.04247925001699872
-0.09999999999999942,0.7500000000000002,0.40000000000000013,0,0,0,0.6544868498141887,2.4162908028390135,0.12248305627975409,0.0,0.1622077463622043,0.04303075696251361
-0.14999999999999947,0.7500000000000002,0.40000000000000013,0,0,0,0.3744254268343449,0.36802566377021856,0.0,0.16386217266592978,0.04724141327132935,0.01935537922496534
-0.1999999999999995,0.7500000000000002,0.40000000000000013,0,0,0,0.5212054730496039,0.07894174623763008,0.0,0.48735685962846764,0.10980286465204782,0.14380675857148795
-0.24999999999999956,0.7500000000000002,0.40000000000000013,0,0,0,0.538666763977918,0.30259701424357555,0.07084963353488183,0.3133827316978999,0.15876842134890481,0.017251835671309956
-0.2999999999999996,0.7500000000000002,0.40000000000000013,0,0,0,1.2507310925724247,0.01294292858560571,0.0,0.30936595518176757,0.04733255861054969,0.0190164645185478
-0.34999999999999964,0.7500000000000002,0.40000000000000013,0,0,1,0.3934244346778181,0.0006773667137761996,0.0,0.5594369300223692,0.04690673517683715,0.041037679222047894
-0.3999999999999997,0.7500000000000002,0.40000000000000013,0,0,1,0.2910004275404436,0.0006362232748575412,0.0,0.7478168617615077,0.04642107489627621,0.07226574462818966
-0.44999999999999973,0.7500000000000002,0.40000000000000013,0,0,1,0.6657700447860377,0.00017772947946392785,0.0,0.8113298663537379,0.08457045320155034,0.0888478182298462
-0.4999999999999998,0.7500000000000002,0.40000000000000013,0,0,1,0.9701261506958325,0.00010714256116316852,0.0,0.8549120099355181,0.04656234487558885,0.0993145014441473
-0.5499999999999998,0.7500000000000002,0.40000000000000013,0,0,1,1.1144964565771927,8.434416978129875e-05,0.0,0.8825710290672026,0.04679904348063661,0.10541335557742285
-0.5999999999999999,0.7500000000000002,0.40000000000000013,0,0,1,0.956850266917307,7.83807570244085e-05,0.0,0.8955786295343987,0.04515915905781533,0.10787171153214639
-0.6499999999999999,0.7500000000000002,0.40000000000000013,0,0,1,0.9599769901748424,8.253361976140657e-05,0.0,0.8938045857843647,0.04529966342991449,0.10682722542145016
-0.7,0.7500000000000002,0.40000000000000013,0,0,1,0.9700694511808882,9.859157785442329e-05,0.0,0.8761322399689199,0.04539483138816599,0.10196713518501117
-0.75,0.7500000000000002,0.40000000000000013,0,0,1,0.9856215840567976,0.00013937688125904648,0.0,0.8400369407771238,0.04545228016565935,0.09243356695161033
-0.75,0.7000000000000002,0.40000000000000013,0,0,1,0.8714285470839694,0.0008223573451042375,0.0,1.032339763676772,0.045584086956330636,0.13459874119115525
-0.7,0.7000000000000002,0.40000000000000013,0,0,1,0.8551441246362448,5.3951933306571864e-05,0.0,1.0568022839097009,0.04558267552935005,0.1394705523132686
-0.6499999999999999,0.7000000000000002,0.40000000000000013,0,0,1,0.8079219059105914,5.192577045160585e-05,0.0,1.068545531103671,0.04558447047110216,0.14172720801563993
-0.5999999999999999,0.7000000000000002,0.40000000000000013,0,0,1,0.7594576943909261,5.389279649501598e-05,0.0,1.0665708451736382,0.04558365663885659,0.14153815995728813
-0.5499999999999998,0.7000000000000002,0.40000000000000013,0,0,1,0.7098045792447409,5.890940499259934e-05,0.0,1.0515134346260284,0.045575582436245224,0.13917694719762191
-0.4999999999999998,0.7000000000000002,0.40000000000000013,0,0,1,0.6823495060576692,6.769582954651971e-05,0.0,1.023987550583533,0.04552763142643403,0.13465124672157963
-0.44999999999999973,0.7000000000000002,0.40000000000000013,0,0,1,0.6734765316906358,8.316215846809935e-05,0.0,0.9844860693155982,0.045434916281021406,0.127684541776029
-0.3999999999999997,0.7000000000000002,0.40000000000000013,0,0,1,0.6163452002644088,0.00011316921396031607,0.0,0.9329894445910839,0.011015085758114253,0.11767659060926475
-0.34999999999999964,0.7000000000000002,0.40000000000000013,0,0,1,0.5655303463751122,0.00018136139019135243,0.0,0.8680167738850477,0.002387796016735312,0.10350569847998461
-0.2999999999999996,0.7000000000000002,0.40000000000000013,0,0,1,0.43705560985471975,0.0003892493877713918,0.0,0.7838573729424955,0.059717220121045765,0.08269479783924558
-0.24999999999999956,0.7000000000000002,0.40000000000000013,0,0,1,0.6060628527189224,0.0016442803279806443,0.0,0.6018401310153161,0.020196760767460943,0.04700673882200658
-0.1999999999999995,0.7000000000000002,0.40000000000000013,0,0,0,0.3607513110123037,0.01929187573188029,0.0,0.3195968087246581,0.04724213240252202,0.027592137353417593
-0.14999999999999947,0.7000000000000002,0.40000000000000013,0,0,0,0.4968404201547432,0.10367423056534414,0.0,0.32587759121410675,0.13641639214139187,0.013584663423315027
-0.09999999999999942,0.7000000000000002,0.40000000000000013,0,0,0,0.28473471114253013,2.3497064880323824,0.0,0.0,0.04713948779298185,0.04220743168343067
-0.09999999999999942,0.6500000000000002,0.40000000000000013,0,0,0,0.560546566233099,0.03786907914494037,0.0,0.34485998734857404,0.033015793111811895,0.08001996218079964
-0.14999999999999947,0.6500000000000002,0.40000000000000013,0,0,0,0.25449641469609213,0.005120471382948541,0.0,0.3101727417807192,0.04692166813487739,6.808355878523948e-05
-0.1999999999999995,0.6500000000000002,0.40000000000000013,0,0,1,0.4462705712684479,0.0008191156143498502,0.0,0.7356244905609699,0.0027291327925408368,0.07017834641072548
-0.24999999999999956,0.6500000000000002,0.40000000000000013,0,0,1,0.2243386202006867,0.0006138395514612101,0.0,0.8465640187410657,0.0052741970416909124,0.09913762966955142
-0.2999999999999996,0.6500000000000002,0.40000000000000013,0,0,1,0.3209988287681628,0.00018687813543110152,0.0,0.9298458377926282,0.009040483412665477,0.11774479318907916
-0.34999999999999964,0.6500000000000002,0.40000000000000013,0,0,1,0.5657338050023801,0.00010368461786637462,0.0,1.0003503629060162,0.04555333752574232,0.13105951264845084
-0.3999999999999997,0.6500000000000002,0.40000000000000013,0,0,1,0.6146892498525393,7.165930439470086e-05,0.0,1.0611597016672407,0.0455764216464551,0.14062243822801698
-0.44999999999999973,0.6500000000000002,0.40000000000000013,0,0,1,0.664472880925097,5.716153622314004e-05,0.0,1.1126842174469838,0.045584044894270564,0.14735291700938588
-0.4999999999999998,0.6500000000000002,0.40000000000000013,0,0,1,0.7126307114430648,5.096571118689674e-05,0.0,1.1541438746731352,0.045584182792587954,0.1520304102410499
-0.5499999999999998,0.6500000000000002,0.40000000000000013,0,0,1,0.7588987327494398,4.897915223361714e-05,0.0,1.1843107208709376,0.04558185900283182,0.15532955511721355
-0.5999999999999999,0.6500000000000002,0.40000000000000013,0,0,1,0.8034080644284295,4.875446594640648e-05,0.0,1.2019719542325618,0.04557945697670835,0.15766895577843598
-0.6499999999999999,0.6500000000000002,0.40000000000000013,0,0,1,0.7917771364551046,4.90118973920835e-05,0.0,1.206233413364769,0.04555427496435742,0.1590766426700039
-0.7,0.6500000000000002,0.40000000000000013,0,0,1,0.8446153041128328,4.96554796940871e-05,0.0,1.1570052483717945,0.04545531141427268,0.15917464708720114
-0.75,0.6500000000000002,0.40000000000000013,0,0,1,1.0207111930098216,5.1610076111652166e-05,0.0,1.0764516046295907,0.04552339601342207,0.15727814016885927
-0.75,0.6000000000000002,0.40000000000000013,0,0,1,0.26980593156036353,0.00012093982144147847,0.0,1.0346570353506637,0.012518741904975783,0.168407389211041
-0.7,0.6000000000000002,0.40000000000000013,0,0,1,1.1823394695115839,4.4136717792802497e-05,0.0,1.1122907137952118,0.04561638641219292,0.16620658846957564
-0.6499999999999999,0.6000000000000002,0.40000000000000013,0,0,1,1.1599618008121533,4.971897656156766e-05,0.0,1.132865883188109,0.04588480503922476,0.16287407471329585
-0.5999999999999999,0.6000000000000002,0.40000000000000013,0,0,1,0.2949436400699484,5.686182495989155e-05,0.0,1.1268057527622324,0.03167047286782124,0.15954904309849097
-0.5499999999999998,0.6000000000000002,0.40000000000000013,0,0,1,0.6487194189236954,6.366814638085649e-05,0.0,1.139873204277123,0.10967621380514166,0.15697580074109618
-0.4999999999999998,0.6000000000000002,0.40000000000000013,0,0,1,0.4774432573158316,6.787815513848691e-05,0.0,1.1721733725822787,0.09070229228113416,0.15524284551647033
-0.44999999999999973,0.6000000000000002,0.40000000000000013,0,0,1,0.2767723712539183,6.935678293697654e-05,0.0,1.2238161315472185,0.055043196568670044,0.15364040259051048
-0.3999999999999997,0.6000000000000002,0.40000000000000013,0,0,1,0.17503279652449097,7.178520404741338e-05,0.0,1.1874673731366001,0.05932785775404655,0.1508357020395572
-0.34999999999999964,0.6000000000000002,0.40000000000000013,0,0,1,0.06359715066927096,8.12649714882549e-05,0.0,1.1200928747188534,0.0653963885398448,0.1453957844723744
-0.2999999999999996,0.6000000000000002,0.40000000000000013,1,1,1,0.00019431703765606563,0.00010576934887505013,0.016712053194981813,1.0465068764614354,0.07190607383392435,0.13631446145880774
-0.24999999999999956,0.6000000000000002,0.40000000000000013,1,1,1,0.001762110142989213,0.00016092221355442995,0.1099468788670217,0.9665713013259563,0.07769196538027345,0.12302773269657602
-0.1999999999999995,0.6000000000000002,0.40000000000000013,1,1,1,0.00014654165536412972,0.00029956169381115274,0.14807719180298662,0.8771168297824812,0.0752216471466983,0.10458537574035166
-0.14999999999999947,0.6000000000000002,0.40000000000000013,1,1,1,0.00018505496717025576,0.000829702870846946,0.0571147100392535,0.7661185521407721,0.06956546159623796,0.07721870233002279
-0.09999999999999942,0.6000000000000002,0.40000000000000013,0,0,1,0.016425075381063577,0.001996868381776512,0.0,0.28948441205962916,0.05682634455444853,0.0015360270353102006
-0.09999999999999942,0.5500000000000002,0.40000000000000013,1,1,1,0.0016549446122939454,0.00013108596687371696,0.10105264456112728,0.7275570956688004,0.1127661418184718,0.07426830449118757
-0.14999999999999947,0.5500000000000002,0.40000000000000013,1,1,1,6.310279912181583e-05,0.0007968318477050365,0.1966535723219005,0.8276125678916506,0.11765153998495374,0.10192410229747938
-0.1999999999999995,0.5500000000000002,0.40000000000000013,1,1,1,6.012445990874886e-05,0.00023055369855905008,0.28697892363628785,0.9045684698593033,0.12008980656184363,0.12019124953713498
-0.24999999999999956,0.5500000000000002,0.40000000000000013,1,1,1,6.135477224644939e-05,0.00013703389395164304,0.31630300554651347,0.975592837142324,0.11965337977072424,0.13412803959802794
-0.2999999999999996,0.5500000000000002,0.40000000000000013,1,1,1,6.830310384378558e-05,9.612794284075069e-05,0.23112242176848374,1.0438454473141148,0.1164724914637145,0.14370578622594
-0.34999999999999964,0.5500000000000002,0.40000000000000013,1,1,1,8.386246129273207e-05,7.083634871241148e-05,0.13202515522471447,1.1093114607579029,0.1104828080294696,0.14768336970436863
-0.3999999999999997,0.5500000000000002,0.40000000000000013,1,1,1,0.00011663235453348218,5.418085720393363e-05,0.018122702156066595,1.1142674336111404,0.1013838537379072,0.14567743316100265
-0.44999999999999973,0.5500000000000002,0.40000000000000013,0,0,1,0.08765098383731239,4.5617882569411603e-05,0.0,1.041592095443686,0.09651073433327623,0.1393382621527913
-0.4999999999999998,0.5500000000000002,0.40000000000000013,0,0,1,0.2162237498499728,4.677336269965453e-05,0.0,0.9878383180198642,0.0873192240258648,0.13150688481790565
-0.5499999999999998,0.5500000000000002,0.40000000000000013,0,0,1,0.33135042330610714,5.8425697332794194e-05,0.0,0.9533250894287684,0.08035431340600804,0.12495790997756101
-0.5999999999999999,0.5500000000000002,0.40000000000000013,0,0,1,0.6287893600015942,7.752762868911382e-05,0.0,0.9382340197459356,0.09559573535239467,0.12179544314158121
-0.6499999999999999,0.5500000000000002,0.40000000000000013,0,0,1,0.851110890894527,9.32488726099749e-05,0.0,0.9425063972322127,0.08749798282116628,0.12314941422375106
-0.7,0.5500000000000002,0.40000000000000013,0,0,1,0.4207337301133797,9.354642616870616e-05,0.0,0.9658824193440636,0.14833141158515795,0.1289270614120527
-0.75,0.5500000000000002,0.40000000000000013,0,0,1,0.3565810451042951,8.045481507726241e-05,0.0,1.008063819037547,0.009485839425352364,0.1377665038049487
-0.75,0.5000000000000001,0.40000000000000013,0,0,1,0.5113017819633796,0.0011605932761951,0.0,0.8500863697301679,0.15584282572480504,0.09297488422554345
-0.7,0.5000000000000001,0.40000000000000013,0,0,1,0.8845605289769654,4.746169035399762e-05,0.002108139291501665,0.8069564318269551,0.052942087918400334,0.0712816890470069
-0.6499999999999999,0.5000000000000001,0.40000000000000013,0,0,1,0.645516433026411,0.000152047950860549,0.0,0.7818857671266604,0.07444667107129747,0.05590259609287915
-0.5999999999999999,0.5000000000000001,0.40000000000000013,0,0,1,0.332127724157543,0.00039367937618860644,0.0,0.775563944258455,0.10076651711796429,0.05096181828699468
-0.5499999999999998,0.5000000000000001,0.40000000000000013,0,0,1,0.20820469704882177,0.000622860843384046,0.0,0.7896433727439818,0.10931626201190486,0.05811673500579197
-0.4999999999999998,0.5000000000000001,0.40000000000000013,0,0,1,0.07225069461918257,0.00041862873419969506,0.0,0.8251264683224067,0.11620738767751379,0.07531926564605543
-0.44999999999999973,0.5000000000000001,0.40000000000000013,1,1,1,0.000549684446935126,0.00016733353179322976,0.05866679427737953,0.8811478952526439,0.12020262909884888,0.09681485070293396
-0.3999999999999997,0.5000000000000001,0.40000000000000013,1,1,1,6.580148967572559e-05,8.902596757235982e-05,0.18287480079495255,0.9567896324433991,0.1306389209738565,0.11798926707714756
-0.34999999999999964,0.5000000000000001,0.40000000000000013,1,1,1,5.280877148532617e-05,7.334650740337623e-05,0.29582714156429635,1.0512148865502164,0.13863969700698153,0.13500322141354476
-0.2999999999999996,0.5000000000000001,0.40000000000000013,1,1,1,4.61364648202137e-05,8.102034663706689e-05,0.36018014475693727,1.1638301332345573,0.1442498860476431,0.14380424189991467
-0.24999999999999956,0.5000000000000001,0.40000000000000013,1,1,1,4.352024277083303e-05,0.000104465281223857,0.34084937451104924,1.1055319388396905,0.14752477373629627,0.14173940751259234
-0.1999999999999995,0.5000000000000001,0.40000000000000013,1,1,1,4.395668008092352e-05,0.00015248455922052824,0.31963231853168494,1.0217758448958243,0.1485021171552605,0.13074264710066957
-0.14999999999999947,0.5000000000000001,0.40000000000000013,1,1,1,4.7070741230781494e-05,0.00025455421866190953,0.29613447749347,0.9366198607013693,0.14717786736387287,0.11464977819550713
-0.09999999999999942,0.5000000000000001,0.40000000000000013,1,1,1,5.308068816087617e-05,0.0005186261930856397,0.19519703140153233,0.839121837169311,0.14342952069361997,0.09455898849334454
-0.09999999999999942,0.45000000000000007,0.40000000000000013,1,1,1,7.874017812660779e-05,0.0002551531389054294,0.2583576561992693,0.8873242258515908,0.1652808891867805,0.10150074531115975
-0.14999999999999947,0.45000000000000007,0.40000000000000013,1,1,1,4.032340078821387e-05,0.0002679075303581214,0.3205474900403158,0.967652974386736,0.16801328439750374,0.11949578270067499
-0.1999999999999995,0.45000000000000007,0.40000000000000013,1,1,1,3.873992577196863e-05,0.00018814903483188976,0.35098213035536885,1.0487001228655743,0.16874540320206982,0.13546704689131941
-0.24999999999999956,0.45000000000000007,0.40000000000000013,1,1,1,3.729196071756637e-05,0.00015086723432605406,0.38043226699482213,1.0608839863882176,0.1672850082601613,0.1434260127725861
-0.2999999999999996,0.45000000000000007,0.40000000000000013,1,1,1,3.6879298233178866e-05,0.00013815790517443096,0.4079499811121452,1.0301123762616111,0.163360219215372,0.1353620876143984
-0.34999999999999964,0.45000000000000007,0.40000000000000013,1,1,1,3.928344292168601e-05,0.00012897292527535616,0.427951493407837,0.9126111574065527,0.15686927489941566,0.1164469964479421
-0.3999999999999997,0.45000000000000007,0.40000000000000013,1,1,1,4.694599221771042e-05,8.881529141670183e-05,0.31095380726524846,0.8129299261273517,0.148031202441883,0.09917580495985565
-0.44999999999999973,0.45000000000000007,0.40000000000000013,1,1,1,6.32515344847801e-05,4.907808094322325e-05,0.185586690959624,0.7317077458953589,0.13721992508095088,0.0966323195321745
-0.4999999999999998,0.45000000000000007,0.40000000000000013,1,1,1,9.546945995665819e-05,0.00011497746822727159,0.051470961793870895,0.6684926405343701,0.1246072269828236,0.10580764506716474
-0.5499999999999998,0.45000000000000007,0.40000000000000013,0,0,1,0.09855395555611589,0.00012002895828544196,0.0,0.6238501507207599,0.11691151109921584,0.1151346021708197
-0.5999999999999999,0.45000000000000007,0.40000000000000013,0,0,1,0.23771856780918077,0.00010696978391602404,0.0,0.5998756197952195,0.10499288939336981,0.12187927966602544
-0.6499999999999999,0.45000000000000007,0.40000000000000013,0,0,1,0.3607383290601564,9.331047443430285e-05,0.0,0.598423160286035,0.08565769976260995,0.12655164376601566
-0.7,0.45000000000000007,0.40000000000000013,0,0,1,0.5943667650960746,7.865675770896984e-05,0.0,0.6200202741491521,0.04519864450880927,0.12996776936259732
-0.75,0.45000000000000007,0.40000000000000013,0,0,1,0.5136262993945977,6.970518623719474e-05,0.0,0.663886529518035,0.0582927598475281,0.13319632425192013
-0.75,0.40000000000000013,0.40000000000000013,0,0,1,0.5015290433159595,8.343165678682993e-05,0.0,0.5151394225386414,0.08161072533028592,0.1381223870303725
-0.7,0.40000000000000013,0.40000000000000013,0,0,1,0.3756581393629791,7.350402324978273e-05,0.0,0.467135911527341,0.07672929676920343,0.13732233069149713
-0.6499999999999999,0.40000000000000013,0.40000000000000013,0,0,1,0.23854006546136391,0.00010874254043640362,0.0,0.4437340796235172,0.07287732483981291,0.1355680104558324
-0.5999999999999999,0.40000000000000013,0.40000000000000013,0,0,1,0.10812482658772092,0.00015264759254032456,0.0,0.44624829672282473,0.03583758506679744,0.13272809222889262
-0.5499999999999998,0.40000000000000013,0.40000000000000013,1,1,1,0.0005924729181491363,0.00018649227392275017,0.007619960454817054,0.4739178452790913,0.12557605172725064,0.12875018240926533
-0.4999999999999998,0.40000000000000013,0.40000000000000013,1,1,1,8.387516914561867e-05,0.00019901562215799922,0.14972555167983614,0.5234632904536021,0.13824876396088628,0.12280227031054831
-0.44999999999999973,0.40000000000000013,0.40000000000000013,1,1,1,6.0251642315065146e-05,0.0002133439532572336,0.28634988689777474,0.5899825506902863,0.14966691476812968,0.11285559111664228
-0.3999999999999997,0.40000000000000013,0.40000000000000013,1,1,1,4.7270648486087725e-05,0.0002940936717119668,0.4178974354230567,0.668317192293939,0.1607205526989474,0.09690283934180424
-0.34999999999999964,0.40000000000000013,0.40000000000000013,1,1,1,3.7464536116704517e-05,0.0003994788087891644,0.4384043829221045,0.7534227809725502,0.17119138594171893,0.08094167568034626
-0.2999999999999996,0.40000000000000013,0.40000000000000013,1,1,1,3.1728494938859664e-05,0.00013302378486441198,0.4147170574232333,0.6490067290485553,0.17968118871054384,0.09715353210765604
-0.24999999999999956,0.40000000000000013,0.40000000000000013,1,1,1,3.117347985692893e-05,0.0003125724174487512,0.38539575700650497,0.5325562890043782,0.18467973125962722,0.1315453025727731
-0.1999999999999995,0.40000000000000013,0.40000000000000013,1,1,1,3.439055008902378e-05,0.00014185728256300127,0.35212365836434456,0.44572469155366834,0.18612851100735794,0.15410401936227844
-0.14999999999999947,0.40000000000000013,0.40000000000000013,1,1,1,3.896282768967043e-05,0.00010238757443781076,0.3168332990271825,0.37758022574436456,0.18511182680705063,0.16007483228690844
-0.09999999999999942,0.40000000000000013,0.40000000000000013,1,1,1,4.3210291556634414e-05,0.00011117696897122499,0.2812738689839498,0.3246530725345411,0.1824734106054927,0.15062677302650915
-0.09999999999999942,0.3500000000000001,0.40000000000000013,1,1,1,3.087792170983343e-05,6.077748447582999e-05,0.2857903179435741,0.3055098147762356,0.19316019295034267,0.1571302464941094
-0.14999999999999947,0.3500000000000001,0.40000000000000013,1,1,1,5.856792332813372e-05,0.00011445558127580546,0.3307728068939535,0.3606255584141276,0.19596806258589966,0.158225425105751
-0.1999999999999995,0.3500000000000001,0.40000000000000013,1,1,1,6.22367262062961e-05,0.00015978478478311862,0.376982358013052,0.43385573683116885,0.1985540861008521,0.1398321376653208
-0.24999999999999956,0.3500000000000001,0.40000000000000013,1,1,1,6.193747347332989e-05,0.0004262099207885698,0.4221848798095573,0.5322586983534761,0.1970266315055051,0.1031465914912831
-0.2999999999999996,0.3500000000000001,0.40000000000000013,1,1,1,5.657849597684054e-05,0.0009680333425756661,0.46309436838273843,0.6758459827536738,0.18381567554094255,0.06979021417678123
-0.34999999999999964,0.3500000000000001,0.40000000000000013,1,1,1,4.666975697490958e-05,0.00031771947140910674,0.4954683650647782,0.6654884424176819,0.16723332122811094,0.10448907825792142
-0.3999999999999997,0.3500000000000001,0.40000000000000013,1,1,1,3.4389331223844216e-05,0.00023550910750913285,0.4408429817510011,0.5657480456883843,0.1532029118341418,0.12810578858781638
-0.44999999999999973,0.3500000000000001,0.40000000000000013,1,1,1,3.746671559790493e-05,0.00011537666775703149,0.3618029914248866,0.471236198483334,0.14402267671137875,0.13538843525246105
-0.4999999999999998,0.3500000000000001,0.40000000000000013,1,1,1,6.183515090963884e-05,0.00014729667756322685,0.2171864094514495,0.3855450189359684,0.13881825131248834,0.134887085465778
-0.5499999999999998,0.3500000000000001,0.40000000000000013,1,1,1,9.114518303090428e-05,0.00014686934107375552,0.07046438872214011,0.31730741854017097,0.13411478905557805,0.13645312280628605
-0.5999999999999999,0.3500000000000001,0.40000000000000013,0,0,1,0.07735473769956636,0.00017564634671348952,0.0,0.27697651497082765,0.11443327902281723,0.14209510870258876
-0.6499999999999999,0.3500000000000001,0.40000000000000013,0,0,1,0.22823061183293245,0.00016741166464963902,0.0,0.269938536044255,0.11589142495484683,0.14981142024895616
-0.7,0.3500000000000001,0.40000000000000013,0,0,1,0.3638100690722297,0.00012458948196113288,0.0,0.29542030925663054,0.11754337879251125,0.1580630699315576
-0.75,0.3500000000000001,0.40000000000000013,0,0,1,0.4877027384955723,8.819060602246333e-05,0.0,0.34937700051011866,0.1191069594204536,0.1658857481883684
-0.75,0.30000000000000004,0.40000000000000013,0,0,1,0.4744203189363264,0.0001630191735749123,0.0,0.21561432428134975,0.15190660524628885,0.15876167938362143
-0.7,0.30000000000000004,0.40000000000000013,0,0,1,0.3523518933635952,0.00013131866741249217,0.0,0.1515426214828821,0.15587817278829327,0.14646148534249812
-0.6499999999999999,0.30000000000000004,0.40000000000000013,0,0,1,0.21868805605514327,0.00023068268765210506,0.0,0.11934674928564304,0.158628204041567,0.13449630149859695
-0.5999999999999999,0.30000000000000004,0.40000000000000013,0,0,1,0.06736806690894982,0.00041695519063334775,0.0,0.1265348252835352,0.15989724516224368,0.12442333378502955
-0.5499999999999998,0.30000000000000004,0.40000000000000013,1,1,1,0.0002989905004718303,0.0005581972891249967,0.09371340403076722,0.17610782048428053,0.16206668448707962,0.11787247450107172
-0.4999999999999998,0.30000000000000004,0.40000000000000013,1,1,1,8.477864403406164e-05,0.00045088442548599255,0.15592775465887176,0.2606575247379279,0.15868861432128573,0.11923009375702776
-0.44999999999999973,0.30000000000000004,0.40000000000000013,1,1,1,8.345028683919555e-05,0.00020047380948685543,0.2244548331601388,0.3621319556331408,0.1514275203972606,0.1316492004031038
-0.3999999999999997,0.30000000000000004,0.40000000000000013,1,1,1,8.534944653134433e-05,0.00016248703173632213,0.3193991499923656,0.4667865069508199,0.14515319924576317,0.1427342816362326
-0.34999999999999964,0.30000000000000004,0.40000000000000013,1,1,1,9.272388867252457e-05,0.00012963809941616468,0.43480705213487103,0.5729409816172382,0.14715727693538788,0.1339021195518482
-0.2999999999999996,0.30000000000000004,0.40000000000000013,1,1,1,4.217871989309924e-05,0.0003166152694512199,0.5038192199760982,0.617717497589731,0.16040404767759192,0.10840101426815302
-0.24999999999999956,0.30000000000000004,0.40000000000000013,1,1,1,6.430587606364768e-05,0.0010479024034458007,0.4840627494950618,0.5108351172292069,0.17776369276699383,0.07713263566945563
-0.1999999999999995,0.30000000000000004,0.40000000000000013,1,1,1,8.379604294715443e-05,0.00031426798790713806,0.4304679198936201,0.3765946892395218,0.18674270364598877,0.10820186734203466
-0.14999999999999947,0.30000000000000004,0.40000000000000013,1,1,1,8.811340527494985e-05,0.0007349493654548303,0.372344624944593,0.29627684996640724,0.1875345305181074,0.14576182204913538
-0.09999999999999942,0.30000000000000004,0.40000000000000013,1,1,1,8.307072854283113e-05,0.00019513874780441488,0.3156119930310024,0.23937233699959215,0.1879610731239486,0.15709040568122476
-0.09999999999999942,0.25,0.40000000000000013,1,1,1,4.19505000620809e-05,4.627195320084695e-05,0.3034988214053356,0.19718796717786446,0.17186850073148352,0.15387295775172968
-0.14999999999999947,0.25,0.40000000000000013,1,1,1,0.00015243200319117994,0.00031088655260391,0.3738680969415684,0.25086997811861655,0.1652974549795244,0.1311944215264592
-0.1999999999999995,0.25,0.40000000000000013,1,1,1,0.00022435727427367987,5.221973535629906e-05,0.3433628431059321,0.3295461171122427,0.15798792646995993,0.0740822890510006
-0.24999999999999956,0.25,0.40000000000000013,1,1,1,0.0003152215004356448,9.180090878722776e-05,0.3225775240211415,0.4258361227634735,0.1453943002489419,0.08762782637259173
-0.2999999999999996,0.25,0.40000000000000013,1,1,1,0.0003999540108218293,0.0013940646802002973,0.322732305390097,0.48250572780226264,0.1251265042302826,0.12998019053944576
-0.34999999999999964,0.25,0.40000000000000013,1,1,1,0.0003975188604530052,0.00018303226966898155,0.3171278373260251,0.5165507000992284,0.11192615271349966,0.15302209356030333
-0.3999999999999997,0.25,0.40000000000000013,1,1,1,6.42711705220329e-05,0.00019366061747812108,0.12858137946969972,0.4087681790337254,0.1251993399397598,0.14263139348524667
-0.44999999999999973,0.25,0.40000000000000013,1,1,1,0.00018607590083098355,0.000531759903104024,0.006479031625012288,0.302079546837259,0.14976180818543683,0.10573614928865216
-0.4999999999999998,0.25,0.40000000000000013,1,1,1,0.0016230996003944117,0.00025101277524788775,0.0,0.1698759278821096,0.1739259577310405,0.052088230980497446
-0.5499999999999998,0.25,0.40000000000000013,1,1,1,0.0016309895766754715,0.001973089140235502,0.0,0.0,0.18590878077299114,0.07848881202332528
-0.5999999999999999,0.25,0.40000000000000013,0,0,0,0.06528971004316002,0.030011880238711684,0.0,0.0,0.1898840468924556,0.105704002462777
-0.6499999999999999,0.25,0.40000000000000013,0,0,0,0.21052674370118804,0.028976514831466946,0.0,0.0,0.18708999476609095,0.11869142337174574
-0.7,0.25,0.40000000000000013,0,0,1,0.3442707303498448,0.001661475582299366,0.0,0.0,0.178106371106222,0.12724808284701797
-0.75,0.25,0.40000000000000013,0,0,1,0.4666232963069974,0.00018374280404849543,0.0,0.08028124171197204,0.17035138034992983,0.1474005457515536
-0.75,0.2,0.40000000000000013,0,0,0,0.47377617324949967,0.01640232956446181,0.0,0.0,0.18471719616817509,0.13219603903189256
-0.7,0.2,0.40000000000000013,0,0,0,0.3524905463532946,0.07812319409471262,0.0,0.0,0.19228028645774267,0.13067814084904286
-0.6499999999999999,0.2,0.40000000000000013,0,0,0,0.22031849131609452,0.16339366319961574,0.0,0.0,0.20056315281441692,0.1321249773392254
-0.5999999999999999,0.2,0.40000000000000013,0,0,0,0.07105306004984574,0.21577968888096336,0.0,0.0,0.20922805947681788,0.1285062930407391
-0.5499999999999998,0.2,0.40000000000000013,0,1,0,0.0014249229570722519,0.12380821488556157,0.0,0.0,0.20586794771836942,0.09569493129604328
-0.4999999999999998,0.2,0.40000000000000013,1,1,1,7.199236760502273e-05,0.0019583117058260616,0.024894075648786762,0.03385321801662755,0.19518817153941997,0.09540129147804847
-0.44999999999999973,0.2,0.40000000000000013,1,1,1,8.90346153400818e-05,0.0003840058459619978,0.06774053085764487,0.1555286156435831,0.17733162694793436,0.1298439492354246
-0.3999999999999997,0.2,0.40000000000000013,1,1,1,0.00010227022815388085,0.0002779336429292022,0.1353337995077688,0.23607754683919557,0.15701253011894417,0.16090088719293932
-0.34999999999999964,0.2,0.40000000000000013,1,1,1,9.822854165774307e-05,0.00017455515932264417,0.23822388184998822,0.21635167125714094,0.1384041861380017,0.18800442794736372
-0.2999999999999996,0.2,0.40000000000000013,1,1,1,0.00020788709210059348,0.000117549189903346,0.20358425415902692,0.20028016246980007,0.12906527082998182,0.20587572223827685
-0.24999999999999956,0.2,0.40000000000000013,1,1,1,9.591602229497103e-05,8.636178437376968e-05,0.1881187178304553,0.1863800896386918,0.13297718549658172,0.20950146414736295
-0.1999999999999995,0.2,0.40000000000000013,1,1,1,0.0002136028502332839,7.048045633921243e-05,0.2044554153977911,0.17369190597464224,0.142034512293932,0.2061509776002809
-0.14999999999999947,0.2,0.40000000000000013,1,1,1,0.00024413080553004684,6.558382392926315e-05,0.24703047220949914,0.16174024828813804,0.15177520765237895,0.19664263629141848
-0.09999999999999942,0.2,0.40000000000000013,1,1,1,0.00018347650267096837,7.228759613845134e-05,0.21974993283003075,0.15031485339926576,0.1625882685150793,0.18168766995950708
-0.09999999999999942,0.15,0.40000000000000013,1,1,1,0.00013906882189023337,1.9778951026437183e-05,0.17781659430693564,0.08028573829676056,0.14212474031043065,0.18234177755601588
-0.14999999999999947,0.15,0.40000000000000013,1,1,1,0.000312922527704645,5.216528255137096e-05,0.10300530329176638,0.09272488194081241,0.12759267205121178,0.19566348554219212
-0.1999999999999995,0.15,0.40000000000000013,1,1,1,0.0006930559572721719,4.733784366311335e-05,0.049789667474178234,0.1149830193562571,0.11394896420762161,0.20285906042539714
-0.24999999999999956,0.15,0.40000000000000013,1,1,1,0.0014092331601529562,5.315158769407668e-05,0.020638028621807525,0.14740032307488837,0.09957545764044336,0.20339625454072058
-0.2999999999999996,0.15,0.40000000000000013,1,1,1,0.0017913649531423395,7.210854434658905e-05,0.02181249757889825,0.1766631114374806,0.0881705991885322,0.19778561265427735
-0.34999999999999964,0.15,0.40000000000000013,1,1,1,0.00034151524893541284,0.00011587720770453759,0.05649265673756698,0.1894219310225318,0.10575619347239842,0.18478899213492078
-0.3999999999999997,0.15,0.40000000000000013,1,1,1,0.0015645575902888673,0.00021628032528526523,0.0,0.2056832328446676,0.14430603957605143,0.15726814663241015
-0.44999999999999973,0.15,0.40000000000000013,1,1,1,0.0017142425604924477,0.0004888784560035714,0.0,0.10628612045651398,0.17491084562188056,0.1243753693104044
-0.4999999999999998,0.15,0.40000000000000013,1,1,1,0.0016711105114848327,0.0019795053374767127,0.0,0.0,0.19900990359357193,0.08252627427549797
-0.5499999999999998,0.15,0.40000000000000013,0,1,0,0.0012181339463524245,0.0023632143530324472,0.0,0.0,0.21506883139702465,0.08088863493439874
-0.5999999999999999,0.15,0.40000000000000013,0,0,1,0.10580719021124838,0.001986082567009081,0.0,0.0,0.21816249326927514,0.1439330950544602
-0.6499999999999999,0.15,0.40000000000000013,0,0,0,0.24885034482889465,0.13100012276664902,0.0,0.0,0.21169008334871642,0.1528505002544187
-0.7,0.15,0.40000000000000013,0,0,0,0.3774389447224331,0.24140392008584982,0.0,0.0,0.20411033401454462,0.16506400791773884
-0.75,0.15,0.40000000000000013,0,0,0,0.49775068481119145,0.31304481458790606,0.0,0.0,0.1965931164261027,0.1811114741051823
-0.75,0.15,0.45000000000000007,0,0,0,0.48558961160852654,0.33943177656703,0.0,0.0,0.1857138483762572,0.1976903718550992
-0.7,0.15,0.45000000000000007,0,0,0,0.36257948783521854,0.24451631632976453,0.0,0.0,0.1937171198695499,0.18295674474405277
-0.6499999999999999,0.15,0.45000000000000007,0,0,0,0.22770217007875923,0.10991935372197233,0.0,0.0,0.20295986704442842,0.1718626537704495
-0.5999999999999999,0.15,0.45000000000000007,0,0,1,0.07558145308110116,0.0017597020776600257,0.0,0.0,0.2134452283149116,0.167735206153023
-0.5499999999999998,0.15,0.45000000000000007,1,1,1,3.930190749058218e-05,7.073093170341355e-05,0.021547281296145915,0.013217898381557625,0.208885576071452,0.16957090524348808
-0.4999999999999998,0.15,0.45000000000000007,1,1,1,0.00010559426881946905,3.519813862647154e-05,0.0748040299077044,0.013318076513173072,0.1903222113919663,0.1745088340351485
-0.44999999999999973,0.15,0.45000000000000007,1,1,1,0.00017365745056059843,5.81530111375115e-05,0.08543593218662959,0.002557267939963026,0.16603693964291946,0.17726136535637174
-0.3999999999999997,0.15,0.45000000000000007,1,1,1,0.000329541216929714,0.0014872135715929304,0.11582968781916914,0.0,0.1373221195568372,0.17390218958029155
-0.34999999999999964,0.15,0.45000000000000007,1,1,1,0.000733118733303377,0.0018879962039904088,0.13531168456168396,0.0,0.10363249277326277,0.16688032877701697
-0.2999999999999996,0.15,0.45000000000000007,1,1,1,2.9888635011339924e-05,0.0001249536725757649,0.06718768709847378,0.0,0.07543208187716795,0.15492859426779604
-0.24999999999999956,0.15,0.45000000000000007,1,1,1,0.0006802613200272718,0.00019975090018663265,0.05670259354660967,0.013359889480383469,0.09366333937180567,0.13508489820996447
-0.1999999999999995,0.15,0.45000000000000007,1,1,1,0.001252972899101472,0.0006721479595922993,0.09352080375127114,0.04265463334834463,0.11766257987059392,0.1016403323448712
-0.14999999999999947,0.15,0.45000000000000007,1,1,1,0.0005271583137472872,0.00021574696433306138,0.14874475718280245,0.08131212785790298,0.13527155834244664,0.061272824167007404
-0.09999999999999942,0.15,0.45000000000000007,1,1,1,0.0002483283920739195,1.3262342342497416e-05,0.22267568596194165,0.0532698360122974,0.15061562356449207,0.11051748533991294
-0.09999999999999942,0.2,0.45000000000000007,1,1,1,0.00016498384404379585,5.549201152344838e-05,0.28717602275672416,0.21480066126944397,0.16172917586959323,0.11873701178880183
-0.14999999999999947,0.2,0.45000000000000007,1,1,1,0.00017769119974174577,3.435389487553808e-05,0.27991184804282865,0.2561764932696309,0.14936680523757942,0.0775530576207765
-0.1999999999999995,0.2,0.45000000000000007,1,1,1,0.0003500574468421224,0.0006708108699638524,0.23142790422354498,0.28134218975014624,0.13470183971748298,0.09073773811264642
-0.24999999999999956,0.2,0.45000000000000007,1,1,1,0.0007684604027843176,0.001228392224565017,0.2000351605425208,0.31446972431079123,0.11383980481333161,0.13245111316471417
-0.2999999999999996,0.2,0.45000000000000007,1,1,1,4.0662465389585794e-05,0.00025916427525857585,0.1808978018503824,0.3584235629477375,0.07838638209246349,0.15617627779534732
-0.34999999999999964,0.2,0.45000000000000007,1,1,1,3.4105079462653335e-05,3.9361989329917446e-05,0.19488931562905365,0.3546421740451611,0.07497134435803461,0.1651649105277007
-0.3999999999999997,0.2,0.45000000000000007,1,1,1,0.0018338652072762546,6.569100202711396e-05,0.022447329622674816,0.22713724364021992,0.12224500274487368,0.16240965487920042
-0.44999999999999973,0.2,0.45000000000000007,1,1,1,0.0014224942703620579,0.00013581558687580497,0.0,0.11312432934278283,0.15497381587460254,0.15085773591735993
-0.4999999999999998,0.2,0.45000000000000007,1,1,1,0.0019360389839667425,0.00023051595214710526,0.0,0.016638362333158074,0.17997075109443805,0.1344381177750656
-0.5499999999999998,0.2,0.45000000000000007,0,1,0,0.0011750775178111844,0.054529889367028565,0.0,0.0,0.19637312123142237,0.12972796682393406
-0.5999999999999999,0.2,0.45000000000000007,0,0,0,0.05547793970704014,0.09825629858807737,0.0,0.0,0.20322930762842015,0.13217734719389373
-0.6499999999999999,0.2,0.45000000000000007,0,0,0,0.2078910946535869,0.06627884730939779,0.0,0.0,0.19235880125978683,0.13128286617550955
-0.7,0.2,0.45000000000000007,0,0,0,0.343914482907352,0.009346913876201934,0.0,0.0,0.18295330822762185,0.1318805774686565
-0.75,0.2,0.45000000000000007,0,0,1,0.4677248490246734,8.983799468659593e-05,0.0,0.06131097141954722,0.17484715381570243,0.14536041905013297
-0.75,0.25,0.45000000000000007,0,0,1,0.4658274887692854,0.000308884533032191,0.0,0.16708597911703738,0.1608543756537525,0.15861728843411302
-0.7,0.25,0.45000000000000007,0,0,1,0.34169467056911423,0.00013091103625822645,0.0,0.09493793810484386,0.16919477807868097,0.146866177600429
-0.6499999999999999,0.25,0.45000000000000007,0,0,1,0.20533405428760618,0.00015289426723307916,0.0,0.0546639087087506,0.17899747569954716,0.13692356835690428
-0.5999999999999999,0.25,0.45000000000000007,0,0,1,0.06377891530870913,0.000270251349358167,0.0,0.05435328210729118,0.18238217049470437,0.1333920844436437
-0.5499999999999998,0.25,0.45000000000000007,1,1,1,0.00011233025622881055,0.00036429827083619314,0.053728068393207984,0.09420893691437948,0.17386654238312516,0.13854850977666333
-0.4999999999999998,0.25,0.45000000000000007,1,1,1,0.00013083524097000859,0.0002602394577725258,0.08089359598058321,0.1651435277935036,0.16026369688551328,0.1515658761491174
-0.44999999999999973,0.25,0.45000000000000007,1,1,1,0.0002157178752885032,0.00016159154251852066,0.13199499181214103,0.25677958449454685,0.13777334465842855,0.1691542653581021
-0.3999999999999997,0.25,0.45000000000000007,1,1,1,0.000467956182481169,0.00011123431600056289,0.22919441534059426,0.3083587014529354,0.10635320885086881,0.1873776739841992
-0.34999999999999964,0.25,0.45000000000000007,1,1,1,0.0009155170664772452,8.411349432443863e-05,0.3491681809042628,0.2810088697281339,0.07311607039047434,0.2031714967314747
-0.2999999999999996,0.25,0.45000000000000007,1,1,1,0.0006615815884841854,6.67874720279602e-05,0.320654520357849,0.2612081023471924,0.09838590136421697,0.21482089508711238
-0.24999999999999956,0.25,0.45000000000000007,1,1,1,0.0007453767364076994,5.6468650907405505e-05,0.33538557542604686,0.24357717271162782,0.12950508543263223,0.22136264169100572
-0.1999999999999995,0.25,0.45000000000000007,1,1,1,0.0002907358169953038,5.461815003901296e-05,0.36325642440837624,0.22388346610954857,0.14396800599888188,0.20895128451656175
-0.14999999999999947,0.25,0.45000000000000007,1,1,1,0.0001784222669136343,6.46052595304458e-05,0.37644958176382826,0.19875004123686368,0.15236892263701196,0.19047630525504122
-0.09999999999999942,0.25,0.45000000000000007,1,1,1,0.000121397348220098,9.677823588610721e-05,0.2467739177466779,0.16563023423156276,0.15917201161989722,0.16801813935637502
-0.09999999999999942,0.30000000000000004,0.45000000000000007,1,1,1,6.145260285239297e-05,3.0236011307591795e-05,0.23908245067862577,0.2107191631284504,0.1656051915761035,0.16175928269620224
-0.14999999999999947,0.30000000000000004,0.45000000000000007,1,1,1,9.372683169851651e-05,8.29947520501089e-05,0.36036007431557504,0.2583140027198296,0.16360314815379362,0.18495751768898924
-0.1999999999999995,0.30000000000000004,0.45000000000000007,1,1,1,0.00012805317587995647,5.4065672965422034e-05,0.48722512237667726,0.2989456606436698,0.16182715901847763,0.20411565555970923
-0.24999999999999956,0.30000000000000004,0.45000000000000007,1,1,1,0.00018155212982708932,4.455539195618785e-05,0.5019549242942456,0.3343630306477805,0.1551759192959402,0.21930524445106545
-0.2999999999999996,0.30000000000000004,0.45000000000000007,1,1,1,0.0002838245915659658,4.477510968854887e-05,0.49502778388743574,0.3670143012574778,0.13037224025211255,0.22635263575939665
-0.34999999999999964,0.30000000000000004,0.45000000000000007,1,1,1,0.0006302848784772879,5.217048625583548e-05,0.4989706077045817,0.40017694545136573,0.08861918436918698,0.2207500168615237
-0.3999999999999997,0.30000000000000004,0.45000000000000007,1,1,1,0.0006115092110413815,6.594110547697532e-05,0.3792249884955554,0.4378016461394272,0.04358438453574025,0.2092720337101742
-0.44999999999999973,0.30000000000000004,0.45000000000000007,1,1,1,6.353910373224506e-05,8.544396676153107e-05,0.08798748353472963,0.36040683867142365,0.1035566427218773,0.19534752943138553
-0.4999999999999998,0.30000000000000004,0.45000000000000007,1,1,1,0.000405467510461397,0.00010877751897711198,0.030807214234430003,0.2834862997484624,0.13165425939123193,0.18158695151852394
-0.5499999999999998,0.30000000000000004,0.45000000000000007,1,1,1,0.0002185476185700657,0.00013147323928573728,0.0024996946147919363,0.22884404327924823,0.1473662506257682,0.17062962209698787
-0.5999999999999999,0.30000000000000004,0.45000000000000007,0,0,1,0.0724678854312375,0.00014764102892899996,0.0,0.2015302743335372,0.14718394396119425,0.16433058835206318
-0.6499999999999999,0.30000000000000004,0.45000000000000007,0,0,1,0.22054769711023858,0.00014485927024349084,0.0,0.20533272118191093,0.14872317902577972,0.16278183547891184
-0.7,0.30000000000000004,0.45000000000000007,0,0,1,0.354183197214508,0.00012096984417535463,0.0,0.24046608879832565,0.14447308531419464,0.16396647941653703
-0.75,0.30000000000000004,0.45000000000000007,0,0,1,0.476712459104099,9.859576383665667e-05,0.0,0.3036686504890356,0.1397256332607226,0.16461559018222408
-0.75,0.3500000000000001,0.45000000000000007,0,0,1,0.4896542467565005,0.00015539332330014068,0.0,0.437025840155139,0.10688649140968515,0.16061540979706151
-0.7,0.3500000000000001,0.45000000000000007,0,0,1,0.3662819669750217,7.653974300178052e-05,0.0,0.38057035148026763,0.10479646781567817,0.1670391929118138
-0.6499999999999999,0.3500000000000001,0.45000000000000007,0,0,1,0.23178387837778144,7.859819415984209e-05,0.0,0.3495749505640937,0.10229800069214143,0.1716343545644655
-0.5999999999999999,0.3500000000000001,0.45000000000000007,0,0,1,0.08093273650169983,8.129376664044057e-05,0.0,0.3456532933924277,0.09949801274320126,0.1768270114129225
-0.5499999999999998,0.3500000000000001,0.45000000000000007,1,1,1,0.0006394391994494746,8.233956329488083e-05,0.07456622025981252,0.3684194832018446,0.10573116598058316,0.18436754769895097
-0.4999999999999998,0.3500000000000001,0.45000000000000007,1,1,1,0.0004317453078565778,7.982170468218739e-05,0.1419026151337235,0.415486147992119,0.08720728680312557,0.1948809660356309
-0.44999999999999973,0.3500000000000001,0.45000000000000007,1,1,1,0.0008873704195343594,7.345425890261375e-05,0.19712667510766613,0.380713212627366,0.06222716544335644,0.2076903920320964
-0.3999999999999997,0.3500000000000001,0.45000000000000007,1,1,1,0.0012559080084372273,6.445134766113759e-05,0.14450809539606757,0.3286295077720247,0.08754716923651036,0.22073880696607692
-0.34999999999999964,0.3500000000000001,0.45000000000000007,1,1,1,0.001554042453977387,5.59020875538955e-05,0.0,0.28548767572519607,0.12223271352415686,0.22964323796603997
-0.2999999999999996,0.3500000000000001,0.45000000000000007,1,1,1,0.001969362578306094,5.016546442239387e-05,0.0,0.24890625856442306,0.1525183768787745,0.227946240074264
-0.24999999999999956,0.3500000000000001,0.45000000000000007,1,1,1,0.0019728193670329446,4.8556975943009527e-05,0.0,0.21627840871391024,0.1714183395530267,0.2170683518065426
-0.1999999999999995,0.3500000000000001,0.45000000000000007,1,1,1,0.0018853826938026734,5.302465887176357e-05,0.0,0.18519082178440938,0.18000170784769004,0.2012830273183371
-0.14999999999999947,0.3500000000000001,0.45000000000000007,1,1,1,0.001844041857023093,6.804551167296493e-05,0.0,0.153551090534068,0.18816591599736981,0.181718617173213
-0.09999999999999942,0.3500000000000001,0.45000000000000007,1,1,1,0.001733201895338801,0.00010586582863501154,0.0,0.11949008197644151,0.1988467504409838,0.15802743492248686
-0.09999999999999942,0.40000000000000013,0.45000000000000007,1,1,1,7.451775202480676e-05,5.4710661217890245e-05,0.0433287939415643,0.16285110036447614,0.22064421252547547,0.14755231415215858
-0.14999999999999947,0.40000000000000013,0.45000000000000007,1,1,1,5.9410530045376455e-05,0.0001020417006035582,0.07657546114096236,0.20562305086249744,0.21637462051190223,0.17244546498306434
-0.1999999999999995,0.40000000000000013,0.45000000000000007,1,1,1,5.8454091142944686e-05,6.200750831364644e-05,0.11992498545820895,0.24555712860582668,0.2131299285114733,0.19286145623056442
-0.24999999999999956,0.40000000000000013,0.45000000000000007,1,1,1,4.977547647397913e-05,4.6684556437373624e-05,0.17220591779128358,0.284487357093564,0.21249646202703054,0.20938575552081926
-0.2999999999999996,0.40000000000000013,0.45000000000000007,1,1,1,3.837230873474041e-05,4.159674240503614e-05,0.23031631851887768,0.32402103816085326,0.21490113214627815,0.22161033394442126
-0.34999999999999964,0.40000000000000013,0.45000000000000007,1,1,1,3.4818213143496774e-05,4.200518727924669e-05,0.28404600979719286,0.3657993674526918,0.21971582385209648,0.22794307039664088
-0.3999999999999997,0.40000000000000013,0.45000000000000007,1,1,1,3.900621305293973e-05,4.566491846222399e-05,0.2882163036223475,0.41142544874525244,0.22486040541258423,0.2267892551989593
-0.44999999999999973,0.40000000000000013,0.45000000000000007,1,1,1,4.1534138837892184e-05,5.0880780955661766e-05,0.29021147828565175,0.4621483680934335,0.22667370094794184,0.21959484015930048
-0.4999999999999998,0.40000000000000013,0.45000000000000007,1,1,1,4.070817870434431e-05,5.593852356826994e-05,0.2817612286633695,0.5183402702994075,0.22340130967163277,0.2097917908320896
-0.5499999999999998,0.40000000000000013,0.45000000000000007,1,1,1,3.956804626465374e-05,5.976567015167354e-05,0.1210753692578792,0.5123990197036137,0.21622337819036397,0.19983122627468775
-0.5999999999999999,0.40000000000000013,0.45000000000000007,0,0,1,0.043517772405793825,6.38340116940791e-05,0.0,0.49518743832060297,0.2059586974324584,0.19068335460723154
-0.6499999999999999,0.40000000000000013,0.45000000000000007,0,0,1,0.20702517888593297,7.194102388630403e-05,0.0,0.5017064814759751,0.19600735519855517,0.18213393336805925
-0.7,0.40000000000000013,0.45000000000000007,0,0,1,0.35191302057630214,8.602080068647954e-05,0.0,0.5322868757751738,0.1871708847460238,0.1730912344281363
-0.75,0.40000000000000013,0.45000000000000007,0,0,1,0.4854362115159778,0.00010798045374412998,0.0,0.5863177564257329,0.17935539205412374,0.1619383697585956
-0.75,0.45000000000000007,0.45000000000000007,0,0,1,0.49277787495513026,0.00013924544865200682,0.0,0.7235111522802473,0.16805687418193938,0.152996294389616
-0.7,0.45000000000000007,0.45000000000000007,0,0,1,0.3615312744792438,8.447055586713055e-05,0.0,0.676368606114147,0.17562753571574907,0.16531930770287456
-0.6499999999999999,0.45000000000000007,0.45000000000000007,0,0,1,0.219277856642298,6.81638545067393e-05,0.0,0.62614036176954,0.18467598760555487,0.1764309645674142
-0.5999999999999999,0.45000000000000007,0.45000000000000007,0,0,1,0.06011690631740322,5.7321378654864824e-05,0.0,0.5719681190637158,0.1956023934648061,0.1866696115521303
-0.5499999999999998,0.45000000000000007,0.45000000000000007,1,1,1,5.1399753055411e-05,4.973876023370547e-05,0.10133680952915158,0.5158670997079349,0.20734636562778833,0.19648514317655083
-0.4999999999999998,0.45000000000000007,0.45000000000000007,1,1,1,3.160314015493187e-05,4.524910635881578e-05,0.25454584785273093,0.4605897770351346,0.2168307477887287,0.20583039894724692
-0.44999999999999973,0.45000000000000007,0.45000000000000007,1,1,1,3.270585740022035e-05,4.28866629340756e-05,0.26407411303213557,0.40842321671683335,0.22385649727695542,0.21379330766710608
-0.3999999999999997,0.45000000000000007,0.45000000000000007,1,1,1,3.395565799319248e-05,4.1343179705537405e-05,0.26190898983588884,0.3606506980908182,0.2283923536975867,0.21850596725533356
-0.34999999999999964,0.45000000000000007,0.45000000000000007,1,1,1,3.331377147871985e-05,4.048751078568928e-05,0.2581426911686613,0.31752952229166764,0.23039044255979543,0.21789420330629622
-0.2999999999999996,0.45000000000000007,0.45000000000000007,1,1,1,3.0450505673549198e-05,4.13068595807856e-05,0.22862017612142482,0.27855341323094507,0.23041590160006106,0.21119369171813396
-0.24999999999999956,0.45000000000000007,0.45000000000000007,1,1,1,2.8270708290424313e-05,4.562694899715941e-05,0.18244418771416804,0.24277844588348207,0.22965850616259395,0.19908719630249094
-0.1999999999999995,0.45000000000000007,0.45000000000000007,1,1,1,3.0130958637859443e-05,5.684849951347553e-05,0.14037333970048005,0.20908227549551883,0.22888220867443257,0.18235434230424186
-0.14999999999999947,0.45000000000000007,0.45000000000000007,1,1,1,3.479849667300379e-05,8.314565738687544e-05,0.10472852655930875,0.176304067308918,0.22790767078155932,0.16104796050170128
-0.09999999999999942,0.45000000000000007,0.45000000000000007,1,1,1,3.9125645146054033e-05,0.0001511795143792504,0.07676465432419355,0.14323769640711115,0.2260243160077028,0.13417362379297662
-0.09999999999999942,0.5000000000000001,0.45000000000000007,1,1,1,3.240226933259155e-05,0.00018258694569541994,0.1060353063095476,0.19203680226640785,0.21844766604976262,0.11199977542693278
-0.14999999999999947,0.5000000000000001,0.45000000000000007,1,1,1,3.4847469320477263e-05,0.00020416369604956167,0.12875935968990482,0.23021812040808864,0.22211926167349458,0.14293945548865764
-0.1999999999999995,0.5000000000000001,0.45000000000000007,1,1,1,3.307445929204648e-05,9.068331937233543e-05,0.15711723487007134,0.2680045199096024,0.22442018336975111,0.16642703761187033
-0.24999999999999956,0.5000000000000001,0.45000000000000007,1,1,1,3.0627437329924516e-05,5.6422932899886616e-05,0.1900966154414796,0.30626972194754076,0.22540993233148054,0.18476294546544839
-0.2999999999999996,0.5000000000000001,0.45000000000000007,1,1,1,2.887264295374002e-05,4.267166855552999e-05,0.22609743259123594,0.3459445774112253,0.22498059221415134,0.1985613455024533
-0.34999999999999964,0.5000000000000001,0.45000000000000007,1,1,1,2.9063837351720944e-05,3.7086382783085784e-05,0.23558128734234174,0.3878334897997564,0.2228978900722582,0.20777581940204032
-0.3999999999999997,0.5000000000000001,0.45000000000000007,1,1,1,3.109657025645312e-05,3.541202757330629e-05,0.24018434994622284,0.43258324651157487,0.2189205344794476,0.21217710290750394
-0.44999999999999973,0.5000000000000001,0.45000000000000007,1,1,1,3.4002661109215526e-05,3.5761072812834184e-05,0.243337357600236,0.4805625598586145,0.21287212517124862,0.21194497335670684
-0.4999999999999998,0.5000000000000001,0.45000000000000007,1,1,1,3.746253231649393e-05,3.732047277001791e-05,0.21207757178578746,0.5317170555656534,0.20459075754446618,0.20797636129503333
-0.5499999999999998,0.5000000000000001,0.45000000000000007,1,1,1,4.249072299140517e-05,4.014526418610013e-05,0.06502039330450327,0.5854893373500265,0.1938214825988119,0.20151897281558726
-0.5999999999999999,0.5000000000000001,0.45000000000000007,0,0,1,0.09444495628433155,4.493314084410248e-05,0.0,0.6409202542216681,0.18102075333723658,0.19360587130522766
-0.6499999999999999,0.5000000000000001,0.45000000000000007,0,0,1,0.24758104447289322,5.216942818407117e-05,0.0,0.6970373794397462,0.16975651402403832,0.18485473742608824
-0.7,0.5000000000000001,0.45000000000000007,0,0,1,0.38571683403754625,6.129700453079976e-05,0.0,0.7535720282052059,0.16140554734546753,0.17564374911998115
-0.75,0.5000000000000001,0.45000000000000007,0,0,1,0.5134433809933838,7.090432572645796e-05,0.0,0.7402646262905586,0.15472716663725652,0.1664943090959327
-0.75,0.5500000000000002,0.45000000000000007,0,0,1,0.714533473220141,7.007440712835683e-05,0.0,0.6722446449433312,0.17152824051428409,0.165875742002105
-0.7,0.5500000000000002,0.45000000000000007,0,0,1,0.42419766533657277,4.7051432295612854e-05,0.0,0.7501076089497329,0.14516590695216303,0.17210381364597327
-0.6499999999999999,0.5500000000000002,0.45000000000000007,0,0,1,0.2921743972345189,4.585235158967384e-05,0.0,0.6848371147797279,0.15227999397505515,0.17901986787343302
-0.5999999999999999,0.5500000000000002,0.45000000000000007,0,0,1,0.14634074567172498,4.3382091079185866e-05,0.0,0.6251661571863596,0.16230044708852892,0.1859521309646829
-0.5499999999999998,0.5500000000000002,0.45000000000000007,1,1,1,6.94270066702626e-05,4.045533692799086e-05,0.011712428226226645,0.5696247122162106,0.17600683495866845,0.19211988919270886
-0.4999999999999998,0.5500000000000002,0.45000000000000007,1,1,1,3.7565642311163435e-05,3.8025635907471275e-05,0.15468135630591595,0.5176540477060607,0.1881130113135376,0.196653469907264
-0.44999999999999973,0.5500000000000002,0.45000000000000007,1,1,1,3.292516477864532e-05,3.67752249650292e-05,0.21409423830856955,0.469191328912304,0.1974023697029273,0.19857844497550756
-0.3999999999999997,0.5500000000000002,0.45000000000000007,1,1,1,3.0390028660516365e-05,3.715992887581708e-05,0.21131652797018008,0.42428294077013096,0.20426727448955995,0.19695384877108596
-0.34999999999999964,0.5500000000000002,0.45000000000000007,1,1,1,2.8670435389279403e-05,3.9837975947392235e-05,0.20737351355032763,0.3828659867957449,0.20896252183829242,0.1911120034360445
-0.2999999999999996,0.5500000000000002,0.45000000000000007,1,1,1,2.75116389815323e-05,4.637529402715925e-05,0.2025204318039937,0.34471326967771887,0.21167287156601947,0.18073398079247352
-0.24999999999999956,0.5500000000000002,0.45000000000000007,1,1,1,2.7204591216424717e-05,6.068476085076091e-05,0.19702450294952012,0.30949315183015,0.21254926318373943,0.1656087812889642
-0.1999999999999995,0.5500000000000002,0.45000000000000007,1,1,1,2.804868298373849e-05,9.403287141324271e-05,0.17396574130753795,0.27692178003352863,0.21170839081321202,0.1451716426075837
-0.14999999999999947,0.5500000000000002,0.45000000000000007,1,1,1,2.9991348355851057e-05,0.0001913067849652123,0.15189561070190827,0.24713279003679833,0.2092072472489375,0.11772104510172872
-0.09999999999999942,0.5500000000000002,0.45000000000000007,1,1,1,3.271045376892382e-05,0.0006933955450114938,0.13436564050155098,0.22236387659524803,0.20501650390096218,0.07769542454615995
-0.09999999999999942,0.6000000000000002,0.45000000000000007,0,1,0,4.228303112169861e-05,0.023484548667609132,0.1567408886390882,0.0,0.18707331778143055,0.0009042759608313641
-0.14999999999999947,0.6000000000000002,0.45000000000000007,1,1,1,3.253753307048737e-05,0.0003167919782746967,0.16222436176605637,0.31505047716476,0.19172518631802388,0.07757607642964436
-0.1999999999999995,0.6000000000000002,0.45000000000000007,1,1,1,3.127828121872414e-05,0.0004828576598066012,0.16755978718593223,0.3427431305421287,0.19440626127689062,0.11528230039590875
-0.24999999999999956,0.6000000000000002,0.45000000000000007,1,1,1,3.071747352273154e-05,0.0001292089267218881,0.1726520399422551,0.3771504948957598,0.1951718271091616,0.14021008071634128
-0.2999999999999996,0.6000000000000002,0.45000000000000007,1,1,1,3.106578438855515e-05,6.899814724492913e-05,0.17731913810270372,0.414768500588385,0.19399858690046237,0.15851524808154485
-0.34999999999999964,0.6000000000000002,0.45000000000000007,1,1,1,3.260595294528784e-05,4.768247760359057e-05,0.18131479450983168,0.45543399849396415,0.1907946479415981,0.1717110028954239
-0.3999999999999997,0.6000000000000002,0.45000000000000007,1,1,1,3.565196352454652e-05,3.883266644389915e-05,0.18434754947979037,0.4992374306329501,0.18540238055289548,0.1805407391064858
-0.44999999999999973,0.6000000000000002,0.45000000000000007,1,1,1,4.078406939345113e-05,3.533952600129483e-05,0.18608819313367286,0.546356001042958,0.177581175144487,0.18549341059733276
-0.4999999999999998,0.6000000000000002,0.45000000000000007,1,1,1,4.948161606302881e-05,3.4763817587056785e-05,0.07984258852721249,0.5969600869018827,0.16695758489111448,0.1870829061403743
-0.5499999999999998,0.6000000000000002,0.45000000000000007,0,0,1,0.06538471944482517,3.619298079285563e-05,0.0,0.6512170434288498,0.15305268480109518,0.18593185068033735
-0.5999999999999999,0.6000000000000002,0.45000000000000007,0,0,1,0.2170394681444022,3.9266603368150154e-05,0.0,0.7093790226900505,0.14116266883246906,0.1827182968923219
-0.6499999999999999,0.6000000000000002,0.45000000000000007,0,0,1,0.3523872745552892,4.37442731833732e-05,0.0,0.7719344430562385,0.13331640006035944,0.1780713676854261
-0.7,0.6000000000000002,0.45000000000000007,0,0,1,0.5805146383877257,4.937208179009984e-05,0.0,0.7416591048389973,0.1467769108756088,0.1724735847946872
-0.75,0.6000000000000002,0.45000000000000007,0,0,1,0.8022272259589994,5.6042993655709265e-05,0.0,0.6402304088275659,0.1332347340330206,0.16615808338372454
-0.75,0.6500000000000002,0.45000000000000007,0,0,1,0.9050133009665331,0.00011205675262917463,0.0,0.6153503377963492,0.14248173373125814,0.15202841917326795
-0.7,0.6500000000000002,0.45000000000000007,0,0,1,0.7259795001501705,4.7090052497198223e-05,0.0,0.7068510466187001,0.16385957225811118,0.15855154834361523
-0.6499999999999999,0.6500000000000002,0.45000000000000007,0,0,1,0.5098425174910898,4.351548350240302e-05,0.0,0.7977778890993534,0.12942032893458383,0.1634770081228195
-0.5999999999999999,0.6500000000000002,0.45000000000000007,0,0,1,0.3036953634344839,4.16279829035577e-05,0.0,0.746999524818394,0.11837703639184068,0.1667817767909051
-0.5499999999999998,0.6500000000000002,0.45000000000000007,0,0,1,0.16813689262130066,4.094807449955634e-05,0.0,0.6873319226806753,0.12647927244972196,0.16818909956690745
-0.4999999999999998,0.6500000000000002,0.45000000000000007,0,0,1,0.01728872259564387,4.172518048945276e-05,0.0,0.6328829319816167,0.13927753338427298,0.16723925583503066
-0.44999999999999973,0.6500000000000002,0.45000000000000007,1,1,1,0.00015613230072093805,4.4794761541007025e-05,0.11535534215841547,0.5831296831205415,0.15216651931954678,0.1633780435659628
-0.3999999999999997,0.6500000000000002,0.45000000000000007,1,1,1,4.170034833728139e-05,5.188827148564489e-05,0.15565994857308985,0.5377236488570678,0.16138456239104587,0.15600766926557239
-0.34999999999999964,0.6500000000000002,0.45000000000000007,1,1,1,3.677381687550059e-05,6.708511576229928e-05,0.15353767638725113,0.49650650564409604,0.16774629974821953,0.1444447151102078
-0.2999999999999996,0.6500000000000002,0.45000000000000007,1,1,1,3.4482367333780485e-05,0.0001023773522033836,0.1503818513363231,0.4596452039891856,0.1715645199598784,0.127688636594965
-0.24999999999999956,0.6500000000000002,0.45000000000000007,1,1,1,3.3968025172861704e-05,0.00020698668640100958,0.14646397491304386,0.4281753104731121,0.17304861813758182,0.10369955347934798
-0.1999999999999995,0.6500000000000002,0.45000000000000007,1,1,1,3.4949063654464106e-05,0.0007676039633466712,0.14198455105704477,0.4067039591631887,0.1722986930726772,0.06634484284939089
-0.14999999999999947,0.6500000000000002,0.45000000000000007,0,1,0,3.748448828607794e-05,0.017728941346608636,0.13708016187339833,0.0,0.16931642844511685,0.01764930093384743
-0.09999999999999942,0.6500000000000002,0.45000000000000007,0,1,0,4.198001090235125e-05,0.05423938977782574,0.13182172817692717,0.0,0.16399525490565073,0.04492475851202085
-0.09999999999999942,0.7000000000000002,0.45000000000000007,0,1,0,0.0001613519197560496,2.650035462074437,0.1080694106219604,0.0,0.1335096733569251,0.045571845676607686
-0.14999999999999947,0.7000000000000002,0.45000000000000007,0,1,0,4.988666849067297e-05,0.06940160309586525,0.11285044464369154,0.0,0.1399501298553989,0.12047846538745592
-0.1999999999999995,0.7000000000000002,0.45000000000000007,0,1,0,4.631980538068024e-05,0.0495515317323745,0.11702028352679239,0.0,0.1435058857423113,0.02072280009024753
-0.24999999999999956,0.7000000000000002,0.45000000000000007,1,1,1,4.596474532080389e-05,0.0019360608979405887,0.1205096793749556,0.4927077756530756,0.1443101597419279,0.03336524926305329
-0.2999999999999996,0.7000000000000002,0.45000000000000007,1,1,1,4.8562490507609695e-05,0.0014462279093635981,0.12318101608055221,0.5433883589127309,0.14238528684937604,0.08157383467965525
-0.34999999999999964,0.7000000000000002,0.45000000000000007,1,1,1,5.491275314302852e-05,0.00019740224320424668,0.12479976882122568,0.578487416030415,0.13758174067550963,0.10569186895292665
-0.3999999999999997,0.7000000000000002,0.45000000000000007,1,1,1,6.760811669937982e-05,9.60486095406242e-05,0.11147209891736054,0.6196390856199958,0.12953794623148357,0.12229542693202546
-0.44999999999999973,0.7000000000000002,0.45000000000000007,0,0,1,0.012248429578926068,6.394547992585147e-05,0.0,0.6662351653331329,0.11742255214372162,0.13330219199777438
-0.4999999999999998,0.7000000000000002,0.45000000000000007,0,0,1,0.15699035079343115,5.2285615451064954e-05,0.0,0.7177461424654976,0.10570543112555836,0.14003145326798724
-0.5499999999999998,0.7000000000000002,0.45000000000000007,0,0,1,0.28624936020058345,4.8600777855597685e-05,0.0,0.774165594431439,0.09852913050202791,0.14324729732666477
-0.5999999999999999,0.7000000000000002,0.45000000000000007,0,0,1,0.5149717676873873,4.938190375294422e-05,0.0,0.8357676232842961,0.12354449164582597,0.14345210791707513
-0.6499999999999999,0.7000000000000002,0.45000000000000007,0,0,1,0.6410342332465742,5.378072352166367e-05,0.0,0.7936508650425906,0.13409246448658793,0.14095944586549675
-0.7,0.7000000000000002,0.45000000000000007,0,0,1,0.6250232986345915,6.247411448502969e-05,0.0,0.7104243214528096,0.09153799189897201,0.13588082101753193
-0.75,0.7000000000000002,0.45000000000000007,0,0,1,2.2956141205981635,7.827040781456659e-05,0.0,0.628614967908329,0.04557184567660781,0.12807138251519726
-0.75,0.7500000000000002,0.45000000000000007,0,0,1,2.36410463757329,0.000912491267790833,0.0,0.6566525926742255,0.20844960609598148,0.08487630214895978
-0.7,0.7500000000000002,0.45000000000000007,0,0,1,1.9300925983228627,0.00010745666323516438,0.0,0.7262568936837197,0.04395551704490072,0.09540515045907857
-0.6499999999999999,0.7500000000000002,0.45000000000000007,0,0,1,0.8190040258243885,8.645677928872102e-05,0.0,0.8004351738985236,0.19816501515449247,0.10180818951141599
-0.5999999999999999,0.7500000000000002,0.45000000000000007,0,0,1,0.2523964375754632,8.021523614178144e-05,0.0,0.8774670659610047,0.07519223213818187,0.10413998626452435
-0.5499999999999998,0.7500000000000002,0.45000000000000007,0,0,1,0.5206428716297268,8.595784764476597e-05,0.0,0.8474240371251458,0.11046510841196186,0.10249064463630154
-0.4999999999999998,0.7500000000000002,0.45000000000000007,0,0,1,0.38073310918383835,0.00010723158700654949,0.0,0.7922418303962313,0.09013289164699742,0.09643553033223592
-0.44999999999999973,0.7500000000000002,0.45000000000000007,0,0,1,0.19888317598419444,0.00016521067025039465,0.0,0.744422530651986,0.07565013076584332,0.08485112012696833
-0.3999999999999997,0.7500000000000002,0.45000000000000007,0,0,1,0.07261401056252667,0.00037056629961623754,0.0,0.7015724355123938,0.08253159327234441,0.06488911369341056
-0.34999999999999964,0.7500000000000002,0.45000000000000007,1,1,1,0.0005811961855182881,0.0008832247264683801,0.05217353301968597,0.40599472072742276,0.09422344929023115,0.01970077540861999
-0.2999999999999996,0.7500000000000002,0.45000000000000007,0,1,0,8.152706028922635e-05,0.032535737176888735,0.09303217440345302,0.0,0.10084673456466119,0.0318117554565378
-0.24999999999999956,0.7500000000000002,0.45000000000000007,0,1,0,0.001997063832479335,0.0570747147452705,0.09207658613984959,0.0,0.10542529676657816,0.04508103250613411
-0.1999999999999995,0.7500000000000002,0.45000000000000007,0,1,0,8.401400768572829e-05,2.617713607118262,0.08853919184110781,0.0,0.10269772116591043,0.045571845676607686
-0.14999999999999947,0.7500000000000002,0.45000000000000007,0,1,0,9.63026538334828e-05,2.3064223783076465,0.08457829085334456,0.0,0.09771185217365257,0.13176795537211536
-0.09999999999999942,0.7500000000000002,0.45000000000000007,0,1,0,0.00013738494396110234,2.6609593281131043,0.07950188340630104,0.0,0.08811254783469707,0.045571845676607686
-0.09999999999999942,0.8000000000000003,0.45000000000000007,0,0,0,0.015899125719275275,3.03166477283975,0.0,0.0,0.02532504781839358,0.10539965522654747
-0.14999999999999947,0.8000000000000003,0.45000000000000007,0,0,0,0.033302879527334794,2.2377077568219357,0.0,0.0,0.0027675397894004693,0.13130930232235039
-0.1999999999999995,0.8000000000000003,0.45000000000000007,0,0,0,0.07100356661891134,2.629722632619679,0.0,0.0,0.008484555659424832,0.045571845676607686
-0.24999999999999956,0.8000000000000003,0.45000000000000007,0,0,0,0.10050454046128421,0.19982117590381024,0.0,0.06990744011072098,0.020684661668216083,0.03521128211883669
-0.2999999999999996,0.8000000000000003,0.45000000000000007,0,0,0,0.15997203576869995,2.5898187402851445,0.0,0.0,0.026855822335522767,0.045571845676607686
-0.34999999999999964,0.8000000000000003,0.45000000000000007,0,0,0,0.29797663565260163,0.10485706259645944,0.0,0.0,0.05230785915887597,0.012174897150221653
-0.3999999999999997,0.8000000000000003,0.45000000000000007,0,0,0,0.09865882822189305,0.06009421260940801,0.0,0.0078342342273503,0.0157645849502461,0.036785966844489974
-0.44999999999999973,0.8000000000000003,0.45000000000000007,0,0,0,0.1299551651517765,0.034346827982455676,0.0,0.0007446683879792637,0.011034402053520685,0.03373779929871108
-0.4999999999999998,0.8000000000000003,0.45000000000000007,0,0,0,0.3298214654370366,0.011497423009184828,0.0,0.0,0.00639949256371511,0.011729408607566754
-0.5499999999999998,0.8000000000000003,0.45000000000000007,0,0,0,0.6837486838956933,0.008355932369050864,0.0,0.0,0.04435012501569231,0.0007406044219638245
-0.5999999999999999,0.8000000000000003,0.45000000000000007,0,0,1,0.6797455075672749,0.0019968520804925535,0.0,0.2950124311945365,0.042691507289985026,0.0010872562293167156
-0.6499999999999999,0.8000000000000003,0.45000000000000007,0,0,0,1.2668797829137002,0.007494865504035159,0.0,0.0,0.0459590714170318,0.000749800904719408
-0.7,0.8000000000000003,0.45000000000000007,0,0,0,0.7777523422790457,0.011667482155696287,0.0,0.0,0.046061718250556126,0.008384315760565822
-0.75,0.8000000000000003,0.45000000000000007,0,0,0,1.2100368918852051,0.02365947732086083,0.0,0.0,0.00877622895659782,0.024848410185381784
-0.75,0.8500000000000002,0.45000000000000007,0,0,0,2.966044125380041,0.2812947951116626,0.0,0.023142959190413315,0.04527813892818675,0.03591826882643786
-0.7,0.8500000000000002,0.45000000000000007,0,0,0,0.8668849412384113,0.14915675256608343,0.0,0.0,0.04450073878852073,0.03225326026556687
-0.6499999999999999,0.8500000000000002,0.45000000000000007,0,0,0,0.7768335109907168,0.0941721851249174,0.0,0.0,0.04474494990811261,0.04506616860819216
-0.5999999999999999,0.8500000000000002,0.45000000000000007,0,0,0,0.709751398696733,0.09182428644388783,0.0,0.04644088809200131,0.04492643128854558,0.07981293427241337
-0.5499999999999998,0.8500000000000002,0.45000000000000007,0,0,0,0.65622408739478,0.07908013581367092,0.0,0.051682603614342515,0.04504588714708654,0.10425885055125021
-0.4999999999999998,0.8500000000000002,0.45000000000000007,0,0,0,0.6129769108172123,0.6916505039773555,0.0,0.0,0.04512580724715367,0.04324713656696585
-0.44999999999999973,0.8500000000000002,0.45000000000000007,0,0,0,0.5780058309249368,2.8988083729144525,0.0,0.0,0.04518039448005682,0.1426117466713731
-0.3999999999999997,0.8500000000000002,0.45000000000000007,0,0,0,0.5502572835012949,1.8093950990253793,0.0,0.0,0.04521798936506288,0.0064876978515296425
-0.34999999999999964,0.8500000000000002,0.45000000000000007,0,0,0,0.5292576631200943,2.614503797170091,0.0,0.0,0.045243640296405374,0.04634628192637859
-0.2999999999999996,0.8500000000000002,0.45000000000000007,0,0,0,0.5148360285693108,2.602917152571745,0.0,0.0,0.045262007838298375,0.045571845676607686
-0.24999999999999956,0.8500000000000002,0.45000000000000007,0,0,0,0.0796051485524983,2.622368721526823,0.0,0.0,0.026095461470430327,0.045571845676607686
-0.1999999999999995,0.8500000000000002,0.45000000000000007,0,0,0,0.22573887948218244,2.6426232648889334,0.0,0.0,0.027783325090081294,0.045571845676607686
-0.14999999999999947,0.8500000000000002,0.45000000000000007,0,0,0,0.07453025295958642,2.663662465220071,0.0,0.0,0.045187012825155956,0.045571845676607686
-0.09999999999999942,0.8500000000000002,0.45000000000000007,0,0,0,0.12885217753872483,2.3079522663010437,0.0,0.0,0.13093482404602624,0.19144875823068144
-0.09999999999999942,0.9000000000000002,0.45000000000000007,0,0,0,0.16680916168284918,3.4944185739061533,0.0,0.0,0.045263038753665066,0.13017937523082537
-0.14999999999999947,0.9000000000000002,0.45000000000000007,0,0,0,0.12706925113894016,0.658034923888962,0.0,0.0,0.04516103468451198,0.047367331184969774
-0.1999999999999995,0.9000000000000002,0.45000000000000007,0,0,0,0.19433399834581463,0.6141464012482496,0.0,0.0,0.0303502077476506,0.15310796083427883
-0.24999999999999956,0.9000000000000002,0.45000000000000007,0,0,0,0.40751727945310484,3.0925782081717403,0.0032927781639462417,0.0,0.08756177154257093,0.045612374102908144
-0.2999999999999996,0.9000000000000002,0.45000000000000007,0,0,0,0.3807717415275569,2.616905481436476,0.0,0.0,0.05997552604495563,0.045571845676607686
-0.34999999999999964,0.9000000000000002,0.45000000000000007,0,0,0,0.4243688431324733,1.1989173005217524,0.0,0.0,0.029120164879558725,0.06239390877413923
-0.3999999999999997,0.9000000000000002,0.45000000000000007,0,0,0,0.5783456771766333,2.5747985970872835,0.0,0.0,0.012389684398859933,0.04626388580535529
-0.44999999999999973,0.9000000000000002,0.45000000000000007,0,0,0,0.7587706532837786,0.5909966721440074,0.0,0.0,0.045332191868616034,0.11117251862543936
-0.4999999999999998,0.9000000000000002,0.45000000000000007,0,0,0,0.7770388332928312,2.6019087019389655,0.0,0.0,0.04530816872137121,0.04557184567660772
-0.5499999999999998,0.9000000000000002,0.45000000000000007,0,0,0,0.7998517813940489,1.6826084913952726,0.0,0.0,0.04527247520369213,0.21052387010310153
-0.5999999999999999,0.9000000000000002,0.45000000000000007,0,0,0,0.8277024891599627,2.389898425767806,0.0,0.0,0.045221502271677975,0.0455718456766076
-0.6499999999999999,0.9000000000000002,0.45000000000000007,0,0,0,0.8614673241101249,2.4145422964632854,0.0,0.0,0.04514945623507101,0.04586145542289027
-0.7,0.9000000000000002,0.45000000000000007,0,0,0,0.902639771339801,3.165676875412848,0.0,0.0,0.04504685241795683,0.04173439653627872
-0.75,0.9000000000000002,0.45000000000000007,0,0,0,0.9535915322061055,2.36909509583333,0.0,0.0,0.04489917508166583,0.04557184567660768
-0.75,0.9500000000000003,0.45000000000000007,0,0,0,1.0694080659351246,0.7649127407770788,0.0,0.0,0.045190782533543104,0.04715683263505368
-0.7,0.9500000000000003,0.45000000000000007,0,0,0,1.0383643747534363,2.5086033617278316,0.0,0.0,0.045272628436359215,0.045571845676607624
-0.6499999999999999,0.9500000000000003,0.45000000000000007,0,0,0,1.0121480866577555,2.4169210187567263,0.0,0.0,0.04533120665924037,0.035375681595248495
-0.5999999999999999,0.9500000000000003,0.45000000000000007,0,0,0,0.9899490555072219,2.544186102999743,0.0,0.0,0.04537249530349123,0.13414952922764983
-0.5499999999999998,0.9500000000000003,0.45000000000000007,0,0,0,0.8055010041907745,0.672171036446954,0.0,0.0,0.023385858438616656,0.11311015660930654
-0.4999999999999998,0.9500000000000003,0.45000000000000007,0,0,0,0.5618160159325202,3.1637417556845016,0.0,0.0,0.04499504859636796,0.1307029602053773
-0.44999999999999973,0.9500000000000003,0.45000000000000007,0,0,0,0.5613702745039958,2.6710202856790097,0.0,0.0,0.06120790543392357,0.04557184567660772
-0.3999999999999997,0.9500000000000003,0.45000000000000007,0,0,0,0.5878092377389725,1.2688757013136618,0.0,0.0,0.08104615261168742,0.025213902967332683
-0.34999999999999964,0.9500000000000003,0.45000000000000007,0,0,0,0.6274052902818683,2.7921573379565277,0.014278174691175316,0.0,0.09657659840811042,0.1908541474416681
-0.2999999999999996,0.9500000000000003,0.45000000000000007,0,0,0,0.3542832211343633,2.631769536717139,0.0,0.0,0.04531054150276986,0.045571845676607686
-0.24999999999999956,0.9500000000000003,0.45000000000000007,0,0,0,0.4151804469120451,2.5710157621689627,0.0,0.0,0.19259322950637872,0.045822091129431725
-0.1999999999999995,0.9500000000000003,0.45000000000000007,0,0,0,1.0716445588180128,2.6710467819512984,0.24886051597160908,0.0,0.10938077297428508,0.045571845676607686
-0.14999999999999947,0.9500000000000003,0.45000000000000007,0,0,0,0.6585748140790767,2.2804601023325812,0.0,0.0,0.041185211255638905,0.13154975973609725
-0.09999999999999942,0.9500000000000003,0.45000000000000007,0,0,0,0.9534614499403413,2.713442634063309,0.12028207040925176,0.0,0.19489175998267078,0.045571845676607686
-0.09999999999999942,1.0000000000000002,0.45000000000000007,0,0,0,0.3645025935260558,2.8311819924281623,0.0,0.0,0.04490647240743277,0.023757233074008673
-0.14999999999999947,1.0000000000000002,0.45000000000000007,0,0,0,0.535668131341057,2.7072398333879617,0.0,0.0,0.044839930403835424,0.045571845676607686
-0.1999999999999995,1.0000000000000002,0.45000000000000007,0,0,0,1.9869352423640676,2.686541923550135,0.0,0.0,0.09660766462219605,0.045571845676607686
-0.24999999999999956,1.0000000000000002,0.45000000000000007,0,0,0,0.7635845943308514,2.6666209889113297,0.0,0.0,0.1601313574149925,0.045571845676607686
-0.2999999999999996,1.0000000000000002,0.45000000000000007,0,0,0,0.7575706200321243,3.32648403860928,0.09871676226014481,0.0,0.17454035113233715,0.13070296020537728
-0.34999999999999964,1.0000000000000002,0.45000000000000007,0,0,0,0.6925217856494391,2.6291800017348366,0.0,0.0,0.044624508789693366,0.045571845676607686
-0.3999999999999997,1.0000000000000002,0.45000000000000007,0,0,0,0.9619873407343809,0.8802459354299067,0.0,0.0,0.07368268889371303,0.09157703958928273
-0.44999999999999973,1.0000000000000002,0.45000000000000007,0,0,0,0.395442599693797,1.4457835183703456,0.0,0.0,0.04537964145507717,0.04356104566154095
-0.4999999999999998,1.0000000000000002,0.45000000000000007,0,0,0,0.887127842585494,2.579276537336067,0.0,0.0,0.08658615294554253,0.04557184567660767
-0.5499999999999998,1.0000000000000002,0.45000000000000007,0,0,0,0.7647005163135395,2.2000539232548135,0.0,0.0,0.0842609764350764,0.12364365794474602
-0.5999999999999999,1.0000000000000002,0.45000000000000007,0,0,0,0.6994377149674261,1.4513694122597007,0.0,0.0,0.06765923385356647,0.0075259093841010035
-0.6499999999999999,1.0000000000000002,0.45000000000000007,0,0,0,1.1705553941264308,0.9019865565326095,0.0,0.4819749711386518,0.04543519400350692,0.023975894906751144
-0.7,1.0000000000000002,0.45000000000000007,0,0,0,1.1904134909548885,2.5250955273201545,0.0,0.0,0.04539392153331927,0.045571845676607686
-0.75,1.0000000000000002,0.45000000000000007,0,0,0,1.2133722291967022,2.5136132435354077,0.0,0.0,0.04533421291573306,0.04613857159326049
-0.75,1.0000000000000002,0.5000000000000001,0,0,0,1.2531090687044346,2.7757651801397394,0.0,0.0,0.04510706162506234,0.04557184567660772
-0.7,1.0000000000000002,0.5000000000000001,0,0,0,1.226134896522667,2.211291665100412,0.0,0.0,0.04521472837425015,0.12505491872687138
-0.6499999999999999,1.0000000000000002,0.5000000000000001,0,0,0,0.7354529463575725,1.5286394626163013,0.0,0.0,0.04478652429719682,0.0302385314874852
-0.5999999999999999,1.0000000000000002,0.5000000000000001,0,0,0,0.913606611214874,2.155469445479101,0.0,0.0,0.07361077966260238,0.1334337750086004
-0.5499999999999998,1.0000000000000002,0.5000000000000001,0,0,0,2.320533461036017,3.056210886192279,0.0,0.0,0.12864528767824343,0.04656734947655507
-0.4999999999999998,1.0000000000000002,0.5000000000000001,0,0,0,0.982789968418609,2.632398698411975,0.0,0.0,0.19687772920236782,0.04630963554416543
-0.44999999999999973,1.0000000000000002,0.5000000000000001,0,0,0,0.8771418619124671,3.2826655396905613,0.0,0.0,0.11699784168035024,0.17887203543572838
-0.3999999999999997,1.0000000000000002,0.5000000000000001,0,0,0,1.2022162550729933,2.547726165206157,0.0,0.0,0.1119401305501249,0.04557184567660772
-0.34999999999999964,1.0000000000000002,0.5000000000000001,0,0,0,1.7309135498637191,1.9884450898421382,0.0,0.0,0.044599270005427315,0.11207991140833828
-0.2999999999999996,1.0000000000000002,0.5000000000000001,0,0,0,0.9294951629502743,2.65564254584224,0.0,0.0,0.08018951932693699,0.045571845676607686
-0.24999999999999956,1.0000000000000002,0.5000000000000001,0,0,0,1.1267012602868651,1.9204650920312711,0.05551652114912775,0.0,0.13145494475848146,0.046353807232225284
-0.1999999999999995,1.0000000000000002,0.5000000000000001,0,0,0,0.4268260789844122,2.6945718302297115,0.0,0.0,0.04491660063971352,0.045571845676607686
-0.14999999999999947,1.0000000000000002,0.5000000000000001,0,0,0,1.9826130217582536,2.3090261469973004,0.0,0.0,0.09402995965937169,0.13179243262871626
-0.09999999999999942,1.0000000000000002,0.5000000000000001,0,0,0,0.623437848915083,2.2095638717257735,0.0,0.0,0.04479170231177321,0.13070296020537725
-0.09999999999999942,0.9500000000000003,0.5000000000000001,0,0,0,0.33552634582246227,3.2767346522008762,0.0,0.0,0.04488690492518423,0.1181381980124758
-0.14999999999999947,0.9500000000000003,0.5000000000000001,0,0,0,0.6042986246881843,2.6998779159690622,0.04804316502985451,0.0,0.1712294671137474,0.045571845676607686
-0.1999999999999995,0.9500000000000003,0.5000000000000001,0,0,0,0.7090888736185925,2.6791231312963997,0.20634964975777237,0.0,0.17148049919174158,0.045571845676607686
-0.24999999999999956,0.9500000000000003,0.5000000000000001,0,0,0,0.5701700634278952,2.6998739088734207,0.005684465311948106,0.0,0.04212810002856721,0.13616458684258437
-0.2999999999999996,0.9500000000000003,0.5000000000000001,0,0,0,0.7563263107212136,2.639966048203534,0.06999384051146418,0.0,0.1045114243599888,0.045571845676607686
-0.34999999999999964,0.9500000000000003,0.5000000000000001,0,0,0,0.6814591781306097,2.6215988875450345,0.12632386048474897,0.0,0.11694665327181743,0.045571845676607686
-0.3999999999999997,0.9500000000000003,0.5000000000000001,0,0,0,0.7478926304135072,2.6040623492319344,0.0,0.0,0.07606794953725025,0.045571845676607686
-0.44999999999999973,0.9500000000000003,0.5000000000000001,0,0,0,0.7094004361781251,2.906086283809293,0.0,0.0,0.06579977902831038,0.043950771859783085
-0.4999999999999998,0.9500000000000003,0.5000000000000001,0,0,0,0.674395859481861,2.601209353766493,0.0,0.0,0.04929322719609439,0.04636803994524921
-0.5499999999999998,0.9500000000000003,0.5000000000000001,0,0,0,0.6672267484157142,2.3691427848859807,0.0,0.0,0.021392455506134497,0.1085786000481316
-0.5999999999999999,0.9500000000000003,0.5000000000000001,0,0,0,1.027126951381147,2.099773732122969,0.0,0.0,0.045223934264651405,0.06807681611532215
-0.6499999999999999,0.9500000000000003,0.5000000000000001,0,0,0,1.0530836381796143,2.5301700676347454,0.0,0.0,0.04515662304416104,0.046138308430026385
-0.7,0.9500000000000003,0.5000000000000001,0,0,0,1.0842117800729745,2.780342001967052,0.0,0.0,0.04505817754098651,0.20089317947455726
-0.75,0.9500000000000003,0.5000000000000001,0,0,0,1.1216430172968312,2.450779338456903,0.0,0.0,0.04492189685105976,0.0461856029201423
-0.75,0.9000000000000002,0.5000000000000001,0,0,0,1.0257449213850136,2.4751023811138273,0.0,0.0,0.044550025677121095,0.04614198864989232
-0.7,0.9000000000000002,0.5000000000000001,0,0,0,0.965042031899765,2.3203129625007586,0.0,0.0,0.044766068345179454,0.1265442049613111
-0.6499999999999999,0.9000000000000002,0.5000000000000001,0,0,0,0.9158708853602916,2.3740623768398796,0.0,0.0,0.04492402279466715,0.04610400020631078
-0.5999999999999999,0.9000000000000002,0.5000000000000001,0,0,0,0.8758969100313746,2.2674550976465264,0.0,0.0,0.045037026692733746,0.03630948817731732
-0.5499999999999998,0.9000000000000002,0.5000000000000001,0,0,0,0.8433275664548623,2.5412996866952167,0.0,0.0,0.04511572629968236,0.045571845676607686
-0.4999999999999998,0.9000000000000002,0.5000000000000001,0,0,0,0.8169332360230449,2.5563341147211625,0.0,0.0,0.04516763624388955,0.045571845676607686
-0.44999999999999973,0.9000000000000002,0.5000000000000001,0,0,0,0.6168376099527263,2.4644506909300614,0.0,0.0,0.027433487232207128,0.13055898397214144
-0.3999999999999997,0.9000000000000002,0.5000000000000001,0,0,0,0.4858774337092351,3.0211740015237045,0.0,0.0,0.01608962930637922,0.1307029602053772
-0.34999999999999964,0.9000000000000002,0.5000000000000001,0,0,0,0.4833942655770912,2.6066768368091378,0.0,0.0,0.044340586178492514,0.045571845676607686
-0.2999999999999996,0.9000000000000002,0.5000000000000001,0,0,0,0.46287195829082683,2.281707486063393,0.009805769483538729,0.0,0.06992486825463362,0.04557184567660773
-0.24999999999999956,0.9000000000000002,0.5000000000000001,0,0,0,0.4838720812411552,2.644436451975606,0.04348072050075258,0.0,0.09515992166567219,0.045571845676607686
-0.1999999999999995,0.9000000000000002,0.5000000000000001,0,0,0,0.4194292722703284,2.66452325135799,0.007400265520566496,0.0,0.12504802371988927,0.045571845676607686
-0.14999999999999947,0.9000000000000002,0.5000000000000001,0,0,0,0.30900392824891837,2.685390877603738,0.093291625032077,0.0,0.15838134113082783,0.045571845676607686
-0.09999999999999942,0.9000000000000002,0.5000000000000001,0,0,0,0.35621850057615373,1.7599381354802426,0.024311128355092304,0.0,0.17433455915606397,0.12241920251296415
-0.09999999999999942,0.8500000000000002,0.5000000000000001,0,0,0,0.10420349680014651,2.6935009891194257,0.0,0.0,0.04511674925877782,0.045571845676607686
-0.14999999999999947,0.8500000000000002,0.5000000000000001,0,0,0,0.10004400548775429,2.6717611363850073,0.0,0.0,0.04505795958008829,0.045571845676607686
-0.1999999999999995,0.8500000000000002,0.5000000000000001,0,0,0,0.07840662891150306,1.6658791298118736,0.0,0.0,0.045056367384559516,0.022752678911062234
-0.24999999999999956,0.8500000000000002,0.5000000000000001,0,0,0,0.2992811603569061,1.8815689837050427,0.0,0.0,0.01396247370261772,0.1900182945572038
-0.2999999999999996,0.8500000000000002,0.5000000000000001,0,0,0,0.415869865129415,2.4624162300381283,0.0,0.0,0.05205489834329125,0.22056030765627374
-0.34999999999999964,0.8500000000000002,0.5000000000000001,0,0,0,0.5701270237653052,2.59263332076428,0.0,0.0,0.04510778003542327,0.045571845676607686
-0.3999999999999997,0.8500000000000002,0.5000000000000001,0,0,0,0.5931435122812075,2.5748995179321463,0.0,0.0,0.04507783158387645,0.045571845676607686
-0.44999999999999973,0.8500000000000002,0.5000000000000001,0,0,0,0.6237862899385718,2.5580202342743847,0.0,0.0,0.04502716393879236,0.045571845676607686
-0.4999999999999998,0.8500000000000002,0.5000000000000001,0,0,0,0.6628178182108713,1.9309881456096103,0.0,0.0,0.04494869285261506,0.13685975378469387
-0.5499999999999998,0.8500000000000002,0.5000000000000001,0,0,0,0.7115887256923118,0.10067023473108604,0.0,0.07630290114403016,0.04483245866139644,0.10630438328279286
-0.5999999999999999,0.8500000000000002,0.5000000000000001,0,0,0,0.7722085713477976,0.12180010575924197,0.0,0.0,0.044663593296932896,0.04510909237437468
-0.6499999999999999,0.8500000000000002,0.5000000000000001,0,0,0,0.8474328801101162,0.0820590976477035,0.0,0.09242507581558135,0.04442276033725199,0.14172885624968576
-0.7,0.8500000000000002,0.5000000000000001,0,0,0,0.9397913385123814,0.45630664833098683,0.0,0.6563494726257404,0.04409176622492532,0.058929899900249466
-0.75,0.8500000000000002,0.5000000000000001,0,0,0,1.5894758179580153,0.9239484590880362,0.0,0.0,0.1868812436435674,0.04555689106327586
-0.75,0.8000000000000003,0.5000000000000001,0,0,0,1.2630338337435854,0.04502746268652271,0.0,0.0,0.036940213738191806,0.014451266219573773
-0.7,0.8000000000000003,0.5000000000000001,0,0,0,1.0624762832198469,0.024646291233165085,0.0,0.0,0.06906605982562139,0.024552174492611746
-0.6499999999999999,0.8000000000000003,0.5000000000000001,0,0,0,0.9887146052281047,0.032693635873537304,0.0,0.0037375139198805307,0.04308883200148654,0.019021250652690017
-0.5999999999999999,0.8000000000000003,0.5000000000000001,0,0,0,0.8538758347433464,0.031727715215193776,0.0,0.0,0.04357884451835345,0.015652788997842202
-0.5499999999999998,0.8000000000000003,0.5000000000000001,0,0,0,0.7332173877648972,0.032999079808004074,0.0,0.0017834759198547268,0.044056939194806875,0.01995191532552255
-0.4999999999999998,0.8000000000000003,0.5000000000000001,0,0,0,0.6301702714058031,0.03394153002179267,0.0,0.010008714958639864,0.04441009367100945,0.03274710864395899
-0.44999999999999973,0.8000000000000003,0.5000000000000001,0,0,0,0.5441220330644343,0.07261496035015912,0.0,0.015460083592865992,0.04465139678590462,0.028509658401656385
-0.3999999999999997,0.8000000000000003,0.5000000000000001,0,0,0,0.4727990390704274,0.0614713781433819,0.0,0.0,0.04480813429719539,0.04499749586639435
-0.34999999999999964,0.8000000000000003,0.5000000000000001,0,0,0,0.2677158008338097,0.7329027074738205,0.0,0.0,0.01808708306943455,0.044965592131897804
-0.2999999999999996,0.8000000000000003,0.5000000000000001,0,0,0,0.26000786163140427,2.598147599503764,0.0,0.0,0.020841652802627668,0.045571845676607686
-0.24999999999999956,0.8000000000000003,0.5000000000000001,0,0,0,0.1661240535476661,0.33811515319176305,0.0,0.4063316663532505,0.006541110233331648,0.013506725255402575
-0.1999999999999995,0.8000000000000003,0.5000000000000001,0,0,0,0.16673316247191328,2.637925504214858,0.0,0.0,0.005968006597248254,0.045571845676607686
-0.14999999999999947,0.8000000000000003,0.5000000000000001,0,0,0,0.017480279279214455,2.659001875568581,0.0,0.0,0.026140883181227592,0.045571845676607686
-0.09999999999999942,0.8000000000000003,0.5000000000000001,0,0,0,0.023498011971755977,2.680845199329356,0.0,0.0,0.044681870607735916,0.045571845676607686
-0.09999999999999942,0.7500000000000002,0.5000000000000001,0,1,0,0.00018210820634610028,2.6690662013421815,0.13347912647400673,0.0,0.07586889562136441,0.045571845676607686
-0.14999999999999947,0.7500000000000002,0.5000000000000001,0,1,0,0.00011885284237943241,2.6471256824444813,0.1382604377322787,0.0,0.0867839602399332,0.045571845676607686
-0.1999999999999995,0.7500000000000002,0.5000000000000001,0,1,0,0.0019725169138873344,2.625953992393458,0.14243724893212484,0.0,0.09427220237264224,0.045571845676607686
-0.24999999999999956,0.7500000000000002,0.5000000000000001,0,1,0,9.771193176231016e-05,0.06883473989950514,0.14503166977749116,0.0,0.09341791616647785,0.0450604067540307
-0.2999999999999996,0.7500000000000002,0.5000000000000001,0,1,0,0.00010770714993375117,0.07481766773929596,0.11571999604020933,0.0029823212998807413,0.09019845272756906,0.027787925483121645
-0.34999999999999964,0.7500000000000002,0.5000000000000001,0,1,0,0.0001486494587843747,0.019166715539998005,0.010468864929183308,0.0,0.08215117982002514,0.0007622851420706022
-0.3999999999999997,0.7500000000000002,0.5000000000000001,0,0,1,0.11495841417662479,0.0014868675964916107,0.0,0.007616287394017096,0.07199798801230677,0.042628967500739474
-0.44999999999999973,0.7500000000000002,0.5000000000000001,0,0,0,0.2329278421152589,2.5322784854192153,0.0,0.0,0.06693713517933286,0.045571845676607686
-0.4999999999999998,0.7500000000000002,0.5000000000000001,0,0,0,0.4423869571643422,2.48553152488485,0.0,0.0,0.09825135767641331,0.046061054311589765
-0.5499999999999998,0.7500000000000002,0.5000000000000001,0,0,0,0.5839221295444541,0.32587471463919687,0.0,0.0,0.12919217450956605,0.1227457300727619
-0.5999999999999999,0.7500000000000002,0.5000000000000001,0,0,0,0.5652260661303773,2.486466227851682,0.0,0.0,0.07659316867852507,0.045571845676607686
-0.6499999999999999,0.7500000000000002,0.5000000000000001,0,0,0,2.1439626005887837,2.4349699318856115,0.0,0.0,0.15837361400804462,0.04598956138519022
-0.7,0.7500000000000002,0.5000000000000001,0,0,0,1.1014378994398604,0.41833050183445947,0.0,0.06964052029947432,0.04494953863797486,0.1783293319176345
-0.75,0.7500000000000002,0.5000000000000001,0,0,0,1.0692293282748169,0.00833674066665236,0.0,0.0,0.04513548457810351,0.07277743414010647
-0.75,0.7000000000000002,0.5000000000000001,0,0,0,1.1036439503080007,0.3024370397926099,0.0,0.0,0.04456124785121321,0.023393216064988002
-0.7,0.7000000000000002,0.5000000000000001,0,0,0,1.2365272682812536,0.230213772883104,0.0,0.0,0.10488274709680867,0.0017471202418808606
-0.6499999999999999,0.7000000000000002,0.5000000000000001,0,0,0,0.7658123050461954,2.425215877977168,0.0,0.0,0.16337695134383773,0.045502602364716774
-0.5999999999999999,0.7000000000000002,0.5000000000000001,0,0,0,0.17993737111629726,2.2562260286448375,0.0,0.0,0.06529094604072441,0.0438007152025185
-0.5499999999999998,0.7000000000000002,0.5000000000000001,0,0,0,0.3096354961725778,0.3054930400556001,0.0,0.0,0.09131922860491923,0.02750741016734012
-0.4999999999999998,0.7000000000000002,0.5000000000000001,0,0,0,0.18375739394872884,2.717263458256527,0.0,0.0,0.09758818942019512,0.04557184567660772
-0.44999999999999973,0.7000000000000002,0.5000000000000001,0,0,0,0.039582602626313274,0.316816336269648,0.0,0.030467152895500504,0.10801703757626338,0.03332067767631578
-0.3999999999999997,0.7000000000000002,0.5000000000000001,0,1,0,0.0007618908788892857,0.3474581085617072,0.08790231326862319,0.0,0.121920522429059,0.014115563793660538
-0.34999999999999964,0.7000000000000002,0.5000000000000001,0,1,0,5.644182273856479e-05,0.24036134504991954,0.1798150308601012,0.0,0.13000746847975597,0.013680083354939825
-0.2999999999999996,0.7000000000000002,0.5000000000000001,0,1,0,5.0310647699024905e-05,2.6733116196905944,0.177441222426598,0.0,0.135139910440581,0.043163595443254925
-0.24999999999999956,0.7000000000000002,0.5000000000000001,0,1,0,4.8315402707749066e-05,0.013112684588876126,0.17432786226425634,0.0,0.13722464917370292,0.0007980205227613199
-0.1999999999999995,0.7000000000000002,0.5000000000000001,0,1,0,5.0007436415480594e-05,0.05950196058424228,0.17067352664337765,0.0,0.13642720737514624,0.038373574578325007
-0.14999999999999947,0.7000000000000002,0.5000000000000001,0,1,0,5.5624007344093895e-05,0.25630615632875275,0.16658870807136195,0.0,0.13271481865574636,0.07668824388452265
-0.09999999999999942,0.7000000000000002,0.5000000000000001,0,1,0,6.722144987577746e-05,3.127656549364984,0.16210819674108023,0.0,0.12583879632307615,0.13054346646833812
-0.09999999999999942,0.6500000000000002,0.5000000000000001,0,1,0,0.00014685722910426588,0.1293216128406657,0.18530985934277266,0.0,0.1581860990403479,0.044963970315529206
-0.14999999999999947,0.6500000000000002,0.5000000000000001,0,1,0,3.929135614409857e-05,0.02808365009745819,0.18944267945913262,0.0,0.1636257201708528,0.019028401502227767
-0.1999999999999995,0.6500000000000002,0.5000000000000001,0,1,0,3.748712655490502e-05,1.47926570586486,0.19336911575933513,0.0,0.1666663615771363,0.04485820894067967
-0.24999999999999956,0.6500000000000002,0.5000000000000001,0,1,0,3.728640438292338e-05,2.5316541368473473,0.19702869763785236,0.0,0.16736857177845987,0.046162254212147334
-0.2999999999999996,0.6500000000000002,0.5000000000000001,0,1,0,3.869014363317434e-05,0.5592384906977959,0.2003097593298251,0.24358241196222075,0.1657389127135105,0.09527175034638086
-0.34999999999999964,0.6500000000000002,0.5000000000000001,0,1,0,4.206478251283657e-05,2.545521784125395,0.20304778414345837,0.0,0.16167902684982557,0.045571845676607686
-0.3999999999999997,0.6500000000000002,0.5000000000000001,1,1,1,4.838080448155863e-05,1.9923651397432537e-05,0.20502269642200455,0.20969925059088768,0.15497028159511167,0.1364263440896344
-0.44999999999999973,0.6500000000000002,0.5000000000000001,1,1,1,5.995165339700394e-05,5.6970126361042986e-05,0.09729825277502346,0.24100231447596654,0.1452198691683727,0.1400893852389868
-0.4999999999999998,0.6500000000000002,0.5000000000000001,0,0,1,0.036101025367474684,5.694745112575299e-05,0.0,0.28468436147659615,0.13093757407715942,0.14080258030108567
-0.5499999999999998,0.6500000000000002,0.5000000000000001,0,0,1,0.18804167659973456,6.088886546640283e-05,0.0,0.3410494538379072,0.11866879435734637,0.13984450526500414
-0.5999999999999999,0.6500000000000002,0.5000000000000001,0,0,1,0.32200947981171013,6.655053348990554e-05,0.0,0.4106716684588565,0.11136887794288462,0.13818136762736352
-0.6499999999999999,0.6500000000000002,0.5000000000000001,0,0,1,0.5873852627701898,7.228178094353359e-05,0.0,0.4939268820623339,0.1362466833417063,0.1362996028633129
-0.7,0.6500000000000002,0.5000000000000001,0,0,1,0.8134825818104796,7.76829629121646e-05,0.0,0.5559312274194501,0.16906360893342207,0.13409073409874067
-0.75,0.6500000000000002,0.5000000000000001,0,0,1,1.5467446673009444,8.499364644362074e-05,0.0,0.46337598140754777,0.1401229254006875,0.13089222054400412
-0.75,0.6000000000000002,0.5000000000000001,0,0,1,0.8716073038839605,0.0003424079937499534,0.0,0.48421914585680703,0.15553551589840767,0.1288161104629402
-0.7,0.6000000000000002,0.5000000000000001,0,0,1,0.6595431742210415,5.399566727268289e-05,0.0,0.4346359694187476,0.15088528359400016,0.1266282129546559
-0.6499999999999999,0.6000000000000002,0.5000000000000001,0,0,1,0.3663263161662189,6.247543599085223e-05,0.0,0.3299810018953071,0.12631293471259694,0.1256879153429811
-0.5999999999999999,0.6000000000000002,0.5000000000000001,0,0,1,0.23126564124725568,7.119929877320501e-05,0.0,0.24346529918744197,0.13331218881973275,0.12727412697549445
-0.5499999999999998,0.6000000000000002,0.5000000000000001,0,0,1,0.07875096466583102,7.428916897255523e-05,0.0,0.1746672688190647,0.14474285990054336,0.1313960267765382
-0.4999999999999998,0.6000000000000002,0.5000000000000001,1,1,1,0.00015757166494698293,7.174466455264845e-05,0.06678437735539022,0.12151999144648862,0.16065764848557818,0.13702133976893585
-0.44999999999999973,0.6000000000000002,0.5000000000000001,1,1,1,4.101233503649488e-05,6.698712753052528e-05,0.20071317927184618,0.08173621161809264,0.1717164000247463,0.14252646711221964
-0.3999999999999997,0.6000000000000002,0.5000000000000001,1,1,1,3.5341528646772394e-05,6.386610954715129e-05,0.2357749980030297,0.053631577216767035,0.1799214612733115,0.1460111082535963
-0.34999999999999964,0.6000000000000002,0.5000000000000001,1,1,1,3.230679294551273e-05,6.624043042223585e-05,0.23277513532343086,0.03631588413067588,0.1856303300078046,0.1455521200025627
-0.2999999999999996,0.6000000000000002,0.5000000000000001,1,1,1,3.085465920055596e-05,7.988350622625965e-05,0.22918839514796652,0.02979641049189219,0.18908503679332883,0.1394624332214629
-0.24999999999999956,0.6000000000000002,0.5000000000000001,1,1,1,3.060406977513885e-05,0.00012042764737456088,0.22518445183585367,0.035450328622336436,0.19043452782554054,0.1262457961844625
-0.1999999999999995,0.6000000000000002,0.5000000000000001,1,1,1,3.1440205730977444e-05,0.00025705581800480637,0.22091106661260307,0.057759905667956524,0.18975875942163298,0.10367447524433712
-0.14999999999999947,0.6000000000000002,0.5000000000000001,1,1,1,3.3363637053578535e-05,0.0011011983394575622,0.2164832469605633,0.1128043496160247,0.18707061310737363,0.06480775150997937
-0.09999999999999942,0.6000000000000002,0.5000000000000001,0,1,0,3.651966930800157e-05,0.02075409859368707,0.21197000306690672,0.0,0.18230377203899592,0.024650964730387893
-0.09999999999999942,0.5500000000000002,0.5000000000000001,1,1,1,3.170202414873571e-05,0.00044028734877168697,0.18582983043998702,0.012673127940505236,0.20116273783715405,0.06495479153411757
-0.14999999999999947,0.5500000000000002,0.5000000000000001,1,1,1,3.22296218366732e-05,0.0018782610597428944,0.20773446220773018,0.0,0.2054450883447556,0.10814100833026649
-0.1999999999999995,0.5500000000000002,0.5000000000000001,1,1,1,3.1200758214813864e-05,0.0014935213626259178,0.2344965897908169,0.0,0.20790962748262617,0.1343310505891386
-0.24999999999999956,0.5500000000000002,0.5000000000000001,1,1,1,3.0492414506438547e-05,0.0011175026307207855,0.24804211774362095,0.0,0.20858739852249494,0.15082003677574224
-0.2999999999999996,0.5500000000000002,0.5000000000000001,1,1,1,3.043562095113314e-05,5.040026579222624e-05,0.2518840043011137,0.006626425312175943,0.2074420939352648,0.15962105721340525
-0.34999999999999964,0.5500000000000002,0.5000000000000001,1,1,1,3.141983505608363e-05,4.0852126133549156e-05,0.2552291664352988,0.02266906721259243,0.20439039360415573,0.1617128209077562
-0.3999999999999997,0.5500000000000002,0.5000000000000001,1,1,1,3.3706828212221676e-05,3.862487790796974e-05,0.25785750192779533,0.046953429255394585,0.199313109153213,0.15842328108410492
-0.44999999999999973,0.5500000000000002,0.5000000000000001,1,1,1,3.751837793590039e-05,4.271702855036779e-05,0.2595799756269561,0.079348776597846,0.19204374014329853,0.1515343601934897
-0.4999999999999998,0.5500000000000002,0.5000000000000001,1,1,1,4.353411331322226e-05,5.25942898043802e-05,0.14789150727962186,0.11959732234340237,0.18232705532646815,0.14276312202859945
-0.5499999999999998,0.5500000000000002,0.5000000000000001,1,1,1,5.3803622816637246e-05,6.797966528098198e-05,0.0037020195818362467,0.16719682437110883,0.16974221975061993,0.1332889655823193
-0.5999999999999999,0.5500000000000002,0.5000000000000001,0,0,1,0.15451019291408577,8.914266801599718e-05,0.0,0.22183015048075516,0.15338488513484677,0.1238042446364584
-0.6499999999999999,0.5500000000000002,0.5000000000000001,0,0,1,0.30190762768415985,0.00011450387211045271,0.0,0.28477973743024876,0.14417210325283492,0.11514022880494088
-0.7,0.5500000000000002,0.5000000000000001,0,0,1,0.4344303131738897,0.00013703296126166343,0.0,0.36132348146808724,0.13808081615115342,0.10936632106939294
-0.75,0.5500000000000002,0.5000000000000001,0,0,1,0.7773968029518679,0.0001534089214168278,0.0,0.46083264284228065,0.16932857833077544,0.10976333683485234
-0.75,0.5000000000000001,0.5000000000000001,0,0,1,0.61527055051426,0.0015232798707987669,0.0,0.3243504338757659,0.16079666598705017,0.08539477804949379
-0.7,0.5000000000000001,0.5000000000000001,0,0,1,0.3918557101957203,0.00043980066444895816,0.0,0.27969559170053415,0.15344042741782507,0.1048864978381339
-0.6499999999999999,0.5000000000000001,0.5000000000000001,0,0,1,0.25203424937064134,0.00019636282497351558,0.0,0.24162063736076478,0.16078062074032953,0.12056579357638302
-0.5999999999999999,0.5000000000000001,0.5000000000000001,0,0,1,0.09647372318457645,0.00012184034207181438,0.0,0.19702100617143659,0.17282638726561164,0.13268188819060633
-0.5499999999999998,0.5000000000000001,0.5000000000000001,1,1,1,5.6614892813430856e-05,8.97462087413501e-05,0.06307799926476765,0.14830735817423513,0.18780799026769332,0.14276330553078675
-0.4999999999999998,0.5000000000000001,0.5000000000000001,1,1,1,3.5281105431790377e-05,7.112362230055992e-05,0.21065776438896044,0.09954824044421473,0.1990183110318592,0.15192005635195763
-0.44999999999999973,0.5000000000000001,0.5000000000000001,1,1,1,3.26364278323866e-05,5.8669668129702995e-05,0.29300700290608317,0.054441020099937454,0.20777434177491094,0.1605883052417351
-0.3999999999999997,0.5000000000000001,0.5000000000000001,1,1,1,3.106100886132724e-05,4.989244326690082e-05,0.29127625030944726,0.015609789391326512,0.21435330626298896,0.1682965167967024
-0.34999999999999964,0.5000000000000001,0.5000000000000001,1,1,1,2.9554913127662064e-05,0.001935517708266378,0.28856881008723745,0.0,0.21891577029471435,0.1752390943037271
-0.2999999999999996,0.5000000000000001,0.5000000000000001,1,1,1,2.8281587895585314e-05,0.0011227597581623427,0.28502225922480795,0.0,0.22158444779859654,0.17757979661447454
-0.24999999999999956,0.5000000000000001,0.5000000000000001,1,1,1,2.8076414570690392e-05,0.0011901809633601257,0.24801384001838622,0.0,0.2224921937941,0.17158550767476088
-0.1999999999999995,0.5000000000000001,0.5000000000000001,1,1,1,2.931034407710229e-05,0.0010989502723266049,0.2091103818079032,0.0,0.22176949646306374,0.1577187818932148
-0.14999999999999947,0.5000000000000001,0.5000000000000001,1,1,1,3.151615962793937e-05,0.0019595348725000433,0.1752784422180409,0.0,0.21949301989041842,0.13610922337873513
-0.09999999999999942,0.5000000000000001,0.5000000000000001,1,1,1,3.4099659983915026e-05,0.00029955764729595283,0.14777775009784877,0.00540048682295069,0.21564739691792484,0.10497242397849456
-0.09999999999999942,0.45000000000000007,0.5000000000000001,1,1,1,2.5328632980803184e-05,0.0014675217812066066,0.11171183248739269,0.0,0.22533114205116722,0.12859904857578155
-0.14999999999999947,0.45000000000000007,0.5000000000000001,1,1,1,4.076695691001985e-05,0.00013023061475134012,0.14539163103503205,0.01303888285081678,0.22812676029405143,0.15556573676447674
-0.1999999999999995,0.45000000000000007,0.5000000000000001,1,1,1,3.96499345469304e-05,7.147579179511132e-05,0.18711029501042464,0.03177740466452539,0.22964785906473054,0.17585792743853448
-0.24999999999999956,0.45000000000000007,0.5000000000000001,1,1,1,3.690722361517927e-05,5.052475043241595e-05,0.2354638907113169,0.05504003369150512,0.2301891280981773,0.19066553597637012
-0.2999999999999996,0.45000000000000007,0.5000000000000001,1,1,1,3.384488022700888e-05,4.173904358200873e-05,0.2880695238678641,0.08321444761712415,0.2297637509907997,0.19980511285334523
-0.34999999999999964,0.45000000000000007,0.5000000000000001,1,1,1,3.275718769577106e-05,3.85541639189645e-05,0.3139265113537473,0.11685897389175359,0.22799068220165952,0.2027550173415003
-0.3999999999999997,0.45000000000000007,0.5000000000000001,1,1,1,3.4403176103658805e-05,3.896741168881174e-05,0.31587167615893197,0.1564672475430462,0.22440357971459593,0.19999544665850782
-0.44999999999999973,0.45000000000000007,0.5000000000000001,1,1,1,3.7097834465156155e-05,4.233213790456922e-05,0.3164474266413362,0.20212679662182342,0.2187750086716286,0.19348081438039852
-0.4999999999999998,0.45000000000000007,0.5000000000000001,1,1,1,3.9700834727446184e-05,4.8274137437049547e-05,0.25993809607700413,0.25307708265561635,0.21103472388459293,0.18533116434213137
-0.5499999999999998,0.45000000000000007,0.5000000000000001,1,1,1,4.302317344523693e-05,5.7290095884930816e-05,0.10662928078540546,0.3072893076117955,0.20103614093309466,0.17675283302059286
-0.5999999999999999,0.45000000000000007,0.5000000000000001,0,0,1,0.05601615449523758,7.132279318890371e-05,0.0,0.3613028880489346,0.18830399600868247,0.1679184469683662
-0.6499999999999999,0.45000000000000007,0.5000000000000001,0,0,1,0.21817751640343544,9.272584087220713e-05,0.0,0.41049997838763685,0.17609533323391247,0.1581708740411434
-0.7,0.45000000000000007,0.5000000000000001,0,0,1,0.36285219583254474,0.00012687240530224976,0.0,0.4496832557463484,0.16728528713093202,0.14619720776304154
-0.75,0.45000000000000007,0.5000000000000001,0,0,1,0.4956969093343557,0.000197089606185368,0.0,0.4734206098563516,0.160163637825593,0.12998997924866043
-0.75,0.40000000000000013,0.5000000000000001,0,0,1,0.48339016522800815,0.00029120976881702774,0.0,0.5729577099021603,0.1703422904648363,0.15659632115369546
-0.7,0.40000000000000013,0.5000000000000001,0,0,1,0.3474288078423947,8.723124256330826e-05,0.0,0.5485537249556369,0.17850487676029045,0.1672590995136242
-0.6499999999999999,0.40000000000000013,0.5000000000000001,0,0,1,0.19929614551148517,7.935663672072759e-05,0.0,0.5052423034139588,0.1878104990536231,0.17536277054881583
-0.5999999999999999,0.40000000000000013,0.5000000000000001,0,0,1,0.03085552981699245,7.498265544791604e-05,0.0,0.44950320277965616,0.19856517320510036,0.18256589378593924
-0.5499999999999998,0.40000000000000013,0.5000000000000001,1,1,1,4.643660088478026e-05,6.955870723965887e-05,0.13488266258982806,0.38803513593157213,0.20928484630065833,0.1901382226961271
-0.4999999999999998,0.40000000000000013,0.5000000000000001,1,1,1,3.3723593208650227e-05,6.317694915152096e-05,0.2953039689229846,0.3269404035142749,0.21735294092222796,0.19870485711230063
-0.44999999999999973,0.40000000000000013,0.5000000000000001,1,1,1,3.759160474333069e-05,5.689530724190192e-05,0.3537304923562643,0.2706064223129827,0.22272161438339802,0.20788820286361287
-0.3999999999999997,0.40000000000000013,0.5000000000000001,1,1,1,4.1192276634377516e-05,5.085369668178404e-05,0.3545893469538002,0.22119930930420484,0.22502543643313003,0.21580914589267317
-0.34999999999999964,0.40000000000000013,0.5000000000000001,1,1,1,4.102203254292671e-05,4.601024901177962e-05,0.34720084542985696,0.17898046654352795,0.22436273729127573,0.2189120275738318
-0.2999999999999996,0.40000000000000013,0.5000000000000001,1,1,1,3.623985076398829e-05,4.4126062341527323e-05,0.27870765483049365,0.14303948648418086,0.22240377964033362,0.21454418935928554
-0.24999999999999956,0.40000000000000013,0.5000000000000001,1,1,1,3.3651180049724106e-05,4.658721393335736e-05,0.21144910750195356,0.11197855688783909,0.22119020913412307,0.20363481082613283
-0.1999999999999995,0.40000000000000013,0.5000000000000001,1,1,1,3.885821753578938e-05,5.54376421025927e-05,0.15016183163791097,0.08435394699082455,0.22166638128645264,0.18787291140307025
-0.14999999999999947,0.40000000000000013,0.5000000000000001,1,1,1,4.5345806009575604e-05,7.632910484315948e-05,0.09838342742775441,0.058882847994014664,0.22346535895911862,0.16779577330334586
-0.09999999999999942,0.40000000000000013,0.5000000000000001,1,1,1,4.896717068807916e-05,0.00012686902303004992,0.05784670683536741,0.03445902992340333,0.22508666257903465,0.14283784655609089
-0.09999999999999942,0.3500000000000001,0.5000000000000001,1,1,1,5.752597726296251e-05,0.0014322648283813994,0.003171011334266005,0.0,0.20819048525956393,0.1520640828815457
-0.14999999999999947,0.3500000000000001,0.5000000000000001,1,1,1,8.048038194836863e-05,9.318349434338129e-05,0.049918200834401016,0.027055173801179055,0.20129465478418232,0.1754782114303768
-0.1999999999999995,0.3500000000000001,0.5000000000000001,1,1,1,8.50079572456753e-05,6.281457851569626e-05,0.11189184812340613,0.054711386151353736,0.1970195542237524,0.19471573613702492
-0.24999999999999956,0.3500000000000001,0.5000000000000001,1,1,1,7.831096405790455e-05,5.0717230049826074e-05,0.18747439155571244,0.08350512012878664,0.19625256244257483,0.21028639570328544
-0.2999999999999996,0.3500000000000001,0.5000000000000001,1,1,1,6.03039533612713e-05,4.703521170659578e-05,0.27171051973778027,0.11481854112840484,0.1989753928419827,0.22168391711047572
-0.34999999999999964,0.3500000000000001,0.5000000000000001,1,1,1,4.7608247120323054e-05,4.814123890781014e-05,0.34010072818414994,0.1503749433329613,0.20423557160000724,0.22535909354085756
-0.3999999999999997,0.3500000000000001,0.5000000000000001,1,1,1,5.122207761292314e-05,5.301132191945907e-05,0.3861897012415718,0.1922095191726907,0.21006294848171322,0.21705273454075835
-0.44999999999999973,0.3500000000000001,0.5000000000000001,1,1,1,5.339738704517276e-05,6.172823090806092e-05,0.3840408793924315,0.24234627896370098,0.2139488589679103,0.2047239344321685
-0.4999999999999998,0.3500000000000001,0.5000000000000001,1,1,1,4.961869815385366e-05,7.335145369792532e-05,0.31765034874280396,0.30199446826829623,0.2142675395103828,0.19356361601594296
-0.5499999999999998,0.3500000000000001,0.5000000000000001,1,1,1,4.510947734782556e-05,8.606384667948963e-05,0.14885142773422277,0.37016214569444905,0.2106805599023953,0.18533735191682166
-0.5999999999999999,0.3500000000000001,0.5000000000000001,0,0,1,0.020861712780819688,9.883633731889687e-05,0.0,0.3983321651419769,0.20281371424003886,0.18034656011125896
-0.6499999999999999,0.3500000000000001,0.5000000000000001,0,0,1,0.19374182104496115,0.00010442734264382418,0.0,0.39904921079532274,0.19334666169483128,0.1777132791246348
-0.7,0.3500000000000001,0.5000000000000001,0,0,1,0.34510880664053106,9.73404461028855e-05,0.0,0.4260940093156127,0.18518505242349856,0.17582895552900873
-0.75,0.3500000000000001,0.5000000000000001,0,0,1,0.48353555430695166,8.499048368834851e-05,0.0,0.4779733663109682,0.1775280627626889,0.1729474270961181
-0.75,0.30000000000000004,0.5000000000000001,0,0,1,0.4959256014686817,0.00014887673143097396,0.0,0.3507687113748914,0.18068700531330875,0.1788115564998378
-0.7,0.30000000000000004,0.5000000000000001,0,0,1,0.3555256544749837,6.430604293940021e-05,0.0,0.29313851774019284,0.1860023834976423,0.1759305814734143
-0.6499999999999999,0.30000000000000004,0.5000000000000001,0,0,1,0.20086158046058222,7.781565808595913e-05,0.0,0.26267427446192926,0.19052411094283533,0.17282425828929865
-0.5999999999999999,0.30000000000000004,0.5000000000000001,0,0,1,0.024823677387635433,0.00011404084591851046,0.0,0.26229573467412326,0.1984343975297053,0.17193605249984786
-0.5499999999999998,0.30000000000000004,0.5000000000000001,1,1,1,5.390017824448269e-05,0.00013969529597473117,0.14820608280455172,0.29185191377230923,0.2026184354232911,0.17526111924998272
-0.4999999999999998,0.30000000000000004,0.5000000000000001,1,1,1,4.179603652019736e-05,0.00012728177669301584,0.3260908490724037,0.3477159337914584,0.20005057770097778,0.1834337065831435
-0.44999999999999973,0.30000000000000004,0.5000000000000001,1,1,1,6.023705263676276e-05,0.0001004781103608483,0.37828731022129336,0.32759663275312256,0.19501758491095172,0.19542628255069655
-0.3999999999999997,0.30000000000000004,0.5000000000000001,1,1,1,8.613386726930322e-05,7.765370344604578e-05,0.28459592050625027,0.28117437005153834,0.1878949063164182,0.20893701956255384
-0.34999999999999964,0.30000000000000004,0.5000000000000001,1,1,1,0.00010691672842047714,6.222491113868228e-05,0.2106288678434347,0.24653025938703976,0.17935590758250736,0.22128336569048823
-0.2999999999999996,0.30000000000000004,0.5000000000000001,1,1,1,9.39610137841482e-05,5.432160647018464e-05,0.1604130367109753,0.21925428058800733,0.17171128833551874,0.22620026010035002
-0.24999999999999956,0.30000000000000004,0.5000000000000001,1,1,1,5.6964393082604815e-05,5.259101497688171e-05,0.13780952836974736,0.1953073416073865,0.1673429446374423,0.21376138290860378
-0.1999999999999995,0.30000000000000004,0.5000000000000001,1,1,1,9.20600255645698e-05,5.811746948294242e-05,0.05123672417636116,0.17128365148311042,0.16751646112951624,0.19734833051478656
-0.14999999999999947,0.30000000000000004,0.5000000000000001,1,1,1,0.001954683034973982,7.593301697225133e-05,0.0,0.1443962161804122,0.17338077859499018,0.17746931426559373
-0.09999999999999942,0.30000000000000004,0.5000000000000001,1,1,1,0.001666694308352436,0.00012049723129935266,0.0,0.1123605796352618,0.18530916168546285,0.153610920942887
-0.09999999999999942,0.25,0.5000000000000001,1,1,1,0.0019419350476614714,2.8531374172801967e-05,0.0,0.06664640900940855,0.16090157654457038,0.15689427008888968
-0.14999999999999947,0.25,0.5000000000000001,1,1,1,0.00013390726617049814,9.483280920859216e-05,0.030258116579003458,0.10132278389332416,0.14638658199870988,0.17936831435192402
-0.1999999999999995,0.25,0.5000000000000001,1,1,1,0.00024834895136635165,6.468269783293875e-05,0.023612166486545405,0.12964292586089554,0.13765884177487975,0.19701223421185488
-0.24999999999999956,0.25,0.5000000000000001,1,1,1,0.0003870277210184812,5.5939985546173054e-05,0.016761696927301895,0.15270400275925544,0.135140919666629,0.2077407159917097
-0.2999999999999996,0.25,0.5000000000000001,1,1,1,0.0003399283803059462,5.791711531378437e-05,0.045355964003552796,0.17256579057564636,0.1378728979451227,0.2070516499708284
-0.34999999999999964,0.25,0.5000000000000001,1,1,1,0.0001382486703252557,6.724198251275605e-05,0.10511288635890681,0.19229656213448365,0.1442017322498542,0.19840255414460994
-0.3999999999999997,0.25,0.5000000000000001,1,1,1,0.00012281461065746392,8.217965466301408e-05,0.15637549173684695,0.21609613178546905,0.15329296561423003,0.18495658299233325
-0.44999999999999973,0.25,0.5000000000000001,1,1,1,0.00012331261752840812,0.00010322176029148693,0.1431388486075864,0.249744669434961,0.16479582230067533,0.16897696857103356
-0.4999999999999998,0.25,0.5000000000000001,1,1,1,9.287794794383253e-05,0.00013831699124519637,0.1361187995122184,0.23670699905663906,0.1779487214147691,0.15392019154175207
-0.5499999999999998,0.25,0.5000000000000001,1,1,1,6.305426158227863e-05,0.0001881668103146167,0.08628476148845587,0.1657841909261779,0.19157815220902924,0.14406135045983198
-0.5999999999999999,0.25,0.5000000000000001,0,0,1,0.04192054560473448,0.0002803847278328065,0.0,0.12372988360483328,0.1847721933048768,0.14229751649942485
-0.6499999999999999,0.25,0.5000000000000001,0,0,1,0.2196228577844062,0.000320071555034371,0.0,0.11901902537539932,0.1770565612496679,0.1484994725309414
-0.7,0.25,0.5000000000000001,0,0,1,0.3779099534055766,0.00019154725873488855,0.0,0.15201605114917172,0.17918403402076485,0.1607145081206737
-0.75,0.25,0.5000000000000001,0,0,1,0.5200944853571742,8.350108492485525e-05,0.0,0.21652275141918853,0.17834941256781675,0.1757893614887907
-0.75,0.2,0.5000000000000001,0,0,1,0.6538699545867765,0.0003018018528953903,0.0,0.11846153755545474,0.16396395382509768,0.15991561941243995
-0.7,0.2,0.5000000000000001,0,0,1,0.4108712542865535,0.00020645069856208592,0.0,0.04193092997009629,0.16320034621169438,0.13951201425849555
-0.6499999999999999,0.2,0.5000000000000001,0,0,1,0.2474801772732896,0.0015384689415323134,0.0,0.0,0.15140204964087425,0.12532912997630874
-0.5999999999999999,0.2,0.5000000000000001,0,0,1,0.04710746515207665,0.0005535586550132984,0.0,0.00013988099867923154,0.1474341188895696,0.11941721166094602
-0.5499999999999998,0.2,0.5000000000000001,1,1,1,5.646072580157677e-05,0.0006958027814810065,0.02939152228769215,0.049029908430237246,0.17610941166469665,0.12375214309115828
-0.4999999999999998,0.2,0.5000000000000001,1,1,1,9.930036960842892e-05,0.0004044702488863507,0.1718816205445055,0.13108299701160453,0.16029918414252844,0.13662298787306545
-0.44999999999999973,0.2,0.5000000000000001,1,1,1,0.00017546764756409396,0.00018699306045237682,0.17523834959140272,0.23220618564921036,0.14464179853988768,0.15394785242866837
-0.3999999999999997,0.2,0.5000000000000001,1,1,1,0.0003101760930477588,0.0001196938993749629,0.10302494859605638,0.3454146013418766,0.1296942995927848,0.17035823302219652
-0.34999999999999964,0.2,0.5000000000000001,1,1,1,0.0005163429290432275,9.094805929018182e-05,0.009515670845376967,0.360590425485674,0.11659553294159597,0.18244017834298687
-0.2999999999999996,0.2,0.5000000000000001,0,0,1,0.028335267311153583,6.861490031777025e-05,0.0,0.37193073096525975,0.09592263878931669,0.1887074464528306
-0.24999999999999956,0.2,0.5000000000000001,0,0,1,0.05881291700458058,5.4958221787477684e-05,0.0,0.382434978073114,0.10562748587338275,0.1888008162286403
-0.1999999999999995,0.2,0.5000000000000001,0,0,1,0.0465009739004821,5.5641994158883e-05,0.0,0.38522188300871507,0.11801939174154165,0.18348421045131844
-0.14999999999999947,0.2,0.5000000000000001,0,0,1,0.01402550729647485,7.346538860913366e-05,0.0,0.3573540814327041,0.12548386228367403,0.1749819802903325
-0.09999999999999942,0.2,0.5000000000000001,1,1,1,4.675709120882767e-06,0.0001209022287618788,0.05993424849326523,0.3356188183192592,0.14249358177277258,0.15643364537551374
-0.09999999999999942,0.15,0.5000000000000001,0,0,1,0.003427823260394664,5.089979974064678e-05,0.0,0.1892848194703287,0.12673121041035773,0.15240173148781025
-0.14999999999999947,0.15,0.5000000000000001,0,0,1,0.06184137630150362,6.576365971823325e-05,0.0,0.21634544590025717,0.1286982230615025,0.15849346756320787
-0.1999999999999995,0.15,0.5000000000000001,0,0,1,0.11005216578903933,4.526347570769709e-05,0.0,0.2585967778870004,0.1274502542234204,0.16660128843908803
-0.24999999999999956,0.15,0.5000000000000001,0,0,1,0.1278937007854111,4.364436077541263e-05,0.0,0.31233210666459366,0.11268979091940583,0.1729197866763086
-0.2999999999999996,0.15,0.5000000000000001,0,0,1,0.10866086840526745,5.899246706006477e-05,0.0,0.3326484440366029,0.06965083197072096,0.17358803408228157
-0.34999999999999964,0.15,0.5000000000000001,0,0,1,0.02334580215171107,9.787541364569922e-05,0.0,0.3010236388628922,0.12711716313191682,0.1670059315678573
-0.3999999999999997,0.15,0.5000000000000001,1,1,1,0.0018511729421320882,0.00016790002332098844,0.0,0.2658639432031462,0.1460849058957264,0.1530057633470942
-0.44999999999999973,0.15,0.5000000000000001,1,1,1,0.0018986650176207743,0.00029009259721819524,0.0,0.17447474342652214,0.1734955587257435,0.13194018243875985
-0.4999999999999998,0.15,0.5000000000000001,1,1,1,0.0017345503491726696,0.0004685709008800449,0.0,0.057963602798829506,0.19995053944959262,0.1056064503285657
-0.5499999999999998,0.15,0.5000000000000001,0,1,0,5.7955007902220914e-05,0.06861485370804536,0.0005623152997920045,0.0,0.21982154124844963,0.0984338739283075
-0.5999999999999999,0.15,0.5000000000000001,0,1,0,4.0509396367723705e-05,0.13835993104213082,0.007454600874375217,0.0,0.22726839110445643,0.12621197377732407
-0.6499999999999999,0.15,0.5000000000000001,0,1,0,3.4571098462496625e-05,0.10220190726586004,0.019228997718855112,0.0,0.2220743136288756,0.13219706272332143
-0.7,0.15,0.5000000000000001,0,1,0,3.5911194830078695e-05,0.04067330932841732,0.028260575918656272,0.0,0.20925746291188746,0.13162059241345336
-0.75,0.15,0.5000000000000001,1,1,1,4.568484328722876e-05,0.0017176057231313025,0.006934741124226207,0.0,0.19135708425076875,0.12884731293865523
-0.75,0.15,0.5500000000000002,1,1,1,3.021978188234047e-05,0.00016640744101509953,0.10058426612171667,0.025980791482354437,0.18557994019105162,0.15030546107177414
-0.7,0.15,0.5500000000000002,1,1,1,4.5405328722247823e-05,0.0002827985707549403,0.09466079755490986,0.022894548857714137,0.20398344577006342,0.13071757414474416
-0.6499999999999999,0.15,0.5500000000000002,1,1,1,3.5936906629902144e-05,0.0019796818382782086,0.06941850925836812,0.0,0.21742661602356578,0.11935782596163935
-0.5999999999999999,0.15,0.5500000000000002,1,1,1,3.465392033544671e-05,0.0006181034276866819,0.0503706738502423,0.002598024463641213,0.22464083560341286,0.113268743283465
-0.5499999999999998,0.15,0.5500000000000002,1,1,1,3.995173469564925e-05,0.000966320955662837,0.03698692242590296,0.05764144876060007,0.22288845678935806,0.11485845019213396
-0.4999999999999998,0.15,0.5500000000000002,1,1,1,5.413701198595404e-05,0.000505833157893401,0.028890864639842917,0.14826846607599364,0.2114259421377898,0.12479765838072829
-0.44999999999999973,0.15,0.5500000000000002,1,1,1,8.251923949364176e-05,0.00017221179709263278,0.02544810909119688,0.25599949847474335,0.19238148350153242,0.14119156447926454
-0.3999999999999997,0.15,0.5500000000000002,1,1,1,0.00013164619544909053,0.00013412604680722306,0.025018134565022443,0.32643438881651043,0.17010367298030765,0.1569058459790972
-0.34999999999999964,0.15,0.5500000000000002,1,1,1,0.0002056858112891414,0.00011216839037626602,0.023545745130094886,0.3676571597160301,0.14990317788399563,0.1672410527097497
-0.2999999999999996,0.15,0.5500000000000002,1,1,1,0.0002942748873468393,7.864514213375482e-05,0.013104794296310285,0.4148049206532294,0.13594396799101569,0.17024462722037648
-0.24999999999999956,0.15,0.5500000000000002,0,0,1,0.005902737535860324,5.983367918753648e-05,0.0,0.4322581036024822,0.12833657092197526,0.1645073054670526
-0.1999999999999995,0.15,0.5500000000000002,0,0,1,0.02560992801593859,8.475863709186065e-05,0.0,0.3773170490032989,0.13872542635439591,0.14931350182433886
-0.14999999999999947,0.15,0.5500000000000002,1,1,1,0.001981322214149904,0.0001335183708678268,0.0,0.3288024677432517,0.1468234848275899,0.1280003376955906
-0.09999999999999942,0.15,0.5500000000000002,1,1,1,0.0018851848502240533,0.0001740666458283972,0.0,0.279552748657542,0.1641582011521762,0.1122374314754637
-0.09999999999999942,0.2,0.5500000000000002,1,1,1,0.0019154427359105862,5.442951873060477e-05,0.0,0.46385112131155504,0.1731843011581953,0.12983088728905945
-0.14999999999999947,0.2,0.5500000000000002,1,1,1,0.0019013652426020423,0.00023254034466053687,0.0,0.46914631633511794,0.15343971107777477,0.1328351317654194
-0.1999999999999995,0.2,0.5500000000000002,1,1,1,0.0019338326519980475,6.407102368568616e-05,0.0,0.4928543679281452,0.13543140165076695,0.14907278513059105
-0.24999999999999956,0.2,0.5500000000000002,1,1,1,0.0019762202009985814,9.497820431960869e-05,0.0,0.529591636639819,0.11687882626275319,0.16922363941031507
-0.2999999999999996,0.2,0.5500000000000002,1,1,1,0.0016114080448903791,4.6690851657467126e-05,0.0,0.5836964539309868,0.10061201721237499,0.18272755020836118
-0.34999999999999964,0.2,0.5500000000000002,1,1,1,0.0011305562772588006,3.5208784292010086e-05,0.0,0.5232215418380699,0.09983231426268854,0.18680513591035972
-0.3999999999999997,0.2,0.5500000000000002,1,1,1,0.00154820198490734,6.351987358091027e-05,0.0,0.40458068322841134,0.11296794050137653,0.18292939218406773
-0.44999999999999973,0.2,0.5500000000000002,1,1,1,0.0014847779182142918,9.631561822111295e-05,0.0,0.3008837840458396,0.13018852463255876,0.1737945187440386
-0.4999999999999998,0.2,0.5500000000000002,1,1,1,0.0002127203268808262,0.00013600118342322422,0.007668297393245815,0.21443359489660407,0.14775060728752382,0.16260490601319535
-0.5499999999999998,0.2,0.5500000000000002,1,1,1,0.00012058409047133299,0.00018707044781068023,0.018320008393354126,0.15015761703936015,0.16426733078719094,0.15328324452794126
-0.5999999999999999,0.2,0.5500000000000002,0,0,1,0.0028840732116071515,0.00024221366026920522,0.0,0.11528092318544925,0.1616444912306236,0.1495629205739663
-0.6499999999999999,0.2,0.5500000000000002,0,0,1,0.17048446032915293,0.00021243755677714845,0.0,0.11574233936309675,0.1278637264112217,0.15344802662326745
-0.7,0.2,0.5500000000000002,0,0,1,0.35938109257891604,0.00010876714418936299,0.0,0.15164093009475943,0.1398547118692434,0.16464792550686075
-0.75,0.2,0.5500000000000002,1,1,1,0.0005983874025179848,0.00010806936801799603,0.8414098521171733,0.21765291987479962,0.12204262617851275,0.18055436676003445
-0.75,0.25,0.5500000000000002,1,1,1,0.0006702016420582769,0.00013011723815797952,0.9081937530373478,0.3097865457464768,0.09437003925747381,0.19148152008398397
-0.7,0.25,0.5500000000000002,1,1,1,0.0002122585130566082,8.281341304734368e-05,0.8041046487823995,0.25107541666608757,0.10886389254041663,0.1813396025207645
-0.6499999999999999,0.25,0.5500000000000002,1,1,1,0.00015807932337437764,7.71181615264771e-05,0.6953026874513797,0.2203682018793387,0.1208596610195824,0.17230438835202955
-0.5999999999999999,0.25,0.5500000000000002,1,1,1,0.00014488309085977047,0.00012962081162565313,0.5655528076804117,0.22157059140360724,0.13326004647699077,0.16724730012420888
-0.5499999999999998,0.25,0.5500000000000002,1,1,1,4.4007605127955225e-05,0.0001850444722532296,0.41365028980069685,0.2549543684472293,0.14104466005540123,0.1675827802047136
-0.4999999999999998,0.25,0.5500000000000002,1,1,1,5.325153643860321e-05,0.00016624599809296259,0.25890854193576995,0.31632438626844284,0.15264100502372518,0.17323623558163576
-0.44999999999999973,0.25,0.5500000000000002,1,1,1,7.432019095397176e-05,0.00011778485939886405,0.11868794721808129,0.36252817055925135,0.16812122454264833,0.18252887027572193
-0.3999999999999997,0.25,0.5500000000000002,1,1,1,0.0018699725268576063,8.274057420131285e-05,0.0,0.3335438286600616,0.18373167689082415,0.19245952596320823
-0.34999999999999964,0.25,0.5500000000000002,1,1,1,0.00191102338560246,6.307271778760248e-05,0.0,0.31801582922261673,0.20227363787238253,0.2000416778540907
-0.2999999999999996,0.25,0.5500000000000002,1,1,1,0.0019047152795902047,5.509109356617879e-05,0.0,0.3094076430443038,0.2029442058870158,0.20310750681357886
-0.24999999999999956,0.25,0.5500000000000002,1,1,1,0.0019820004776757677,5.5641943897897754e-05,0.0,0.3017775683609738,0.20262417583267306,0.19882990904210057
-0.1999999999999995,0.25,0.5500000000000002,1,1,1,0.0019469045332257883,6.696129861211382e-05,0.0,0.28954913948252825,0.17859234226379014,0.18443660676186538
-0.14999999999999947,0.25,0.5500000000000002,1,1,1,0.001983272956775258,9.693300481318336e-05,0.0,0.26731990090487656,0.1596465549587669,0.1634233679268208
-0.09999999999999942,0.25,0.5500000000000002,1,1,1,0.0018318547960529754,0.00017005205391976955,0.0,0.23038558570763845,0.15564296024306112,0.1373832339265646
-0.09999999999999942,0.30000000000000004,0.5500000000000002,1,1,1,0.0017139629640821892,4.2265805441938144e-05,0.0,0.2738889021978421,0.13410194668595968,0.1349554315450091
-0.14999999999999947,0.30000000000000004,0.5500000000000002,1,1,1,8.536072246167077e-05,0.00013477809507657945,0.09523515214695433,0.33225271714902016,0.13691439099800345,0.16138617744281575
-0.1999999999999995,0.30000000000000004,0.5500000000000002,1,1,1,0.00010433396965776461,7.569123344992813e-05,0.18587331407267715,0.3768704173076096,0.13733748467225768,0.18425496765365978
-0.24999999999999956,0.30000000000000004,0.5500000000000002,1,1,1,0.00012596030074607504,5.223561882229824e-05,0.26498571967446694,0.41061356466809595,0.1350005020079247,0.20394844205313103
-0.2999999999999996,0.30000000000000004,0.5500000000000002,1,1,1,0.0001539793708247591,4.3948777001219204e-05,0.32582795058569314,0.4373371342976524,0.1300070553538252,0.22009149557405577
-0.34999999999999964,0.30000000000000004,0.5500000000000002,1,1,1,0.00019546599222958978,4.5470158903116715e-05,0.3607690420771368,0.4616977573343002,0.12186571303459781,0.223776456967244
-0.3999999999999997,0.30000000000000004,0.5500000000000002,1,1,1,0.000276568895401766,5.4179020889026556e-05,0.3629355831383627,0.48844052294442974,0.1083264314212406,0.2190258777519414
-0.44999999999999973,0.30000000000000004,0.5500000000000002,1,1,1,0.0004163103909779803,6.739810341714514e-05,0.32712123828246575,0.49216253160536727,0.09056563267148414,0.21174276830803818
-0.4999999999999998,0.30000000000000004,0.5500000000000002,1,1,1,0.00034441429615722626,8.22622975913166e-05,0.25782914936711077,0.42114179937211116,0.08502806480294864,0.20376787712747757
-0.5499999999999998,0.30000000000000004,0.5500000000000002,1,1,1,0.00024354864318440152,9.567220008108815e-05,0.21356279600788408,0.3718819764826691,0.10424080796899268,0.197080517518137
-0.5999999999999999,0.30000000000000004,0.5500000000000002,1,1,1,0.0002184594149186436,0.00010242070096355731,0.22430420022363773,0.3476097832754008,0.11867134182436521,0.19300246797972823
-0.6499999999999999,0.30000000000000004,0.5500000000000002,1,1,1,0.00017664841886785368,9.516525807303924e-05,0.26707755478451656,0.3504451205531165,0.11826052660754748,0.19151533035616197
-0.7,0.30000000000000004,0.5500000000000002,1,1,1,0.00023904643458145947,7.784923059293442e-05,0.33381924090355497,0.38038029394591133,0.10490997480692955,0.19137032491819542
-0.75,0.30000000000000004,0.5500000000000002,1,1,1,0.0006260271089158052,6.42520991353185e-05,0.4279838805685072,0.43540886367764164,0.07725299494910316,0.19074129678876736
-0.75,0.3500000000000001,0.5500000000000002,1,1,1,0.0004793612819654873,0.0001126103091341757,0.44871137261292837,0.5565464321485933,0.03438747862371741,0.1837408070086932
-0.7,0.3500000000000001,0.5500000000000002,1,1,1,0.0001383371660277825,5.185953744009603e-05,0.31059369744036847,0.5056496560035417,0.08415391533080603,0.18962452290613444
-0.6499999999999999,0.3500000000000001,0.5500000000000002,1,1,1,0.00032751258528266946,5.679131296419031e-05,0.21955762015425684,0.47809027911695257,0.10768766408500843,0.19424048543377864
-0.5999999999999999,0.3500000000000001,0.5500000000000002,1,1,1,0.00012989481894293937,6.265462095025499e-05,0.14881926149629976,0.4750855949293489,0.11909439201499876,0.1990169834580735
-0.5499999999999998,0.3500000000000001,0.5500000000000002,1,1,1,8.977938670621315e-05,6.737794632445761e-05,0.09388036653240928,0.49654185371016135,0.12013822337189511,0.20506611724136334
-0.4999999999999998,0.3500000000000001,0.5500000000000002,1,1,1,8.948392861799349e-05,6.731996423957084e-05,0.05480627706544805,0.454098656463644,0.10993046645074867,0.2128193348356689
-0.44999999999999973,0.3500000000000001,0.5500000000000002,1,1,1,0.00013687047929759297,6.261845396796052e-05,0.03560678248343585,0.4030148815860204,0.08855962510335595,0.22162860233653964
-0.3999999999999997,0.3500000000000001,0.5500000000000002,1,1,1,0.0003454932835752183,5.5593181989464264e-05,0.049979993007560175,0.35996708844897585,0.05960391213581459,0.22891298498126425
-0.34999999999999964,0.3500000000000001,0.5500000000000002,1,1,1,0.0011752611409930676,4.889633609994507e-05,0.12338337064590377,0.3242110128122122,0.052720229713188495,0.2280489574608447
-0.2999999999999996,0.3500000000000001,0.5500000000000002,1,1,1,0.00025697408499047536,4.568442382249733e-05,0.14713133730129258,0.2935752880215077,0.07406516956441281,0.21756414177826425
-0.24999999999999956,0.3500000000000001,0.5500000000000002,1,1,1,0.00021575550800514618,4.8837774281970286e-05,0.10912657506343937,0.26528251998340435,0.084820854892069,0.20229333154074972
-0.1999999999999995,0.3500000000000001,0.5500000000000002,1,1,1,0.00017457795709672333,6.159199315144859e-05,0.044773893846157264,0.23643005332593647,0.08878695640715842,0.18369124821000968
-0.14999999999999947,0.3500000000000001,0.5500000000000002,1,1,1,0.001576824812529086,9.101841507412308e-05,0.0,0.20416319791655013,0.09632405000901009,0.16179463499590635
-0.09999999999999942,0.3500000000000001,0.5500000000000002,1,1,1,0.0016350666351994418,0.00015758605064142744,0.0,0.16544185789013177,0.11930993182559463,0.13618457025927802
-0.09999999999999942,0.40000000000000013,0.5500000000000002,1,1,1,0.0019702059043877397,7.390417752396973e-05,0.0,0.2060859935305337,0.12030750140939107,0.1275065390709529
-0.14999999999999947,0.40000000000000013,0.5500000000000002,1,1,1,6.88262235657226e-05,0.00015785662138843507,0.08699150316244708,0.25885437779926024,0.11711038261134746,0.15398137489768357
-0.1999999999999995,0.40000000000000013,0.5500000000000002,1,1,1,8.259175163200271e-05,8.512609799277848e-05,0.17712810774982124,0.30384688203680943,0.11470458169000934,0.1764480627530269
-0.24999999999999956,0.40000000000000013,0.5500000000000002,1,1,1,9.641854446946585e-05,5.645091391014219e-05,0.2678473938934216,0.34439943593349565,0.11325129873980833,0.19544943190953287
-0.2999999999999996,0.40000000000000013,0.5500000000000002,1,1,1,0.00010691040920765338,4.435970985562824e-05,0.35860931918885,0.38291478099031817,0.11259685966331856,0.21089685237379224
-0.34999999999999964,0.40000000000000013,0.5500000000000002,1,1,1,0.00010876275652414057,4.0735476332818894e-05,0.4496542744952787,0.42153034457743654,0.1120377788394979,0.2219377052508462
-0.3999999999999997,0.40000000000000013,0.5500000000000002,1,1,1,0.00010065366756954694,4.1926061016832115e-05,0.45142017293480885,0.4621477082732728,0.1092729205696482,0.22710092543322208
-0.44999999999999973,0.40000000000000013,0.5500000000000002,1,1,1,0.0001001093342023769,4.5417991825406787e-05,0.27920770674865647,0.5061363074024259,0.10158350675826704,0.2259972825927313
-0.4999999999999998,0.40000000000000013,0.5500000000000002,1,1,1,0.0001391582454567197,4.9381572787698254e-05,0.10178449850518545,0.5538832847265613,0.08950327198284809,0.22059799618001974
-0.5499999999999998,0.40000000000000013,0.5500000000000002,0,0,1,0.039841274436049054,5.310842826119534e-05,0.0,0.6043551387744968,0.08797612411439022,0.21334465981239098
-0.5999999999999999,0.40000000000000013,0.5500000000000002,0,0,1,0.20917341501757988,5.736052191294618e-05,0.0,0.6146988274090002,0.08738454767288616,0.20555758049664324
-0.6499999999999999,0.40000000000000013,0.5500000000000002,0,0,1,0.3515470745648906,6.376480165084211e-05,0.0,0.6204941747495858,0.07746789090773055,0.197368128638377
-0.7,0.40000000000000013,0.5500000000000002,0,0,1,0.6176285230037537,7.389100318002893e-05,0.0,0.6488657457240423,0.04560173839355866,0.1880408809496331
-0.75,0.40000000000000013,0.5500000000000002,0,0,1,0.5048437052045766,9.115228755483359e-05,0.0,0.6993322811450922,0.07066745298902376,0.1762571167476896
-0.75,0.45000000000000007,0.5500000000000002,0,0,1,0.505209320845591,0.00018086710014594335,0.0,0.691440559353615,0.15103903952891806,0.15900852681230893
-0.7,0.45000000000000007,0.5500000000000002,0,0,1,0.3730920472706197,9.011760743106375e-05,0.0,0.6611725873174983,0.15855030553711616,0.17364786179826952
-0.6499999999999999,0.45000000000000007,0.5500000000000002,0,0,1,0.7593909842970857,6.606189603578193e-05,0.001744001973390752,0.6231141030760674,0.07466324725749066,0.18538115875571776
-0.5999999999999999,0.45000000000000007,0.5500000000000002,0,0,1,0.312324303285011,5.473530304564584e-05,0.0,0.57883299651487,0.0909225214782287,0.1951782391638386
-0.5499999999999998,0.45000000000000007,0.5500000000000002,0,0,1,0.17147927267682425,4.8009967338696464e-05,0.0,0.5311221013337946,0.09638399776158578,0.20358838539427593
-0.4999999999999998,0.45000000000000007,0.5500000000000002,0,0,1,0.015391680109937939,4.39967239320757e-05,0.0,0.48290268210823584,0.09407548414845439,0.21051302596826346
-0.44999999999999973,0.45000000000000007,0.5500000000000002,1,1,1,0.0008507864079346333,4.174290074463591e-05,0.08497570911748786,0.4365138507984332,0.09557220410287438,0.21503046908429935
-0.3999999999999997,0.45000000000000007,0.5500000000000002,1,1,1,7.925032179610237e-05,4.045194089384432e-05,0.23439879237745354,0.393323455614043,0.10374029242086767,0.2155855535047305
-0.34999999999999964,0.45000000000000007,0.5500000000000002,1,1,1,6.533642231651199e-05,4.031253208921253e-05,0.37074191263078493,0.353672823582341,0.10913093306116038,0.2109207211488792
-0.2999999999999996,0.45000000000000007,0.5500000000000002,1,1,1,6.435882568077115e-05,4.287644785562196e-05,0.3046784817942285,0.31706039894098925,0.1121119171445137,0.20095380853728217
-0.24999999999999956,0.45000000000000007,0.5500000000000002,1,1,1,7.145249617356395e-05,5.106250773318507e-05,0.2106304053462269,0.2824103893299501,0.11383350175763553,0.1863301755030383
-0.1999999999999995,0.45000000000000007,0.5500000000000002,1,1,1,8.017276904771005e-05,7.031892779647317e-05,0.11880796963912577,0.24829226311728414,0.1153830558184538,0.16748306524353207
-0.14999999999999947,0.45000000000000007,0.5500000000000002,1,1,1,8.521265506713837e-05,0.00011489740049942874,0.03017041994758518,0.21299450796425834,0.11708560204365673,0.14416871488464858
-0.09999999999999942,0.45000000000000007,0.5500000000000002,1,1,1,0.0018025998809775635,0.0002414944641769383,0.0,0.17439571141318222,0.12047144448185877,0.11500170326069727
-0.09999999999999942,0.5000000000000001,0.5500000000000002,1,1,1,0.0019263826325857385,0.0003365126291684847,0.0,0.2225666177296528,0.10652534703937046,0.08957822395588848
-0.14999999999999947,0.5000000000000001,0.5500000000000002,1,1,1,7.321838135829297e-05,0.0004106409331121656,0.09102490509409122,0.2706063654800208,0.10949267816584586,0.12480723169041676
-0.1999999999999995,0.5000000000000001,0.5500000000000002,1,1,1,7.456931726317406e-05,0.00013690346438374623,0.1810605245096708,0.3151306690047275,0.11003059958518283,0.15063338465580425
-0.24999999999999956,0.5000000000000001,0.5500000000000002,1,1,1,8.021334057589203e-05,7.473141817467246e-05,0.2680642968630931,0.35747729700147657,0.10862681470273615,0.1710465650453216
-0.2999999999999996,0.5000000000000001,0.5500000000000002,1,1,1,9.026895705546356e-05,5.076504598480372e-05,0.3264780469880453,0.3992171476373714,0.1053593988999272,0.18699272062192837
-0.34999999999999964,0.5000000000000001,0.5500000000000002,1,1,1,0.00010852896803701965,4.0503010593026214e-05,0.21264740754028377,0.44155431671110357,0.10010447396581172,0.198645496104073
-0.3999999999999997,0.5000000000000001,0.5500000000000002,1,1,1,0.0001444728348770532,3.6554357098668265e-05,0.08151575891892326,0.485365308046775,0.09264945668546093,0.20586759025123377
-0.44999999999999973,0.5000000000000001,0.5500000000000002,0,0,1,0.02233741504976438,3.5864302331347167e-05,0.0,0.531135854065981,0.08982348989474076,0.20865395736777118
-0.4999999999999998,0.5000000000000001,0.5500000000000002,0,0,1,0.16690673616560192,3.7077460547943075e-05,0.0,0.5788580452232162,0.08620905832259132,0.20745607224042176
-0.5499999999999998,0.5000000000000001,0.5500000000000002,0,0,1,0.2991698986178053,3.996082757952021e-05,0.0,0.6279842752123592,0.07798407859067531,0.20308905968171048
-0.5999999999999999,0.5000000000000001,0.5500000000000002,0,0,1,0.6876745236033152,4.502446840768534e-05,0.0,0.6775362253035446,0.08489533690145135,0.19633370086790713
-0.6499999999999999,0.5000000000000001,0.5500000000000002,0,0,1,0.7650126747844873,5.296331769123994e-05,0.0,0.726444126889537,0.08944265910303599,0.18766121505634564
-0.7,0.5000000000000001,0.5500000000000002,0,0,1,0.17622287756492166,6.441737078908576e-05,0.13110468429372651,0.7741604029042259,0.02961244277355117,0.1772605406184911
-0.75,0.5000000000000001,0.5500000000000002,0,0,1,0.13919689532958832,8.019424516743958e-05,0.0,0.7694765874414282,0.10407491420743957,0.16532654524130533
-0.75,0.5500000000000002,0.5500000000000002,0,0,1,1.979087927477611,0.0001079309168476584,0.0,0.6992014688019013,0.04648017572098995,0.15622794138915
-0.7,0.5500000000000002,0.5500000000000002,0,0,1,0.4876061948969499,5.279387278061462e-05,0.01780547486857964,0.7532711009648589,0.007044745238096165,0.16485194688588997
-0.6499999999999999,0.5500000000000002,0.5500000000000002,0,0,1,0.16456061247298695,5.002688236106233e-05,0.6354141325202716,0.6940960539918537,0.09796218798608944,0.1733378734474506
-0.5999999999999999,0.5500000000000002,0.5500000000000002,0,0,1,0.8598044551769133,4.620703147967357e-05,0.0,0.6397464832565793,0.0912468315534564,0.18084427661059393
-0.5499999999999998,0.5500000000000002,0.5500000000000002,0,0,1,0.6666862600939649,4.275680697757247e-05,0.0,0.5884736339782601,0.09277251609402662,0.186689073380717
-0.4999999999999998,0.5500000000000002,0.5500000000000002,0,0,1,0.41902526842190185,4.038405940639656e-05,0.0,0.5397610300430422,0.0755146434125921,0.19020446297914734
-0.44999999999999973,0.5500000000000002,0.5500000000000002,0,0,1,0.2165616013722325,3.951941032704611e-05,0.0,0.4936670451395675,0.05980859367055987,0.19066111992330853
-0.3999999999999997,0.5500000000000002,0.5500000000000002,0,0,1,0.0899083620608063,4.067420081521299e-05,0.0,0.4503537980275114,0.06723568745385643,0.18736194591327873
-0.34999999999999964,0.5500000000000002,0.5500000000000002,1,1,1,0.0019558551852387938,4.4981218605262854e-05,0.0,0.4098387296175767,0.07212519939221479,0.17980050965966796
-0.2999999999999996,0.5500000000000002,0.5500000000000002,1,1,1,0.00010935569813721704,5.517220560320676e-05,0.11384986000155806,0.37192625310864,0.0792334724537273,0.16766756730493562
-0.24999999999999956,0.5500000000000002,0.5500000000000002,1,1,1,0.001873154228332948,7.824210199539698e-05,0.21503404595828846,0.3362729356234033,0.08393900846884565,0.15059346615906458
-0.1999999999999995,0.5500000000000002,0.5500000000000002,1,1,1,0.00012390020888279258,0.00013705870092890887,0.13273892488501016,0.3026087042274561,0.08296220281918151,0.12760735141111207
-0.14999999999999947,0.5500000000000002,0.5500000000000002,1,1,1,0.00014237348187421157,0.0003512433130748771,0.043697772716735805,0.271529365338095,0.07961251787016564,0.0957611748445489
-0.09999999999999942,0.5500000000000002,0.5500000000000002,1,1,1,0.001997396377779938,0.00046797763963349304,0.0,0.2539323934579052,0.0724763250093279,0.03782576263017661
-0.09999999999999942,0.6000000000000002,0.5500000000000002,0,0,0,0.2026561282571405,0.07867134021855392,0.0,0.024511704475133733,0.014817134363444706,0.029060024276690664
-0.14999999999999947,0.6000000000000002,0.5500000000000002,0,0,1,0.17249964419951855,0.000801902650485551,0.0,0.3559531024579323,0.012282810583288502,0.03665455073147346
-0.1999999999999995,0.6000000000000002,0.5500000000000002,0,0,1,0.18319759998796228,0.00012690541349416097,0.0,0.3816254972620601,0.005266768688134477,0.09145821783044664
-0.24999999999999956,0.6000000000000002,0.5500000000000002,0,0,1,0.14376491922709794,0.00025520245440554233,0.0,0.41954672364981827,0.009228506621313989,0.12176090626403305
-0.2999999999999996,0.6000000000000002,0.5500000000000002,0,0,1,0.19335965523507812,9.996326849048584e-05,0.0,0.46094070567351997,0.013638088529865365,0.14279790857231914
-0.34999999999999964,0.6000000000000002,0.5500000000000002,0,0,1,0.31307340676123513,6.0914152387638336e-05,0.0,0.5044728374195713,0.026767699370261813,0.15807281149418292
-0.3999999999999997,0.6000000000000002,0.5500000000000002,0,0,1,0.27858580254988824,4.5808811680379273e-05,0.0,0.550237338069584,0.006263116078324113,0.16868207395534568
-0.44999999999999973,0.6000000000000002,0.5500000000000002,0,0,1,0.7913734408003786,3.969563450377982e-05,0.0,0.5984338780494776,0.045448412370086705,0.17522061485702786
-0.4999999999999998,0.6000000000000002,0.5500000000000002,0,0,1,0.791285234537939,3.797319774499377e-05,0.0,0.6492438858438283,0.04528854856840111,0.17816018572223347
-0.5499999999999998,0.6000000000000002,0.5500000000000002,0,0,1,0.6890446152772092,3.89331650307024e-05,0.0,0.7028371854449271,0.04508356965402261,0.17799637267402568
-0.5999999999999999,0.6000000000000002,0.5500000000000002,0,0,1,0.7223732760273172,4.191474689474223e-05,0.0,0.759483986643974,0.04542092568215712,0.17525884586708745
-0.6499999999999999,0.6000000000000002,0.5500000000000002,0,0,1,0.768035156450237,4.667736388685921e-05,0.0,0.8197531781672236,0.045496225030866866,0.17046551470714516
-0.7,0.6000000000000002,0.5500000000000002,0,0,1,0.8172909312684418,5.3239773524297305e-05,0.0,0.7731049403805208,0.04555121552717833,0.16407440589525832
-0.75,0.6000000000000002,0.5500000000000002,0,0,1,0.5551638377616667,6.206375124135559e-05,0.0,0.6647688843402417,0.04443917060744751,0.15642363554329172
-0.75,0.6500000000000002,0.5500000000000002,0,0,1,1.6299967531557975,0.00015823075968218303,0.0,0.6372393497233351,0.04618013050171066,0.13828779916872264
-0.7,0.6500000000000002,0.5500000000000002,0,0,1,1.504998179433684,5.3442400855551255e-05,0.0,0.7341381782290539,0.04613533151900794,0.14552897136185225
-0.6499999999999999,0.6500000000000002,0.5500000000000002,0,0,1,1.2994374738094092,4.857669063485341e-05,0.0,0.8304588287548549,0.045778808143595286,0.15088763629281854
-0.5999999999999999,0.6500000000000002,0.5500000000000002,0,0,1,0.8880408828876082,4.6426444791548014e-05,0.0,0.781785398446661,0.04546267925557935,0.15427771625281617
-0.5499999999999998,0.6500000000000002,0.5500000000000002,0,0,1,0.8172740665171794,4.619311688383517e-05,0.0,0.7214922894313909,0.0453755591142695,0.1554021822480074
-0.4999999999999998,0.6500000000000002,0.5500000000000002,0,0,1,0.7368939063606879,4.812505682507823e-05,0.0,0.6663636577220071,0.04521737948956997,0.15380905452413118
-0.44999999999999973,0.6500000000000002,0.5500000000000002,0,0,1,0.6550788828448072,5.349051079126394e-05,0.0,0.6158047725667615,0.044974533328096006,0.1489509705886878
-0.3999999999999997,0.6500000000000002,0.5500000000000002,0,0,1,0.6083924600169234,6.540020631228535e-05,0.0,0.5694958064204365,0.044644443476942255,0.14018397657963272
-0.34999999999999964,0.6500000000000002,0.5500000000000002,0,0,1,0.5632342917581284,9.229938850863317e-05,0.0,0.5274353557651841,0.03150743963220588,0.12663687475779964
-0.2999999999999996,0.6500000000000002,0.5500000000000002,0,0,1,0.6339754953393498,0.0001643142462385162,0.0,0.490262527496371,0.036392594692601594,0.10674808765406413
-0.24999999999999956,0.6500000000000002,0.5500000000000002,0,0,1,0.6236149506720228,0.00046003747851383164,0.0,0.4608030073920233,0.0094932207561716,0.07649867835442614
-0.1999999999999995,0.6500000000000002,0.5500000000000002,0,0,0,0.4552881735058317,0.002178385149697163,0.0,0.28985167983000415,0.08075089223082403,0.0011973759681699664
-0.14999999999999947,0.6500000000000002,0.5500000000000002,0,0,0,0.5667312812068462,0.05875303164328624,0.0,0.0030876353229540854,0.05952213904261794,0.039137283877076726
-0.09999999999999942,0.6500000000000002,0.5500000000000002,0,0,0,0.26263862786038905,2.57845328746081,0.0,0.0,0.021593887947604758,0.12966216155000537
-0.09999999999999942,0.7000000000000002,0.5500000000000002,0,0,0,1.3171284596558035,2.667228455307522,0.0,0.0,0.04721766895039107,0.045571845676607686
-0.14999999999999947,0.7000000000000002,0.5500000000000002,0,0,0,0.5502186745783105,0.2264090449620727,0.0,0.0,0.04648158176869675,0.043850341939104566
-0.1999999999999995,0.7000000000000002,0.5500000000000002,0,0,0,1.3295203799614548,0.06353260273059141,0.0,0.0,0.04732731238819537,0.04484920307530454
-0.24999999999999956,0.7000000000000002,0.5500000000000002,0,0,0,1.0296963932788301,0.022176002871356362,0.0,0.0,0.03373734733531216,0.025241987027389272
-0.2999999999999996,0.7000000000000002,0.5500000000000002,0,0,1,0.9089257243454972,0.0017436010260024851,0.0,0.5389856712125589,0.01805863058065018,0.04080078275531593
-0.34999999999999964,0.7000000000000002,0.5500000000000002,0,0,1,0.24284578211942684,0.0007688971636426203,0.0,0.6158164335923062,0.046347991095381826,0.0791361078545437
-0.3999999999999997,0.7000000000000002,0.5500000000000002,0,0,1,0.5809464843884377,0.0001742059288970445,0.0,0.6571628814423218,0.07629380005480636,0.10007975968335085
-0.44999999999999973,0.7000000000000002,0.5500000000000002,0,0,1,0.7491463293030746,9.388613293445632e-05,0.0,0.7051841247120696,0.009517925147839786,0.11366839547032853
-0.4999999999999998,0.7000000000000002,0.5500000000000002,0,0,1,1.0403622614480417,6.893635928102212e-05,0.0,0.7587377281676122,0.04663341399658426,0.12197362530555422
-0.5499999999999998,0.7000000000000002,0.5500000000000002,0,0,1,0.8977600179482098,6.0959572911527196e-05,0.0,0.8174454442500261,0.04419452796026543,0.12613615432463016
-0.5999999999999999,0.7000000000000002,0.5500000000000002,0,0,1,0.8968094105018788,6.086174014428895e-05,0.0,0.8814724480451215,0.04475941945089306,0.1267936647467914
-0.6499999999999999,0.7000000000000002,0.5500000000000002,0,0,1,0.9135592361876107,6.67070236275434e-05,0.0,0.8254993107840174,0.04517919375768154,0.12429369376025116
-0.7,0.7000000000000002,0.5500000000000002,0,0,1,0.9453576424245186,7.995045495423828e-05,0.0,0.7392049333045438,0.04538694295816592,0.118721846913468
-0.75,0.7000000000000002,0.5500000000000002,0,0,1,1.442589333227205,0.00010685481762503071,0.0,0.654961253078866,0.04573828536248371,0.10982573086822364
-0.75,0.7500000000000002,0.5500000000000002,0,0,1,1.147197767643318,0.00032344615793053423,0.0,0.601144629346297,0.044574247753829614,0.04852822362767084
-0.7,0.7500000000000002,0.5500000000000002,0,0,1,1.127979018219535,0.00021903305448016315,0.0,0.7182071344307537,0.04419597773378971,0.0659152773857641
-0.6499999999999999,0.7500000000000002,0.5500000000000002,0,0,1,1.6483436214322829,0.00013858964699953912,0.0,0.7753190367081528,0.04702039064712579,0.07451541915702388
-0.5999999999999999,0.7500000000000002,0.5500000000000002,0,0,1,0.8840416393362767,0.00012589371548200954,0.0,0.7917718574267134,0.08501832719009388,0.07727049632393147
-0.5499999999999998,0.7500000000000002,0.5500000000000002,0,0,1,1.5492937792164612,0.0018818555076715213,0.0,0.7880643194511481,0.04691836393295056,0.07709533840746435
-0.4999999999999998,0.7500000000000002,0.5500000000000002,0,0,1,1.1185132228563497,0.00025108271127522147,0.0,0.7083377098244019,0.04570534877701653,0.06564273778896312
-0.44999999999999973,0.7500000000000002,0.5500000000000002,0,0,1,0.9416295097540517,0.0005525358155764155,0.0,0.5830621457494349,0.009379525143290877,0.0469432802671311
-0.3999999999999997,0.7500000000000002,0.5500000000000002,0,0,0,0.33646671494476044,0.002875270867398316,0.0,0.13139432076427315,0.04609666648404763,0.0009418654198625101
-0.34999999999999964,0.7500000000000002,0.5500000000000002,0,0,0,1.491300312457339,0.04052154523182706,0.0,0.008764610241041026,0.046857847968719085,0.023241560921140533
-0.2999999999999996,0.7500000000000002,0.5500000000000002,0,0,0,0.9012857503267906,0.06076550409710007,0.0,0.0,0.08168916830790068,0.0797051864939573
-0.24999999999999956,0.7500000000000002,0.5500000000000002,0,0,0,0.5690818019478586,0.07697878447197454,0.0,0.0,0.002723874038636878,0.04485717921879468
-0.1999999999999995,0.7500000000000002,0.5500000000000002,0,0,0,0.4097894195729374,2.2809491391186367,0.0,0.0,0.04680671011514086,0.04557184567660757
-0.14999999999999947,0.7500000000000002,0.5500000000000002,0,0,0,1.7408080292545767,2.6562161470656336,0.0,0.0,0.04711801802917167,0.045571845676607686
-0.09999999999999942,0.7500000000000002,0.5500000000000002,0,0,0,0.5630744893893006,2.678082192245455,0.0,0.0,0.11689556128140302,0.045571845676607686
-0.09999999999999942,0.8000000000000003,0.5500000000000002,0,0,0,2.0631995832555834,2.555212265748238,0.0,0.0,0.022962113556249462,0.04613857227161328
-0.14999999999999947,0.8000000000000003,0.5500000000000002,0,0,0,0.4515337866311564,2.66805187647322,0.0,0.0,0.04476547776879012,0.045571845676607686
-0.1999999999999995,0.8000000000000003,0.5500000000000002,0,0,0,0.18992315682289657,2.6470475641858515,0.0,0.0,0.009355845121077984,0.045571845676607686
-0.24999999999999956,0.8000000000000003,0.5500000000000002,0,0,0,0.31528942524920983,2.626827135266466,0.0,0.0,0.04904135330494517,0.045571845676607686
-0.2999999999999996,0.8000000000000003,0.5500000000000002,0,0,0,0.2794841643740479,2.5629156159125763,0.0,0.0,0.015728776219688562,0.07223573764759587
-0.34999999999999964,0.8000000000000003,0.5500000000000002,0,0,0,0.06890749892828027,0.12372600425139624,0.0,0.0,0.06493196534699484,0.04069259400907168
-0.3999999999999997,0.8000000000000003,0.5500000000000002,0,0,0,0.44205733917430984,0.5780183999580791,0.0,0.0,0.06476377246294039,0.02186820829204874
-0.44999999999999973,0.8000000000000003,0.5500000000000002,0,0,0,0.7914193539991794,0.06000087971690172,0.1756287168375268,0.04320674347201736,0.12724496673372107,0.05920604662720904
-0.4999999999999998,0.8000000000000003,0.5500000000000002,0,0,0,1.561858322535833,0.06386171208679906,0.0,0.03507187002446166,0.04599910168435062,0.03494331337989646
-0.5499999999999998,0.8000000000000003,0.5500000000000002,0,0,0,0.47703727032330306,0.04091707082448132,0.0,0.020223695964689536,0.04423337945598627,0.05179820461567003
-0.5999999999999999,0.8000000000000003,0.5500000000000002,0,0,0,2.2548351268763827,0.03274778094079862,0.0,0.0,0.22755142014167357,0.044440057732909
-0.6499999999999999,0.8000000000000003,0.5500000000000002,0,0,0,2.0460422937839717,0.04142225209685466,0.0,0.0,0.17435291397638225,0.015490600101798832
-0.7,0.8000000000000003,0.5500000000000002,0,0,0,0.2356637634551166,0.05949684201124718,0.0,0.0,0.026401524220917204,0.00981844864698757
-0.75,0.8000000000000003,0.5500000000000002,0,0,0,0.669729416624716,0.354723864095243,0.0,0.03535901019765664,0.04605562409796085,0.016914550549374525
-0.75,0.8500000000000002,0.5500000000000002,0,0,0,1.5842168321109358,2.6107011500567983,0.0,0.0,0.04655056099249872,0.04557184567660772
-0.7,0.8500000000000002,0.5500000000000002,0,0,0,0.5081090885464704,2.4785220629880937,0.0,0.0,0.05793143376940115,0.04557184567660772
-0.6499999999999999,0.8500000000000002,0.5500000000000002,0,0,0,1.0110098426052354,2.4726287714923987,0.0,0.0,0.08544349582932709,0.04608556065733169
-0.5999999999999999,0.8500000000000002,0.5500000000000002,0,0,0,1.9572240005066281,2.5222524327993328,0.0,0.0,0.20969641829919428,0.045571845676607686
-0.5499999999999998,0.8500000000000002,0.5500000000000002,0,0,0,0.2790103366752382,2.536414268855183,0.0,0.0,0.043933062657306655,0.045571845676607686
-0.4999999999999998,0.8500000000000002,0.5500000000000002,0,0,0,0.15455844780458805,2.5514774840750984,0.0,0.0,0.21715077309846287,0.045571845676607686
-0.44999999999999973,0.8500000000000002,0.5500000000000002,0,0,0,2.3550756516530162,2.573387226632543,0.0,0.0,0.046451416841203706,0.04629818563771373
-0.3999999999999997,0.8500000000000002,0.5500000000000002,0,0,0,1.4988852294160198,2.557218189123641,0.0,0.0,0.04668575253799175,0.04623910521200363
-0.34999999999999964,0.8500000000000002,0.5500000000000002,0,0,0,1.0578659445430905,2.601914175604618,0.0,0.0,0.1621663715682263,0.045571845676607686
-0.2999999999999996,0.8500000000000002,0.5500000000000002,0,0,0,0.5114394410019237,2.3493328827900317,0.0,0.0,0.00923814685843084,0.13589322760012773
-0.24999999999999956,0.8500000000000002,0.5500000000000002,0,0,0,0.10963445621458699,2.6755617980843716,0.0,0.0,0.04486049074454539,0.045999606093933366
-0.1999999999999995,0.8500000000000002,0.5500000000000002,0,0,0,0.6735373969876113,2.6598641699685195,0.0,0.0,0.0591949916975965,0.045571845676607686
-0.14999999999999947,0.8500000000000002,0.5500000000000002,0,0,0,0.5455617800673772,2.680768063666147,0.0,0.0,0.004079111241169304,0.045571845676607686
-0.09999999999999942,0.8500000000000002,0.5500000000000002,0,0,0,0.52673975124447,2.3454618268010408,0.0,0.0,0.06870735104657089,0.04557184567660769
-0.09999999999999942,0.9000000000000002,0.5500000000000002,0,0,0,1.3925351395280494,3.104908002322349,0.0,0.0,0.01688640320822654,0.17264425853053153
-0.14999999999999947,0.9000000000000002,0.5500000000000002,0,0,0,0.5164613459423111,2.6943522425236854,0.0,0.0,0.03279026859670869,0.045571845676607686
-0.1999999999999995,0.9000000000000002,0.5500000000000002,0,0,0,1.7557971063688107,2.673554562432267,0.0,0.0,0.015668879554173405,0.045571845676607686
-0.24999999999999956,0.9000000000000002,0.5500000000000002,0,0,0,0.6874693551762395,2.653536129358779,0.0,0.0,0.08301439924667504,0.045571845676607686
-0.2999999999999996,0.9000000000000002,0.5500000000000002,0,0,0,2.1199214703489773,2.6343147081019667,0.0,0.0,0.044202960142807404,0.045571845676607686
-0.34999999999999964,0.9000000000000002,0.5500000000000002,0,0,0,0.8138603562331241,2.61590786780275,0.0,0.0,0.03911345416382717,0.045571845676607686
-0.3999999999999997,0.9000000000000002,0.5500000000000002,0,0,0,1.3018733538908573,2.5983329202283354,0.0,0.0,0.18916230971613507,0.045571845676607686
-0.44999999999999973,0.9000000000000002,0.5500000000000002,0,0,0,1.360943415594741,2.5816068554007767,0.0,0.0,0.19449411012609072,0.045571845676607686
-0.4999999999999998,0.9000000000000002,0.5500000000000002,0,0,0,1.239910503714746,2.559710502314676,0.0,0.0,0.0429220722063616,0.03652808450168509
-0.5499999999999998,0.9000000000000002,0.5500000000000002,0,0,0,2.1468802966202167,2.5507673235464354,0.0,0.0,0.08132964928504277,0.045571845676607686
-0.5999999999999999,0.9000000000000002,0.5500000000000002,0,0,0,1.4963853785801748,3.0033611499102504,0.0,0.0,0.21917973931695112,0.04582761726075884
-0.6499999999999999,0.9000000000000002,0.5500000000000002,0,0,0,2.083620236833303,2.361630719518498,0.0,0.0,0.21826098372610292,0.034383528343230815
-0.7,0.9000000000000002,0.5500000000000002,0,0,0,1.6752913681781194,2.6749749273311623,0.0,0.0,0.041782248428792614,0.042061665401736885
-0.75,0.9000000000000002,0.5500000000000002,0,0,0,2.5059656990628927,2.382018146199139,0.0,0.0,0.21059706565199424,0.04617466532478277
-0.75,0.9500000000000003,0.5500000000000002,0,0,0,1.181280945389851,2.0311525422829106,0.0,0.0,0.04460714572555983,0.1982884630308015
-0.7,0.9500000000000003,0.5500000000000002,0,0,0,2.3804547016494157,2.514489137152573,0.0,0.0,0.1349457930521576,0.04612686586835352
-0.6499999999999999,0.9500000000000003,0.5500000000000002,0,0,0,2.2143696437945772,2.9738571147144723,0.0,0.0,0.21061458916080597,0.13070296020537733
-0.5999999999999999,0.9500000000000003,0.5500000000000002,0,0,0,1.1558448299894555,3.250980786489016,0.0,0.0,0.03936033026678379,0.08766965443032328
-0.5499999999999998,0.9500000000000003,0.5500000000000002,0,0,0,2.6036457542879847,2.5607889425219965,0.0,0.0,0.1965088195912256,0.03724050953573171
-0.4999999999999998,0.9500000000000003,0.5500000000000002,0,0,0,1.3678515810156362,2.5809049852682175,0.0,0.0,0.09762476974065416,0.045571845676607686
-0.44999999999999973,0.9500000000000003,0.5500000000000002,0,0,0,2.5996700112005833,2.983827758521016,0.0,0.0,0.09057433072004832,0.13070296020537733
-0.3999999999999997,0.9500000000000003,0.5500000000000002,0,0,0,0.38197373883511604,2.6133026154585273,0.0,0.0,0.14316582379380224,0.045571845676607686
-0.34999999999999964,0.9500000000000003,0.5500000000000002,0,0,0,1.0145457743678492,2.970043172604826,0.0,0.0,0.07132561994418024,0.0628280506734726
-0.2999999999999996,0.9500000000000003,0.5500000000000002,0,0,0,0.8564713757718555,2.6490810816097006,0.0,0.0,0.006925002678751157,0.045571845676607686
-0.24999999999999956,0.9500000000000003,0.5500000000000002,0,0,0,0.3118259262648736,0.8918367756640182,0.0,0.0,0.04493526350779919,0.12489368654082776
-0.1999999999999995,0.9500000000000003,0.5500000000000002,0,0,0,0.639711752646271,2.688105391148655,0.0,0.0,0.04439884404194099,0.045571845676607686
-0.14999999999999947,0.9500000000000003,0.5500000000000002,0,0,0,0.7423548372872326,2.7087913545366473,0.11776106901179162,0.0,0.17194361574757763,0.045571845676607686
-0.09999999999999942,0.9500000000000003,0.5500000000000002,0,0,0,0.5079889861587896,2.7302363653908257,0.0,0.0,0.044458005079434475,0.045571845676607686
-0.09999999999999942,1.0000000000000002,0.5500000000000002,0,0,0,1.289194925517147,2.745397458752116,0.0,0.0,0.12123642994388491,0.045571845676607686
-0.14999999999999947,1.0000000000000002,0.5500000000000002,0,0,0,1.311405800990906,2.7240718048598787,0.0,0.0,0.022885654706042053,0.045571845676607686
-0.1999999999999995,1.0000000000000002,0.5500000000000002,0,0,0,1.6841180953507955,2.703502762998872,0.0,0.0,0.1610564558626953,0.045571845676607686
-0.24999999999999956,1.0000000000000002,0.5500000000000002,0,0,0,1.1134462832394805,2.6837077301845884,0.0,0.0,0.12277500314863461,0.045571845676607686
-0.2999999999999996,1.0000000000000002,0.5500000000000002,0,0,0,2.750739389430947,2.6647039558950056,0.0,0.0,0.1291419228679858,0.045571845676607686
-0.34999999999999964,1.0000000000000002,0.5500000000000002,0,0,0,0.7131997310067102,2.646508485547037,0.0,0.0,0.04315404515806011,0.045571845676607686
-0.3999999999999997,1.0000000000000002,0.5500000000000002,0,0,0,1.0521106424847404,2.5380534081008803,0.0,0.0,0.023270407226139135,0.04637038304811777
-0.44999999999999973,1.0000000000000002,0.5500000000000002,0,0,0,0.6900586636779852,1.625539276325587,0.13087020627646861,0.0,0.1760592728616125,0.04498297688217949
-0.4999999999999998,1.0000000000000002,0.5500000000000002,0,0,0,1.0655398092505979,1.479683210754119,0.0,0.0,0.04502809590081007,0.006419116489360387
-0.5499999999999998,1.0000000000000002,0.5500000000000002,0,0,0,1.869552752839838,1.6030869342640963,0.0,0.0,0.21047622083308343,0.013817793205355944
-0.5999999999999999,1.0000000000000002,0.5500000000000002,0,0,0,2.222254728253066,2.73036994170828,0.0,0.0,0.04403875297659623,0.1076096366372718
-0.6499999999999999,1.0000000000000002,0.5500000000000002,0,0,0,2.2765784044479043,2.3442158765443413,0.0,0.0,0.13022649108639137,0.12950770819104152
-0.7,1.0000000000000002,0.5500000000000002,0,0,0,1.2632618555677628,2.9907133343194756,0.0,0.0,0.04407206949060046,0.13070296020537733
-0.75,1.0000000000000002,0.5500000000000002,0,0,0,2.8210172416042134,2.6348807488372854,0.0,0.0,0.19425135440886143,0.22148029359427476
-0.75,1.0000000000000002,0.6000000000000002,0,0,0,2.3661070153842014,3.1632421774027124,0.0,0.0,0.14843948385459388,0.0436741862157312
-0.7,1.0000000000000002,0.6000000000000002,0,0,0,0.9175540408608522,1.4628867424800236,0.0,0.0,0.04487858257636881,0.04552796314646841
-0.6499999999999999,1.0000000000000002,0.6000000000000002,0,0,0,1.1317090566066674,3.1627105536371873,0.0,0.0,0.1863281602621452,0.13993243547804307
-0.5999999999999999,1.0000000000000002,0.6000000000000002,0,0,0,2.1287077912348744,2.091537162799024,0.0,0.0,0.10702553922671196,0.045571845676607686
-0.5499999999999998,1.0000000000000002,0.6000000000000002,0,0,0,2.486202855171471,2.561879145138103,0.0,0.0,0.13371792949427053,0.10053451649413939
-0.4999999999999998,1.0000000000000002,0.6000000000000002,0,0,0,1.493939406163248,2.6362116047073414,0.0,0.0,0.16898776189625264,0.04557184567660765
-0.44999999999999973,1.0000000000000002,0.6000000000000002,0,0,0,1.7830644348225297,2.5464287356509323,0.0,0.0,0.12435913265665821,0.09282174380742328
-0.3999999999999997,1.0000000000000002,0.6000000000000002,0,0,0,3.1574631564098414,2.6392379576039535,0.0,0.0,0.13195358417491604,0.045571845676607686
-0.34999999999999964,1.0000000000000002,0.6000000000000002,0,0,0,0.9698145702294194,3.2416415805822556,0.0,0.0,0.17122391685230476,0.04557184567660772
-0.2999999999999996,1.0000000000000002,0.6000000000000002,0,0,0,1.226709643294182,2.350010536417602,0.0,0.0,0.0477009687494612,0.19970708119088115
-0.24999999999999956,1.0000000000000002,0.6000000000000002,0,0,0,0.422444162968621,2.6936029815708835,0.0,0.0,0.0449944975703792,0.045571845676607686
-0.1999999999999995,1.0000000000000002,0.6000000000000002,0,0,0,2.072727264553063,2.7133258246693437,0.0,0.0,0.09306275661722654,0.045571845676607686
-0.14999999999999947,1.0000000000000002,0.6000000000000002,0,0,0,1.7831693234223887,1.8467596997124005,0.0,0.0,0.1310580813421981,0.13106898133920775
-0.09999999999999942,1.0000000000000002,0.6000000000000002,0,0,0,2.118397774855003,2.5485983516358117,0.0,0.0,0.11595460534717233,0.08526606022183536
-0.09999999999999942,0.9500000000000003,0.6000000000000002,0,0,0,1.481277411324636,2.739963585921817,0.0,0.0,0.1277664632508367,0.045571845676607686
-0.14999999999999947,0.9500000000000003,0.6000000000000002,0,0,0,0.322314728684335,2.6605080886412855,0.0,0.0,0.04310883113159742,0.046447435950728866
-0.1999999999999995,0.9500000000000003,0.6000000000000002,0,0,0,2.7746462439057047,2.6979845135206952,0.0,0.0,0.13224453613853898,0.045571845676607686
-0.24999999999999956,0.9500000000000003,0.6000000000000002,0,0,0,3.0266033882375263,2.67814869391292,0.0,0.0,0.12742698271871278,0.045571845676607686
-0.2999999999999996,0.9500000000000003,0.6000000000000002,0,0,0,0.9321837591693224,2.659105191265938,0.0,0.0,0.04312323138733525,0.045571845676607686
-0.34999999999999964,0.9500000000000003,0.6000000000000002,0,0,0,0.6235795208149593,1.1385844693133127,0.02203670141175884,0.0,0.07078798052197968,0.22670045763836774
-0.3999999999999997,0.9500000000000003,0.6000000000000002,0,0,0,1.2826993966182851,2.6234634362303235,0.0,0.0,0.14816032650963049,0.045571845676607686
-0.44999999999999973,0.9500000000000003,0.6000000000000002,0,0,0,1.6631565932920005,0.8321873611073617,0.0,0.0,0.04474977262786448,0.117382536434752
-0.4999999999999998,0.9500000000000003,0.6000000000000002,0,0,0,0.8635951939571399,2.1139780623343905,0.0,0.0,0.04326931511311901,0.13915736165577886
-0.5499999999999998,0.9500000000000003,0.6000000000000002,0,0,0,2.030338027498988,2.7918350834411316,0.0,0.0,0.02992770977084412,0.04557184567660772
-0.5999999999999999,0.9500000000000003,0.6000000000000002,0,0,0,1.7907948700254597,2.3043497316303867,0.0,0.0,0.1306454887960844,0.05261409359001228
-0.6499999999999999,0.9500000000000003,0.6000000000000002,0,0,0,2.271501942904156,3.1861993183060995,0.0,0.0,0.19511301402445147,0.12516438382795908
-0.7,0.9500000000000003,0.6000000000000002,0,0,0,2.3079006656561054,2.1029431798453717,0.0,0.0,0.14085736680989291,0.12855784911511844
-0.75,0.9500000000000003,0.6000000000000002,0,0,0,1.6735053445034915,2.387650319615521,0.0,0.0,0.037982261447059344,0.04611519541037617
-0.75,0.9000000000000002,0.6000000000000002,0,0,0,1.3496065537683621,3.191585247612566,0.0,0.0,0.20816966061500833,0.2006401198831032
-0.7,0.9000000000000002,0.6000000000000002,0,0,0,1.2529178374893948,2.404902498773124,0.03651631804648847,0.0,0.1050763240676911,0.04619235716408356
-0.6499999999999999,0.9000000000000002,0.6000000000000002,0,0,0,2.5064897219593156,2.510013584106954,0.0,0.0,0.1690503312657428,0.04557184567660771
-0.5999999999999999,0.9000000000000002,0.6000000000000002,0,0,0,2.142199184586843,2.5471520904055303,0.0,0.0,0.14171602734825148,0.045571845676607686
-0.5499999999999998,0.9000000000000002,0.6000000000000002,0,0,0,1.886240899895054,2.4558420943592307,0.0,0.0,0.21686121295993377,0.04624897329041947
-0.4999999999999998,0.9000000000000002,0.6000000000000002,0,0,0,0.8732963561305586,2.438883311325414,0.0,0.0,0.02099077019635841,0.046119900718183574
-0.44999999999999973,0.9000000000000002,0.6000000000000002,0,0,0,0.9460030559141429,2.5918919339214983,0.0,0.0,0.04437471214237624,0.045571845676607686
-0.3999999999999997,0.9000000000000002,0.6000000000000002,0,0,0,0.9148726299193289,2.8473884900271025,0.0,0.0,0.0441482677180747,0.04447399757312418
-0.34999999999999964,0.9000000000000002,0.6000000000000002,0,0,0,0.7422956236293939,3.118676847035553,0.0732213513986264,0.0,0.05869036874000145,0.04693695567830759
-0.2999999999999996,0.9000000000000002,0.6000000000000002,0,0,0,1.1643790379341505,2.6443947932556116,0.0,0.0,0.003605894223310079,0.045571845676607686
-0.24999999999999956,0.9000000000000002,0.6000000000000002,0,0,0,1.8662868841289186,2.622085398346722,0.0,0.0,0.010149601458424555,0.1365523347085583
-0.1999999999999995,0.9000000000000002,0.6000000000000002,0,0,0,0.30054727221858096,2.6834872534777263,0.0,0.0,0.04488881404594309,0.045571845676607686
-0.14999999999999947,0.9000000000000002,0.6000000000000002,0,0,0,0.6875816596318933,2.7042085437457395,0.0,0.0,0.04752484141635462,0.045571845676607686
-0.09999999999999942,0.9000000000000002,0.6000000000000002,0,0,0,1.1799838825469648,2.725689611191537,0.0,0.0,0.043131144036034075,0.045571845676607686
-0.09999999999999942,0.8500000000000002,0.6000000000000002,0,0,0,0.7282228369127969,2.712262387922194,0.33729415813767405,0.0,0.12285543298414243,0.045571845676607686
-0.14999999999999947,0.8500000000000002,0.6000000000000002,0,0,0,1.9849311073444482,2.6906741260225813,0.0,0.0,0.12794870241720546,0.045571845676607686
-0.1999999999999995,0.8500000000000002,0.6000000000000002,0,0,0,1.2393334965418388,2.6698477941555696,0.0,0.0,0.07128490634269108,0.045571845676607686
-0.24999999999999956,0.8500000000000002,0.6000000000000002,0,0,0,0.5132125019582239,2.64980135773747,0.018087298906353855,0.0,0.0562640989664637,0.045571845676607686
-0.2999999999999996,0.8500000000000002,0.6000000000000002,0,0,0,0.5174748124101995,2.203120040926246,0.0,0.0,0.03202187677902047,0.09526311669220149
-0.34999999999999964,0.8500000000000002,0.6000000000000002,0,0,0,0.25336424148211895,2.612119296373597,0.0,0.0,0.0021199821765781886,0.045571845676607686
-0.3999999999999997,0.8500000000000002,0.6000000000000002,0,0,0,0.40484108503870414,2.5945186856134366,0.0,0.0,0.045571845676607575,0.045571845676607686
-0.44999999999999973,0.8500000000000002,0.6000000000000002,0,0,0,2.6742700438284928,2.483790253839963,0.0,0.0,0.04638555936206053,0.04581239747158108
-0.4999999999999998,0.8500000000000002,0.6000000000000002,0,0,0,2.5079686686173153,2.56188352448296,0.0,0.0,0.045315773131396515,0.045571845676607686
-0.5499999999999998,0.8500000000000002,0.6000000000000002,0,0,0,0.8309357932636734,2.5151247658025766,0.0,0.0,0.044389890052897035,0.04615170501860101
-0.5999999999999999,0.8500000000000002,0.6000000000000002,0,0,0,1.4677195232536786,2.53277854855832,0.0,0.0,0.04538181649818223,0.045571845676607686
-0.6499999999999999,0.8500000000000002,0.6000000000000002,0,0,0,2.0035484995708295,2.5195886901530518,0.0,0.0,0.11748636445800115,0.045571845676607686
-0.7,0.8500000000000002,0.6000000000000002,0,0,0,2.3634735765019843,0.37726214265202673,0.0,0.19402608056416148,0.0018833446169973973,0.0714823899485485
-0.75,0.8500000000000002,0.6000000000000002,0,0,0,2.673133495979196,2.3458270641296655,0.0,0.0,0.16685230239147728,0.046058881428023335
-0.75,0.8000000000000003,0.6000000000000002,0,0,0,2.3410638319296813,0.10569484489895448,0.0,0.1448483446646489,0.17656813648954467,0.11138582217269714
-0.7,0.8000000000000003,0.6000000000000002,0,0,0,2.61218202065701,0.09717956224455436,0.0,0.0,0.18698047289983505,0.01103667941784297
-0.6499999999999999,0.8000000000000003,0.6000000000000002,0,0,0,2.132147234329688,0.1597274816321593,0.0,0.0778334592266332,0.19508438516527515,0.04622227142461712
-0.5999999999999999,0.8000000000000003,0.6000000000000002,0,0,0,0.2813272944476791,0.06496847930759059,0.0,0.0,0.04275453365394152,0.04457194299830692
-0.5499999999999998,0.8000000000000003,0.6000000000000002,0,0,0,0.5375367885451472,0.0746670455901826,0.0,0.02593669697136658,0.045788149324021435,0.08599496115034269
-0.4999999999999998,0.8000000000000003,0.6000000000000002,0,0,0,1.2468497147259705,0.06584924199152607,0.0,0.0,0.05310725582518651,0.008981186589263215
-0.44999999999999973,0.8000000000000003,0.6000000000000002,0,0,0,0.09968216740721013,0.5791021550534508,0.0,0.0,0.04302685750198821,0.015472751913005237
-0.3999999999999997,0.8000000000000003,0.6000000000000002,0,0,0,0.28131626367823276,2.527002974073306,0.0,0.0,0.0011863353412790878,0.026779822243079475
-0.34999999999999964,0.8000000000000003,0.6000000000000002,0,0,0,1.140813097445669,2.5990672601660822,0.0,0.0,0.1942826684841317,0.045571845676607686
-0.2999999999999996,0.8000000000000003,0.6000000000000002,0,0,0,1.00139817850129,2.6175925258445494,0.0,0.0,0.04756978161629503,0.045571845676607686
-0.24999999999999956,0.8000000000000003,0.6000000000000002,0,0,0,1.7569228893539734,2.8756931788058155,0.0,0.0,0.04756013383503819,0.046096305927118414
-0.1999999999999995,0.8000000000000003,0.6000000000000002,0,0,0,0.48520096307226646,2.6570793455102706,0.0,0.0,0.044308071351633074,0.045571845676607686
-0.14999999999999947,0.8000000000000003,0.6000000000000002,0,0,0,0.6219693025346588,2.6780049769982335,0.0,0.0,0.02609942604621447,0.045571845676607686
-0.09999999999999942,0.8000000000000003,0.6000000000000002,0,0,0,0.35202252099478626,2.6996945503736773,0.0,0.0,0.04471499173634554,0.045571845676607686
-0.09999999999999942,0.7500000000000002,0.6000000000000002,0,0,0,0.3506480750704789,1.357721076044768,0.0,0.0,0.0520209544043177,0.04554679689305777
-0.14999999999999947,0.7500000000000002,0.6000000000000002,0,0,0,0.22601271143408674,2.493492833383057,0.0,0.0,0.03737044748456165,0.04585056652835671
-0.1999999999999995,0.7500000000000002,0.6000000000000002,0,1,0,0.001352696893190443,0.14699271204033154,0.0015615201895999853,0.0,0.05135448874201574,0.04318729317329845
-0.24999999999999956,0.7500000000000002,0.6000000000000002,0,1,0,0.0013228266694946,2.71635854936574,0.0,0.0,0.050497503795140695,0.041936518801750686
-0.2999999999999996,0.7500000000000002,0.6000000000000002,0,1,0,0.0017971337945896304,0.10466655771667079,0.0,0.0,0.04397802846828442,0.029905707836189246
-0.34999999999999964,0.7500000000000002,0.6000000000000002,0,1,0,0.0011359709421568086,0.05221425726119879,0.0,0.0,0.022531814483535598,0.0446888034992145
-0.3999999999999997,0.7500000000000002,0.6000000000000002,0,0,0,0.01775603132921206,0.03601786136181248,0.0,0.018077832092191493,0.006898709635084162,0.032317382151266984
-0.44999999999999973,0.7500000000000002,0.6000000000000002,0,0,0,0.025257681354654615,0.014426684869111743,0.0,0.0,0.04506899728751635,0.0007476999287968431
-0.4999999999999998,0.7500000000000002,0.6000000000000002,0,0,1,0.06291922596113726,0.001333136969962553,0.0,0.4707726189330745,0.04417170528912839,0.029575802380405757
-0.5499999999999998,0.7500000000000002,0.6000000000000002,0,0,1,0.07461278618579466,0.00020627745346072927,0.0,0.5672839144378492,0.11145045712508699,0.04414602204386173
-0.5999999999999999,0.7500000000000002,0.6000000000000002,0,0,1,1.001743010278986,0.00023816691689258044,0.0,0.6016495665967918,0.03832323160620388,0.04912785540770484
-0.6499999999999999,0.7500000000000002,0.6000000000000002,0,0,1,0.33291971837007056,0.001962787684514175,0.0033566129498239228,0.6026983645479516,0.007520919986047354,0.04907000082717898
-0.7,0.7500000000000002,0.6000000000000002,0,0,1,1.9107065924239428,0.0009347255087524625,0.0,0.4845432275563442,0.12737118805704023,0.031175432652180854
-0.75,0.7500000000000002,0.6000000000000002,0,0,0,2.874083450437479,0.010945326582005742,0.0,0.0,0.061287432640643076,0.0007713161878569216
-0.75,0.7000000000000002,0.6000000000000002,0,0,1,2.347983019202488,0.0003669254388253098,0.0,0.6616878654762415,0.04557184567660769,0.09415195310492974
-0.7,0.7000000000000002,0.6000000000000002,0,0,1,1.0266852975362684,9.345493553200907e-05,0.0,0.7441007711857166,0.04496883630665876,0.10391616511201739
-0.6499999999999999,0.7000000000000002,0.6000000000000002,0,0,1,0.10061098887573194,7.644389615922005e-05,0.0,0.8299422451929366,0.04335245303177162,0.10992507054253357
-0.5999999999999999,0.7000000000000002,0.6000000000000002,0,0,1,0.06188623744031462,7.166093398928137e-05,0.0,0.8923667866740668,0.04416488894371898,0.1124313352175797
-0.5499999999999998,0.7000000000000002,0.6000000000000002,0,0,1,0.017351577202207317,7.542128258387321e-05,0.0,0.826894505945829,0.020818846139274497,0.1113923618597422
-0.4999999999999998,0.7000000000000002,0.6000000000000002,1,1,1,0.0014547606781456532,8.963122673004561e-05,0.0,0.7680291920158921,0.04227717322343339,0.10638368474863423
-0.44999999999999973,0.7000000000000002,0.6000000000000002,1,1,1,0.0006427424330660746,0.00012564645718611124,0.017077764481483904,0.7157165851390732,0.07651032129013796,0.09650893725927777
-0.3999999999999997,0.7000000000000002,0.6000000000000002,1,1,1,0.00015772380777477892,0.00023143396206911572,0.03539586584404386,0.6710807914258985,0.09417384472569985,0.07986525005182694
-0.34999999999999964,0.7000000000000002,0.6000000000000002,1,1,1,9.475566639591178e-05,0.0007587428279998861,0.053912827102776895,0.6055906609614958,0.10546132616147842,0.05092842180562014
-0.2999999999999996,0.7000000000000002,0.6000000000000002,0,1,0,7.369505262191262e-05,0.01277210034283515,0.07191295680721899,0.0,0.1120088489206703,0.00916638358910846
-0.24999999999999956,0.7000000000000002,0.6000000000000002,0,1,0,6.751040910123834e-05,0.06009450821904146,0.08879976288548441,0.02511096396953949,0.11463122553919876,0.03848787779601305
-0.1999999999999995,0.7000000000000002,0.6000000000000002,0,1,0,6.994089732791995e-05,0.32504358884308115,0.10397758642921096,0.012216650671311502,0.11362073481057951,0.04315502297299774
-0.14999999999999947,0.7000000000000002,0.6000000000000002,0,1,0,8.156928501125146e-05,0.6593032950137748,0.11683648008161596,0.0,0.10890516516634718,0.10139758687770532
-0.09999999999999942,0.7000000000000002,0.6000000000000002,0,1,0,0.00010966721045870396,1.2941308282321247,0.12672519391831605,0.0,0.10000425374664759,0.043467116227357196
-0.09999999999999942,0.6500000000000002,0.6000000000000002,0,1,0,0.0004543131287997168,1.3829201224550256,0.15843849750729344,0.660720047882227,0.14000018361053326,0.04682234654636562
-0.14999999999999947,0.6500000000000002,0.6000000000000002,0,1,0,4.5612491034917544e-05,0.36394360789968,0.14519963330891406,0.0,0.1463684435456792,0.026230566980829362
-0.1999999999999995,0.6500000000000002,0.6000000000000002,0,1,0,4.241304663704288e-05,0.021787797341886003,0.12922962608407795,0.0,0.14998456515849568,0.025021540404766746
-0.24999999999999956,0.6500000000000002,0.6000000000000002,1,1,1,4.218594469413429e-05,0.001974693038742983,0.11097216461658777,0.47654075999680723,0.15083713988804215,0.05045430001623893
-0.2999999999999996,0.6500000000000002,0.6000000000000002,1,1,1,4.505703131001636e-05,0.0007546185056293013,0.09103493207341318,0.49819976462429416,0.14896402461483638,0.08896098211190351
-0.34999999999999964,0.6500000000000002,0.6000000000000002,1,1,1,5.159950152879015e-05,0.00017018281688765025,0.07005219342670399,0.5349966341674581,0.1442454329805257,0.11170747613425383
-0.3999999999999997,0.6500000000000002,0.6000000000000002,1,1,1,6.39261482501124e-05,8.830806848874761e-05,0.04864400336698527,0.5780686018293255,0.13635991993555202,0.12704996533406246
-0.44999999999999973,0.6500000000000002,0.6000000000000002,1,1,1,8.822322687008406e-05,6.247396071149679e-05,0.027395196119435195,0.6261776687118514,0.12467044161581095,0.13701271388995395
-0.4999999999999998,0.6500000000000002,0.6000000000000002,1,1,1,0.0001452260083334262,5.327096780097164e-05,0.00688196022036669,0.6788503289164995,0.10791974746049261,0.1427330068343028
-0.5499999999999998,0.6500000000000002,0.6000000000000002,1,1,1,0.001417049877016306,5.110997799539722e-05,0.0,0.736106427743243,0.08280750842386847,0.14494106973236467
-0.5999999999999999,0.6500000000000002,0.6000000000000002,1,1,1,0.0016533511536921028,5.309965770593497e-05,0.0,0.798324620373442,0.03534510679777012,0.1441870199118875
-0.6499999999999999,0.6500000000000002,0.6000000000000002,0,0,1,0.02770984644916565,5.8545475354727704e-05,0.0,0.8383023703500123,0.048705627629656176,0.14089269736721297
-0.7,0.6500000000000002,0.6000000000000002,0,0,1,0.08943358988885679,6.81300957540693e-05,0.0,0.7402323068067092,0.08131433389333546,0.13532582622434436
-0.75,0.6500000000000002,0.6000000000000002,0,0,1,0.18128362181155827,8.456279054602625e-05,0.0,0.6416471494829565,0.027707438243988938,0.12752342098874025
-0.75,0.6000000000000002,0.6000000000000002,0,0,1,0.5882450524028994,0.00018600477069327182,0.0,0.6639077502814592,0.03397391228296664,0.14716592860376795
-0.7,0.6000000000000002,0.6000000000000002,0,0,1,0.0304813964562555,4.985757773516464e-05,0.0,0.7744997169464813,0.024308447471913786,0.15493773424065985
-0.6499999999999999,0.6000000000000002,0.6000000000000002,1,1,1,0.0013170085497844015,4.6589117989365176e-05,0.0,0.8139639147019233,0.06192560470310899,0.16143471795823106
-0.5999999999999999,0.6000000000000002,0.6000000000000002,1,1,1,0.0008335765206477439,4.442442730682732e-05,0.018114876272576463,0.7532854010309857,0.10206044685211184,0.16625054718935176
-0.5499999999999998,0.6000000000000002,0.6000000000000002,1,1,1,0.0001605357318068872,4.3217649575664304e-05,0.04047553425244255,0.6974684964412265,0.1259361334005285,0.16887930686337008
-0.4999999999999998,0.6000000000000002,0.6000000000000002,1,1,1,8.377230637227061e-05,4.3416145292001573e-05,0.057032534307336125,0.6454334940940543,0.14323578785698185,0.16877539571341224
-0.44999999999999973,0.6000000000000002,0.6000000000000002,1,1,1,5.783757178112267e-05,4.59080819774551e-05,0.04464291087396188,0.596576871270337,0.15590110189776563,0.16539303576684977
-0.3999999999999997,0.6000000000000002,0.6000000000000002,1,1,1,4.6681899587786996e-05,5.2432780361347436e-05,0.044920529787022545,0.5505434011305641,0.1650532469405752,0.1582058163560034
-0.34999999999999964,0.6000000000000002,0.6000000000000002,1,1,1,4.090478425851734e-05,6.69898291722882e-05,0.056073396430429634,0.5070787794837703,0.17133589889077344,0.1466591005293796
-0.2999999999999996,0.6000000000000002,0.6000000000000002,1,1,1,3.752689241513128e-05,0.00010079092527860591,0.07654889436531676,0.46603329726123155,0.17512634701618596,0.12994997184494095
-0.24999999999999956,0.6000000000000002,0.6000000000000002,1,1,1,3.562997199909179e-05,0.00019707867164219726,0.10475109753840894,0.42769959420508386,0.17661478409789308,0.10636566484308767
-0.1999999999999995,0.6000000000000002,0.6000000000000002,1,1,1,3.524039246185786e-05,0.0006624206933660503,0.13892158184718717,0.39466013870069316,0.17584538696884272,0.07066281366274302
-0.14999999999999947,0.6000000000000002,0.6000000000000002,0,1,0,3.692270333100994e-05,0.0177061529967081,0.17633135992715876,0.0,0.1727516747489881,0.008534158938416856
-0.09999999999999942,0.6000000000000002,0.6000000000000002,0,1,0,4.156357887563218e-05,0.08524409700987684,0.1109616895219202,0.03162212418356386,0.1671860165828323,0.04021649850365534
-0.09999999999999942,0.5500000000000002,0.6000000000000002,0,1,0,6.207644725105564e-05,0.023678457204341783,0.013586020269905186,0.0,0.18792061743368876,0.0014705849344349524
-0.14999999999999947,0.5500000000000002,0.6000000000000002,1,1,1,3.3505348253828714e-05,0.00031584847270119115,0.08759804226672019,0.29062136423009033,0.19289776375855014,0.0763376890802687
-0.1999999999999995,0.5500000000000002,0.6000000000000002,1,1,1,3.0307016174274508e-05,0.0005318849192032161,0.11490969133199935,0.3268005622884793,0.19557585473119807,0.11376146696352532
-0.24999999999999956,0.5500000000000002,0.6000000000000002,1,1,1,2.9933160195925992e-05,0.00014354879533976254,0.07004587585157518,0.36642908744474356,0.19614389642484398,0.13884453889804177
-0.2999999999999996,0.5500000000000002,0.6000000000000002,1,1,1,3.1937586003548843e-05,7.635304686310571e-05,0.03186839446709189,0.40698865181291133,0.1947634200578181,0.15756515369891919
-0.34999999999999964,0.5500000000000002,0.6000000000000002,1,1,1,3.2385624052662894e-05,5.206198786681922e-05,0.002718893615655471,0.44885412140603487,0.19148871623243108,0.17122006586725483
-0.3999999999999997,0.5500000000000002,0.6000000000000002,1,1,1,0.001972825951239848,4.210721848124485e-05,0.0,0.4924275705419676,0.18633768644085585,0.18035452990275774
-0.44999999999999973,0.5500000000000002,0.6000000000000002,1,1,1,0.001722482322958097,3.856840427195426e-05,0.0,0.5379573534802078,0.17871492328514577,0.1852963496298351
-0.4999999999999998,0.5500000000000002,0.6000000000000002,1,1,1,4.979247589514372e-05,3.861194153618525e-05,0.0026754096416561346,0.585463589394017,0.16822745881541687,0.18644129174024854
-0.5499999999999998,0.5500000000000002,0.6000000000000002,1,1,1,7.271136006843134e-05,4.1234023014352175e-05,0.007868792408658898,0.6347729500849062,0.15422481036390495,0.18430870344828112
-0.5999999999999999,0.5500000000000002,0.6000000000000002,1,1,1,0.0013403044031696982,4.624388480345047e-05,0.0,0.6856878272799545,0.13548753629464882,0.17945055406806856
-0.6499999999999999,0.5500000000000002,0.6000000000000002,1,1,1,0.0019320783197251474,5.3761270884307216e-05,0.0,0.7383288535815038,0.10966171982790983,0.17236643839290985
-0.7,0.5500000000000002,0.6000000000000002,1,1,1,0.001975736969701277,6.396058041861824e-05,0.0,0.7936773116233746,0.0691291687147482,0.16353809018570387
-0.75,0.5500000000000002,0.6000000000000002,0,0,1,0.03207090900955097,7.68286748342294e-05,0.0,0.7046671310765813,0.02349053774508837,0.15358468166650188
-0.75,0.5000000000000001,0.6000000000000002,1,1,1,0.001986245363103048,9.860850740103288e-05,0.0,0.7714801748537836,0.06385829122792461,0.16318516536084718
-0.7,0.5000000000000001,0.6000000000000002,1,1,1,0.0012070295250278858,6.412047404632395e-05,0.013986527043251318,0.7826949130199405,0.11117025617926134,0.17552351044122758
-0.6499999999999999,0.5000000000000001,0.6000000000000002,0,0,1,0.023494222332025638,5.249880640988335e-05,0.0,0.7377971645426871,0.13894172855104095,0.1860744009331431
-0.5999999999999999,0.5000000000000001,0.6000000000000002,0,0,1,0.055516643828320784,4.5032281837645275e-05,0.0,0.6927834862348723,0.16005295433927255,0.19452448249157697
-0.5499999999999998,0.5000000000000001,0.6000000000000002,0,0,1,0.061598337064544775,4.0323361462966214e-05,0.0,0.6474447070567306,0.17585790167912949,0.20062469677334796
-0.4999999999999998,0.5000000000000001,0.6000000000000002,0,0,1,0.048514709512174986,3.76884533071361e-05,0.0,0.6024499305822362,0.18774703164479867,0.20391801458786238
-0.44999999999999973,0.5000000000000001,0.6000000000000002,0,0,1,0.019740506500287202,3.68824001155531e-05,0.0,0.558581966561051,0.19657154026849455,0.20374185395134584
-0.3999999999999997,0.5000000000000001,0.6000000000000002,1,1,1,0.0002560290582456529,3.797509625212134e-05,0.0065263949702303314,0.5163007419524246,0.20326336882362148,0.19947618139453413
-0.34999999999999964,0.5000000000000001,0.6000000000000002,1,1,1,3.89255831958251e-05,4.18601663562933e-05,0.033686564477280356,0.47554072892005106,0.20809021653070744,0.19082371570489903
-0.2999999999999996,0.5000000000000001,0.6000000000000002,1,1,1,3.691841161238546e-05,5.10491194710092e-05,0.06112360741971923,0.4356681227851471,0.2112420998020705,0.17781343787561615
-0.24999999999999956,0.5000000000000001,0.6000000000000002,1,1,1,3.405294633207867e-05,7.123872373491236e-05,0.0876165415352288,0.3955150906987792,0.21273815623472256,0.16050414258960174
-0.1999999999999995,0.5000000000000001,0.6000000000000002,1,1,1,3.1181666436963596e-05,0.00011771007602901035,0.04872106541057886,0.35340910923224467,0.2124377181284573,0.13856692550954006
-0.14999999999999947,0.5000000000000001,0.6000000000000002,1,1,1,0.0018584777813249766,0.00025164916458856256,0.0,0.30718536641804794,0.20883559126409368,0.11054908331318976
-0.09999999999999942,0.5000000000000001,0.6000000000000002,1,1,1,0.0019522489852837176,0.0009563309437055431,0.0,0.2548385380997549,0.20153796731477747,0.07071577886298383
-0.09999999999999942,0.45000000000000007,0.6000000000000002,1,1,1,0.0016093112132489432,0.0004359916464249238,0.0,0.21402407695706183,0.21045534375394362,0.10064889654208324
-0.14999999999999947,0.45000000000000007,0.6000000000000002,1,1,1,0.0019055693390043521,0.000310278054129893,0.0,0.2715362689408156,0.21579045066349375,0.13121486750878866
-0.1999999999999995,0.45000000000000007,0.6000000000000002,1,1,1,0.0018537763174810106,0.00012989194164145175,0.0,0.3205559788963801,0.2189727157587751,0.1557158034753141
-0.24999999999999956,0.45000000000000007,0.6000000000000002,1,1,1,0.0018353472848734024,7.433416658507288e-05,0.0,0.36436970038764116,0.22018106996965858,0.1760543774445277
-0.2999999999999996,0.45000000000000007,0.6000000000000002,1,1,1,0.0018349918865317653,5.1184288579692894e-05,0.0,0.40558187892714637,0.22007211651202246,0.19257296713903074
-0.34999999999999964,0.45000000000000007,0.6000000000000002,1,1,1,0.0019977057408845974,4.11918157733341e-05,0.0,0.44611797310220247,0.21865155082687404,0.2050328452272196
-0.3999999999999997,0.45000000000000007,0.6000000000000002,0,0,1,0.039428487792138034,3.778007628319238e-05,0.0,0.4873923570975669,0.21560921389364276,0.2129190560196951
-0.44999999999999973,0.45000000000000007,0.6000000000000002,0,0,1,0.08995899845124694,3.773902220411508e-05,0.0,0.530235944332587,0.21068050166912528,0.21596616217451312
-0.4999999999999998,0.45000000000000007,0.6000000000000002,0,0,1,0.12608363323916244,3.9443387009946295e-05,0.0,0.5747231812506759,0.20342126280877076,0.2146669828357685
-0.5499999999999998,0.45000000000000007,0.6000000000000002,0,0,1,0.14687401323979377,4.260855777264072e-05,0.0,0.6200446202034038,0.1933421980960146,0.21008071463174657
-0.5999999999999999,0.45000000000000007,0.6000000000000002,0,0,1,0.150472859181416,4.798573309232525e-05,0.0,0.6645486620592931,0.17980411008259475,0.20313223482908227
-0.6499999999999999,0.45000000000000007,0.6000000000000002,0,0,1,0.13256332297910117,5.68394801512923e-05,0.0,0.706019605626877,0.16178116808122336,0.19417493240800499
-0.7,0.45000000000000007,0.6000000000000002,0,0,1,0.08318311464728644,7.123147118341968e-05,0.0,0.7421670707291494,0.13735623264380517,0.18296243543672772
-0.75,0.45000000000000007,0.6000000000000002,1,1,1,0.001992400107115006,9.694990540501926e-05,0.0,0.7712645192890737,0.10311041155795049,0.1687940089157435
-0.75,0.40000000000000013,0.6000000000000002,0,0,1,0.12245496289984345,9.255963156135299e-05,0.0,0.7823232152707353,0.12989366796033905,0.18375515634141754
-0.7,0.40000000000000013,0.6000000000000002,0,0,1,0.1978071152240645,5.6853622119759624e-05,0.0,0.7328625141695118,0.15907001240118224,0.19598323443165744
-0.6499999999999999,0.40000000000000013,0.6000000000000002,0,0,1,0.231478002784549,4.7373506390881656e-05,0.0,0.7048193330704029,0.1799556215977203,0.20559962950887284
-0.5999999999999999,0.40000000000000013,0.6000000000000002,0,0,1,0.24038512712309848,4.273440555637651e-05,0.0,0.6984769001413449,0.1955425876725759,0.21358187180913865
-0.5499999999999998,0.40000000000000013,0.6000000000000002,0,0,1,0.23091101726313779,4.045025245056046e-05,0.0,0.6796036933346357,0.20714027269030416,0.22027777615994762
-0.4999999999999998,0.40000000000000013,0.6000000000000002,0,0,1,0.2052131953649344,3.992587004334115e-05,0.0,0.6361521239918497,0.21540392168509692,0.225181496817439
-0.44999999999999973,0.40000000000000013,0.6000000000000002,0,0,1,0.16369789976000487,3.9865674883661914e-05,0.0,0.5949182095866634,0.22074096579057947,0.22687736792364616
-0.3999999999999997,0.40000000000000013,0.6000000000000002,0,0,1,0.1062660091297558,3.947190120369249e-05,0.0,0.5569912820158223,0.223544964198557,0.22368291751763403
-0.34999999999999964,0.40000000000000013,0.6000000000000002,0,0,1,0.03309512862189536,3.96897434742042e-05,0.0,0.5220389681061195,0.22438263538907371,0.21493376283023077
-0.2999999999999996,0.40000000000000013,0.6000000000000002,1,1,1,0.0010111278667257347,4.355777218543098e-05,0.0,0.48848340832594017,0.2258185220446318,0.20128752401185715
-0.24999999999999956,0.40000000000000013,0.6000000000000002,1,1,1,4.7394328032698465e-05,5.58185268580571e-05,0.025094376668705953,0.45375186428505376,0.22724023022017587,0.18369731360462255
-0.1999999999999995,0.40000000000000013,0.6000000000000002,1,1,1,0.0017812971474379582,8.326716927318446e-05,0.0,0.4144681750940684,0.22499629091359702,0.16272687839366007
-0.14999999999999947,0.40000000000000013,0.6000000000000002,1,1,1,0.001854384501715559,0.0001419609892758601,0.0,0.3664203408499782,0.22338431811082396,0.138586444159431
-0.09999999999999942,0.40000000000000013,0.6000000000000002,0,0,1,0.005784355210526952,0.0002964951600975076,0.0,0.3039050864956825,0.2120995388400717,0.11130421429558181
-0.09999999999999942,0.3500000000000001,0.6000000000000002,0,0,1,0.032256834691408255,5.2670862585944996e-05,0.0,0.2764219628558666,0.19223523305242193,0.11884555792495263
-0.14999999999999947,0.3500000000000001,0.6000000000000002,0,0,1,0.039536349998138556,0.00020499997033130235,0.0,0.3442533128794252,0.196253943088559,0.1452001801757036
-0.1999999999999995,0.3500000000000001,0.6000000000000002,0,0,1,0.022435287412042725,0.00010311325643406693,0.0,0.39629784454217587,0.20554416580733137,0.16910742946684976
-0.24999999999999956,0.3500000000000001,0.6000000000000002,1,1,1,0.001941253185765383,6.327594015566695e-05,0.0,0.4376804416086313,0.21259694206849591,0.1901752743468181
-0.2999999999999996,0.3500000000000001,0.6000000000000002,1,1,1,0.001883693817211232,4.601022395775301e-05,0.0,0.47237902897405304,0.21645710777463095,0.20807876759916674
-0.34999999999999964,0.3500000000000001,0.6000000000000002,0,0,1,0.09893745388323524,4.061530867209591e-05,0.0,0.5042476546884647,0.2202266709244098,0.22185268326769494
-0.3999999999999997,0.3500000000000001,0.6000000000000002,0,0,1,0.18100632582335757,4.246949384160683e-05,0.0,0.5367818497839192,0.22382535479358373,0.2295003763748808
-0.44999999999999973,0.3500000000000001,0.6000000000000002,0,0,1,0.24419190092992293,4.7619095866113624e-05,0.0,0.5726070415751545,0.22535236048695656,0.2301107828107797
-0.4999999999999998,0.3500000000000001,0.6000000000000002,0,0,1,0.28907307060219634,5.30979190986369e-05,0.0,0.6129372301685359,0.22336667362118073,0.22600301906321849
-0.5499999999999998,0.3500000000000001,0.6000000000000002,0,0,1,0.3169587283152076,5.723343306184214e-05,0.0,0.5844651837631192,0.21752026943908978,0.22000370829303906
-0.5999999999999999,0.3500000000000001,0.6000000000000002,0,0,1,0.328919503752756,5.946989005277061e-05,0.0,0.566322799629372,0.20788520268314326,0.21373394075688237
-0.6499999999999999,0.3500000000000001,0.6000000000000002,0,0,1,0.3246224929057405,6.0602241396164336e-05,0.0,0.5712566774697483,0.19432056864534278,0.20756472194094097
-0.7,0.3500000000000001,0.6000000000000002,0,0,1,0.3005671729698704,6.248807757968286e-05,0.0,0.5992627424535302,0.17613535019397367,0.20091009555883793
-0.75,0.3500000000000001,0.6000000000000002,0,0,1,0.24558608599414306,6.663188075755426e-05,0.0,0.6495072726344704,0.15139848047907464,0.19259611250596886
-0.75,0.30000000000000004,0.6000000000000002,0,0,1,0.35346853214143775,8.858497533404216e-05,0.0,0.5339901627993555,0.16795714165493916,0.2002368596938537
-0.7,0.30000000000000004,0.6000000000000002,0,0,1,0.39567938153938415,4.306949478721039e-05,0.0,0.48097968918270695,0.18941127221632126,0.20415839579204742
-0.6499999999999999,0.30000000000000004,0.6000000000000002,0,0,1,0.41508216309897217,4.152570412543543e-05,0.0,0.4512560425847467,0.20549120743761096,0.20716709275803052
-0.5999999999999999,0.30000000000000004,0.6000000000000002,0,0,1,0.4185077211263196,4.159937507896494e-05,0.0,0.4462742849747068,0.2171355377545118,0.21055665842109433
-0.5499999999999998,0.30000000000000004,0.6000000000000002,0,0,1,0.4073711674572625,5.012555496462741e-05,0.0,0.4662543699772952,0.22420841677612188,0.21484703605026614
-0.4999999999999998,0.30000000000000004,0.6000000000000002,0,0,1,0.38035511443488856,5.789309763997728e-05,0.0,0.5100009785606754,0.225729883696317,0.21948980095754406
-0.44999999999999973,0.30000000000000004,0.6000000000000002,0,0,1,0.33462580849837764,5.78298137680458e-05,0.0,0.5754105211608156,0.22114409368104454,0.22311955463220848
-0.3999999999999997,0.30000000000000004,0.6000000000000002,0,0,1,0.26710719674200945,5.159746048839521e-05,0.0,0.644630451597477,0.212988380417231,0.22388035333834178
-0.34999999999999964,0.30000000000000004,0.6000000000000002,0,0,1,0.17608264841805216,4.422917660259307e-05,0.0,0.6288522349735115,0.20498052821517893,0.2191471432223666
-0.2999999999999996,0.30000000000000004,0.6000000000000002,0,0,1,0.06224518530263598,4.4462452539277145e-05,0.0,0.61736740361787,0.1989850971182464,0.2068881688097014
-0.24999999999999956,0.30000000000000004,0.6000000000000002,0,0,1,0.022285907099073007,6.241194260536023e-05,0.0,0.6045711260558102,0.19297314083043413,0.1886606861331258
-0.1999999999999995,0.30000000000000004,0.6000000000000002,0,0,1,0.07406469870610391,0.00010206542526128814,0.0,0.5824411680407731,0.18021551020591906,0.1663225677105035
-0.14999999999999947,0.30000000000000004,0.6000000000000002,0,0,1,0.06835667423281326,0.00016775892127857318,0.0,0.5406518770686595,0.17157281538526906,0.1401078812396966
-0.09999999999999942,0.30000000000000004,0.6000000000000002,0,0,1,0.04065429669125127,0.00027753128173743045,0.0,0.46906133011166284,0.1720854786438989,0.11041289617277569
-0.09999999999999942,0.25,0.6000000000000002,0,0,1,0.029799546848058116,5.053610628934323e-05,0.0,0.4403340172978605,0.15619356066942416,0.11165258369890564
-0.14999999999999947,0.25,0.6000000000000002,0,0,1,0.08078261925527441,0.00025166959961027885,0.0,0.5289743596295309,0.15077636583899973,0.14285838468857145
-0.1999999999999995,0.25,0.6000000000000002,0,0,1,0.11644653198015639,9.183850574814574e-05,0.0,0.5833463301353805,0.1564696965554323,0.16870448846826985
-0.24999999999999956,0.25,0.6000000000000002,0,0,1,0.08243682657135128,6.452594921841082e-05,0.0,0.6068464364710584,0.17252491618484886,0.18886591759266919
-0.2999999999999996,0.25,0.6000000000000002,0,0,1,0.13859767972486364,4.2103021707163736e-05,0.0,0.6123585581225486,0.17795100165896527,0.20280905266705596
-0.34999999999999964,0.25,0.6000000000000002,0,0,1,0.26872237997884574,3.5100846034568364e-05,0.0,0.6123304887834613,0.18422921459963795,0.2090109116267844
-0.3999999999999997,0.25,0.6000000000000002,0,0,1,0.3690682869375985,4.67085576170006e-05,0.0,0.572120913491394,0.194252850541489,0.20926698782155034
-0.44999999999999973,0.25,0.6000000000000002,0,0,1,0.4385623696623624,6.416006348255975e-05,0.0,0.480825781385926,0.20735366300453606,0.20584120717311183
-0.4999999999999998,0.25,0.6000000000000002,0,0,1,0.48134825626850053,8.214907963454381e-05,0.0,0.4086229749050845,0.22007447602783112,0.20093786760344928
-0.5499999999999998,0.25,0.6000000000000002,0,0,1,0.5035945707690905,9.735466237534299e-05,0.0,0.35851052666788785,0.22622561704623784,0.19680935605837796
-0.5999999999999999,0.25,0.6000000000000002,0,0,1,0.5103920107001394,0.00010163730484921558,0.0,0.3337221630032525,0.22330885963474378,0.1952008916212803
-0.6499999999999999,0.25,0.6000000000000002,0,0,1,0.5045295410965762,8.505141062995712e-05,0.0,0.3363265895347576,0.21385226536218904,0.19653405422131293
-0.7,0.25,0.6000000000000002,0,0,1,0.4859774590740515,6.0183069212910546e-05,0.0,0.36617493088747954,0.19954618991699768,0.199723581274903
-0.75,0.25,0.6000000000000002,0,0,1,0.45057479803857975,5.355160733275634e-05,0.0,0.42106760924340003,0.18047320544950343,0.2029744027202601
-0.75,0.2,0.6000000000000002,0,0,1,0.5402104681897167,0.00010141268535817616,0.0,0.33489298702669634,0.1896960438373684,0.19892759112797403
-0.7,0.2,0.6000000000000002,0,0,1,0.5728564375890302,0.00010287543797002157,0.0,0.27507558038212476,0.20698325217778982,0.1899193447963186
-0.6499999999999999,0.2,0.6000000000000002,0,0,1,0.5933680755480784,8.510501261654074e-05,0.0,0.24146643431546533,0.2196595023406851,0.18249292143560486
-0.5999999999999999,0.2,0.6000000000000002,0,0,1,0.6045336813135409,4.5398070836722225e-05,0.0,0.23731632465019814,0.22629401457212217,0.17927302457443892
-0.5499999999999998,0.2,0.6000000000000002,0,0,1,0.6057870919232963,8.252411827144422e-05,0.0,0.26310565907240724,0.2227643148303302,0.18096148330629974
-0.4999999999999998,0.2,0.6000000000000002,0,0,1,0.5934851790004132,0.00010615208338427847,0.0,0.31613994444633864,0.20780204072891098,0.1862205714370536
-0.44999999999999973,0.2,0.6000000000000002,0,0,1,0.5602036047011516,9.329091635096544e-05,0.0,0.3921205030336945,0.18873950746639015,0.1923914783484974
-0.3999999999999997,0.2,0.6000000000000002,0,0,1,0.4942513487421312,6.905147283440436e-05,0.0,0.4871265497873378,0.1719731859644939,0.1963571161134682
-0.34999999999999964,0.2,0.6000000000000002,0,0,1,0.3842170084433725,4.632287423699239e-05,0.0,0.59870569351687,0.16103420486068973,0.19484171974897657
-0.2999999999999996,0.2,0.6000000000000002,0,0,1,0.2315339168715463,5.179538522315155e-05,0.0,0.670681505591141,0.1560595962137882,0.1844301436476226
-0.24999999999999956,0.2,0.6000000000000002,0,0,1,0.13915061732648057,0.00014396134056871452,0.0,0.626470362973885,0.15405447642705056,0.1625510634938255
-0.1999999999999995,0.2,0.6000000000000002,0,0,1,0.14724042103709115,0.0005110535374233196,0.0,0.6069580559681271,0.13564987200499434,0.12676473592061877
-0.14999999999999947,0.2,0.6000000000000002,0,0,1,0.07485432850646202,9.434507314818193e-05,0.0,0.6185586579844755,0.1341408468256082,0.07288423992475711
-0.09999999999999942,0.2,0.6000000000000002,1,1,1,0.001946685272268629,0.0019334559438552842,0.0,0.5969750276251475,0.14443788995224452,0.08799000554141996
-0.09999999999999942,0.15,0.6000000000000002,1,1,1,9.037938591661152e-05,0.0003013416244149629,0.010987588938801585,0.3624278004227639,0.13781506612943528,0.0717967458499664
-0.14999999999999947,0.15,0.6000000000000002,0,0,1,0.04830373682009818,0.00014898977198868848,0.0,0.5099894208449336,0.121554329131164,0.06272191292477265
-0.1999999999999995,0.15,0.6000000000000002,0,0,1,0.16262055943847495,0.00021643563231523038,0.0,0.5286398558393013,0.11852178174442082,0.129170112016503
-0.24999999999999956,0.15,0.6000000000000002,0,0,1,0.21542911836923623,0.0005018218845300226,0.0,0.5642517769957718,0.1352356999941662,0.16309328917733956
-0.2999999999999996,0.15,0.6000000000000002,0,0,1,0.3483065440809723,9.3581783893447e-05,0.0,0.6200990864646192,0.13345765385049368,0.18024710544887254
-0.34999999999999964,0.15,0.6000000000000002,0,0,1,0.5415292000600589,4.514455907564075e-05,0.0,0.5538449644769834,0.134708742866021,0.1848142520003088
-0.3999999999999997,0.15,0.6000000000000002,0,0,1,0.6559639280753092,6.705168102822888e-05,0.0,0.43717815549139694,0.14761439789608669,0.18096145985251808
-0.44999999999999973,0.15,0.6000000000000002,0,0,1,0.7026341655990006,9.193848215615498e-05,0.0,0.3346635149012127,0.16960570525773627,0.17218450986082223
-0.4999999999999998,0.15,0.6000000000000002,0,0,1,0.7156199894657387,0.00012232759811793187,0.0,0.24833645451606978,0.19421973230571657,0.16177649272530717
-0.5499999999999998,0.15,0.6000000000000002,0,0,1,0.7120637965521269,0.00016427767587209177,0.0,0.1828958246958896,0.2158815062668456,0.15349975327994145
-0.5999999999999999,0.15,0.6000000000000002,0,0,1,0.6994906827391741,0.0002144183800584873,0.0,0.14552194953826492,0.22643046278770604,0.1505176738211684
-0.6499999999999999,0.15,0.6000000000000002,0,0,1,0.680943710524242,0.00018604424721075134,0.0,0.14232174436350364,0.2231979314787167,0.15421713304917484
-0.7,0.15,0.6000000000000002,0,0,1,0.6566568555989828,8.032138145600786e-05,0.0,0.164010268704327,0.21204852203352104,0.16461231215539868
-0.75,0.15,0.6000000000000002,0,0,1,0.6242407017251594,0.00011848047677337287,0.0,0.15324441825715285,0.196142507691951,0.18068464264436684
-0.75,0.15,0.6500000000000002,0,0,1,0.5868078262838858,7.578617758230213e-05,0.0,0.2267877779372005,0.194529282973074,0.20554265305598637
-0.7,0.15,0.6500000000000002,0,0,1,0.629488811417293,0.0001038124255488552,0.0,0.24632400714181402,0.21018481437467842,0.1925971466896867
-0.6499999999999999,0.15,0.6500000000000002,0,0,1,0.659032942142843,6.904423871274141e-05,0.0,0.2778555129671525,0.2220469635446227,0.18281997515058185
-0.5999999999999999,0.15,0.6500000000000002,0,0,1,0.677736142028737,5.834749950723198e-05,0.0,0.2798858047493433,0.22778335068147093,0.1773295229817837
-0.5499999999999998,0.15,0.6500000000000002,0,0,1,0.6845296709430665,0.000114929997321576,0.0,0.31167376402810953,0.22213792371126406,0.17612315993111033
-0.4999999999999998,0.15,0.6500000000000002,0,0,1,0.6735076728910652,0.0001180135904835038,0.0,0.3702542953990915,0.20499153850983554,0.1784671086313445
-0.44999999999999973,0.15,0.6500000000000002,0,0,1,0.6302733605143968,8.754539644750317e-05,0.0,0.45079508356434506,0.18602865448242337,0.18277431679701833
-0.3999999999999997,0.15,0.6500000000000002,0,0,1,0.5317199563071338,5.89480151467453e-05,0.0,0.5403939348519176,0.17341095989394603,0.18666706155031024
-0.34999999999999964,0.15,0.6500000000000002,0,0,1,0.3774038972002053,4.5217901436139896e-05,0.0,0.5767248712641182,0.16901594792891092,0.1875701469137748
-0.2999999999999996,0.15,0.6500000000000002,0,0,1,0.1985003837956484,5.973100654387939e-05,0.0,0.626756872242487,0.16774628423671906,0.1828580725929364
-0.24999999999999956,0.15,0.6500000000000002,0,0,1,0.09690278124273362,0.00012942000727100077,0.0,0.6874872065622046,0.16253465362124223,0.16809242395656587
-0.1999999999999995,0.15,0.6500000000000002,0,0,1,0.023402137965131995,0.00036830734850608386,0.0,0.692781655532325,0.14437213591286543,0.13759892944778718
-0.14999999999999947,0.15,0.6500000000000002,1,1,1,0.00010412339579853427,0.0011242566099552082,0.024524611492988457,0.6993484705935669,0.149033909964909,0.09209725433008696
-0.09999999999999942,0.15,0.6500000000000002,1,1,1,0.001866599469216466,2.849429565767169e-05,0.0,0.696152663924249,0.1499444022344149,0.06193771498278191
-0.09999999999999942,0.2,0.6500000000000002,1,1,1,0.0010731722212701366,0.00032165825789675457,0.0,0.8269259078433022,0.15936465988068074,0.05450546662929124
-0.14999999999999947,0.2,0.6500000000000002,1,1,1,0.0019710561085119413,0.0005302738616617762,0.0,0.7867498632717833,0.16082686296086138,0.03631990925200675
-0.1999999999999995,0.2,0.6500000000000002,0,0,1,0.020921041502276822,6.482577417880193e-05,0.0,0.7228066083094062,0.1599386847568319,0.12132088067403535
-0.24999999999999956,0.2,0.6500000000000002,0,0,1,0.04814703603307288,0.000914205408183948,0.0,0.724528255134024,0.17712803049976392,0.16165128730005598
-0.2999999999999996,0.2,0.6500000000000002,0,0,1,0.12554728861648728,0.00016107845033761997,0.0,0.7586771779255677,0.18423438623574767,0.18713354917865613
-0.34999999999999964,0.2,0.6500000000000002,0,0,1,0.2735103137721909,3.92903578026303e-05,0.0,0.6918333228277209,0.18871315304222067,0.2022715182411949
-0.3999999999999997,0.2,0.6500000000000002,0,0,1,0.3965562163228672,3.150546706684617e-05,0.0,0.5870090383977948,0.19591200375176906,0.20869824955213026
-0.44999999999999973,0.2,0.6500000000000002,0,0,1,0.48572174313094624,5.124162345954217e-05,0.0,0.49966265745343197,0.20690672818160216,0.2091686019677818
-0.4999999999999998,0.2,0.6500000000000002,0,0,1,0.5393465383545357,6.797005878724826e-05,0.0,0.43163635649890386,0.21957084663219642,0.2067558065542446
-0.5499999999999998,0.2,0.6500000000000002,0,0,1,0.5644668666524157,7.802029184757562e-05,0.0,0.38556269166796975,0.22716663805607756,0.20408372317270887
-0.5999999999999999,0.2,0.6500000000000002,0,0,1,0.5690231886990819,7.367151881955208e-05,0.0,0.3640713313148476,0.2252840231956027,0.2031164508328065
-0.6499999999999999,0.2,0.6500000000000002,0,0,1,0.5575975498624565,5.273348247421219e-05,0.0,0.36870615302739385,0.21636962963124973,0.20467630227664194
-0.7,0.2,0.6500000000000002,0,0,1,0.5305995133093969,4.2053456311385045e-05,0.0,0.3991911632243208,0.20261469713028568,0.20813773379344028
-0.75,0.2,0.6500000000000002,0,0,1,0.48280502526179353,5.3718157713102455e-05,0.0,0.45359300577890327,0.18439356169653975,0.21192655013636638
-0.75,0.25,0.6500000000000002,0,0,1,0.37187862745631345,5.960210254217959e-05,0.0,0.5344800988914025,0.17114557473192485,0.21142451572594986
-0.7,0.25,0.6500000000000002,0,0,1,0.42876761899637,4.7592274685137396e-05,0.0,0.48321147132250086,0.1924927154324414,0.21213701466902116
-0.6499999999999999,0.25,0.6500000000000002,0,0,1,0.4563591921354546,3.9644091662236614e-05,0.0,0.4549488131237047,0.20822756637381967,0.21256601279770376
-0.5999999999999999,0.25,0.6500000000000002,0,0,1,0.46426361303328206,3.6005074586520864e-05,0.0,0.4512333192741287,0.21947017117942919,0.2136820817370865
-0.5499999999999998,0.25,0.6500000000000002,0,0,1,0.45410022257956884,4.738196335863089e-05,0.0,0.4723227723915451,0.22596211175600123,0.2157723005876264
-0.4999999999999998,0.25,0.6500000000000002,0,0,1,0.4238439668185787,5.668236907203904e-05,0.0,0.5170474311562412,0.22660411232272393,0.21830207048831815
-0.44999999999999973,0.25,0.6500000000000002,0,0,1,0.36991418603447984,5.542964700040809e-05,0.0,0.5833157110687601,0.2213683339298198,0.22007273104388303
-0.3999999999999997,0.25,0.6500000000000002,0,0,1,0.2897442181993024,4.729872060772907e-05,0.0,0.6689542081527446,0.21359238343164916,0.21924003498243638
-0.34999999999999964,0.25,0.6500000000000002,0,0,1,0.18405469583397185,4.030100496787317e-05,0.0,0.6767876735033735,0.2065476510589372,0.21291464097889426
-0.2999999999999996,0.25,0.6500000000000002,0,0,1,0.05619617025086248,5.3206281566877797e-05,0.0,0.6863255961392944,0.20118623502115562,0.19829722232849914
-0.24999999999999956,0.25,0.6500000000000002,1,1,1,0.001974344246939893,0.00010692822944538872,0.0,0.6973768204488993,0.19367533869482575,0.17653520002728043
-0.1999999999999995,0.25,0.6500000000000002,1,1,1,0.0016793798586381423,0.00022168476699327815,0.0,0.6989176155650445,0.17903449615481062,0.14993956366268085
-0.14999999999999947,0.25,0.6500000000000002,1,1,1,0.0018554017506527073,0.0004018362769761243,0.0,0.6689392439019741,0.17125226920651393,0.11949026614120396
-0.09999999999999942,0.25,0.6500000000000002,1,1,1,0.0013744449125336834,0.00046756237871849535,0.0,0.579031296125319,0.1722670021250133,0.08550283205029863
-0.09999999999999942,0.30000000000000004,0.6500000000000002,1,1,1,6.469472542681867e-05,0.00012045170194483595,0.027958210555391827,0.5987134514758052,0.19280095390782315,0.08715664644302112
-0.14999999999999947,0.30000000000000004,0.6500000000000002,1,1,1,0.0018419197361362696,0.0011311839634782315,0.0,0.7607258247917914,0.1955280057707152,0.11147106307926123
-0.1999999999999995,0.30000000000000004,0.6500000000000002,1,1,1,0.0018873773568166027,0.00035788335097130413,0.0,0.8698750829767765,0.2013961839840217,0.1344685136045402
-0.24999999999999956,0.30000000000000004,0.6500000000000002,1,1,1,0.0019308445175171035,0.0001558390469335108,0.0,0.88581125559131,0.21090754070324627,0.15864533934138708
-0.2999999999999996,0.30000000000000004,0.6500000000000002,1,1,1,0.001953416489847054,0.00013539311333593863,0.0,0.8827171186066081,0.21619814523651487,0.18218266048376125
-0.34999999999999964,0.30000000000000004,0.6500000000000002,0,0,1,0.10515897185529378,6.132860025015143e-05,0.0,0.8460601881498642,0.22027751883608407,0.20119472134129304
-0.3999999999999997,0.30000000000000004,0.6500000000000002,0,0,1,0.19842351935824276,3.143819293553317e-05,0.0,0.7480420003129691,0.224236467794821,0.21464704899779644
-0.44999999999999973,0.30000000000000004,0.6500000000000002,0,0,1,0.27079711186519756,3.372770565166807e-05,0.0,0.6691550548691079,0.22641963497167422,0.2227483039419292
-0.4999999999999998,0.30000000000000004,0.6500000000000002,0,0,1,0.3218508486852184,4.065934038739806e-05,0.0,0.6103035781389337,0.2251863532246936,0.22632659967670843
-0.5499999999999998,0.30000000000000004,0.6500000000000002,0,0,1,0.35247104826115777,4.352047046517802e-05,0.0,0.5728061867174286,0.21995847971617807,0.22639976549527518
-0.5999999999999999,0.30000000000000004,0.6500000000000002,0,0,1,0.36381631429500294,4.194722237195787e-05,0.0,0.5578610223169393,0.21078747153420277,0.22410337432700167
-0.6499999999999999,0.30000000000000004,0.6500000000000002,0,0,1,0.3556118616174776,3.989038839614215e-05,0.0,0.5660542619990543,0.19757828488588522,0.22052106471108593
-0.7,0.30000000000000004,0.6500000000000002,0,0,1,0.32360648772870526,4.1592586214129266e-05,0.0,0.597114310049434,0.17961035660467634,0.21587355569915576
-0.75,0.30000000000000004,0.6500000000000002,0,0,1,0.2531901285358717,4.5498934370271324e-05,0.0,0.6500384068384473,0.15454618505241166,0.20933519003166734
-0.75,0.3500000000000001,0.6500000000000002,0,0,1,0.12616553519140775,6.691014214318562e-05,0.0,0.7594411244537498,0.13454245212348878,0.20368407151260612
-0.7,0.3500000000000001,0.6500000000000002,0,0,1,0.21346833524203288,3.657806059273742e-05,0.0,0.7087950497151589,0.1636335475703115,0.21334588747116767
-0.6499999999999999,0.3500000000000001,0.6500000000000002,0,0,1,0.25410402945907623,3.3595393647141765e-05,0.0,0.6793532653498429,0.18423590967364206,0.22052998967994525
-0.5999999999999999,0.3500000000000001,0.6500000000000002,0,0,1,0.2662929830119865,3.1426698890558104e-05,0.0,0.6716959615401183,0.199432717038283,0.22586728145923882
-0.5499999999999998,0.3500000000000001,0.6500000000000002,0,0,1,0.2571764341617819,3.1361837987639606e-05,0.0,0.6859392134600877,0.21058126095708324,0.22919593822777812
-0.4999999999999998,0.3500000000000001,0.6500000000000002,0,0,1,0.229086311772086,3.353740637086713e-05,0.0,0.7216371641036115,0.21832892455375305,0.22958386126451008
-0.44999999999999973,0.3500000000000001,0.6500000000000002,0,0,1,0.18249346291500043,3.569980787231184e-05,0.0,0.7779349698242495,0.22307295368750638,0.2259269650750063
-0.3999999999999997,0.3500000000000001,0.6500000000000002,0,0,1,0.11751960671323139,3.7463718767302984e-05,0.0,0.833835289640974,0.22522238682180176,0.21754434048092977
-0.34999999999999964,0.3500000000000001,0.6500000000000002,0,0,1,0.03472709815666703,4.335900313618266e-05,0.0,0.8152431552293604,0.22539007491088803,0.20431614214495844
-0.2999999999999996,0.3500000000000001,0.6500000000000002,1,1,1,4.283974186545971e-05,6.327636940033578e-05,0.03765737032226513,0.7974752569133388,0.22560344917030425,0.1866116228666177
-0.24999999999999956,0.3500000000000001,0.6500000000000002,1,1,1,5.119013237351199e-05,0.00010679316189173879,0.024338595666717033,0.7740252285202909,0.22651649496190474,0.16513687999771276
-0.1999999999999995,0.3500000000000001,0.6500000000000002,1,1,1,0.0019056944316095756,0.00017471665798102497,0.0,0.7340016913716179,0.22450291514612797,0.1408142891843714
-0.14999999999999947,0.3500000000000001,0.6500000000000002,1,1,1,0.0017963694152937993,0.00025914192302929346,0.0,0.6628536095421338,0.21712029983949466,0.11488401355927996
-0.09999999999999942,0.3500000000000001,0.6500000000000002,1,1,1,0.0015168162213892874,0.0006710389111589713,0.0,0.5477270895001634,0.20844276670316472,0.09059543291646796
-0.09999999999999942,0.40000000000000013,0.6500000000000002,1,1,1,6.122902399165868e-05,0.00019264559989276808,0.05358920908775466,0.5417573431399489,0.21467622152242316,0.08605609900699099
-0.14999999999999947,0.40000000000000013,0.6500000000000002,1,1,1,0.0019236740939162535,0.0006182281792490256,0.0,0.7050399820480715,0.21955523941793068,0.1064062199012715
-0.1999999999999995,0.40000000000000013,0.6500000000000002,1,1,1,0.001991659303188513,0.00038190004673801825,0.0,0.8344162417356702,0.2219862973266967,0.12674205518089346
-0.24999999999999956,0.40000000000000013,0.6500000000000002,1,1,1,0.0019848966334550804,0.00015148405015001862,0.0,0.9288865120963152,0.2228678638157717,0.14663904596476748
-0.2999999999999996,0.40000000000000013,0.6500000000000002,1,1,1,0.0018982650649445375,7.483090382803139e-05,0.0,0.9911162005470682,0.22279836950845242,0.16620830419416724
-0.34999999999999964,0.40000000000000013,0.6500000000000002,1,1,1,0.0018402953559221206,6.314065859011225e-05,0.0,1.0090109953125417,0.22168586100590176,0.1845497336459917
-0.3999999999999997,0.40000000000000013,0.6500000000000002,0,0,1,0.044083459930537104,4.53245855317624e-05,0.0,0.9675328975335482,0.21907182684922102,0.20020931394120872
-0.44999999999999973,0.40000000000000013,0.6500000000000002,0,0,1,0.10146162695936133,3.470572776429266e-05,0.0,0.8948576946153941,0.21461708658803236,0.21239919648501135
-0.4999999999999998,0.40000000000000013,0.6500000000000002,0,0,1,0.1422788697513409,3.119540838494069e-05,0.0,0.8421671476356978,0.20785013530057592,0.22090741249710627
-0.5499999999999998,0.40000000000000013,0.6500000000000002,0,0,1,0.16554791552941187,3.0068184649708248e-05,0.0,0.8098564157193997,0.19827554793724486,0.22578277858781254
-0.5999999999999999,0.40000000000000013,0.6500000000000002,0,0,1,0.16940429870319912,2.962569490557011e-05,0.0,0.7983114385047929,0.1852672341554471,0.22719623968445346
-0.6499999999999999,0.40000000000000013,0.6500000000000002,0,0,1,0.1495199762593515,3.0525751892690616e-05,0.0,0.8076904595454244,0.16783653296639187,0.22540079408615124
-0.7,0.40000000000000013,0.6500000000000002,0,0,1,0.09615856865159095,3.3323825225244176e-05,0.0,0.8115104734929277,0.1441887311402317,0.22059146241608502
-0.75,0.40000000000000013,0.6500000000000002,1,1,1,0.0019899895912683283,3.782993497754351e-05,0.0,0.7041154466028323,0.11157614774292046,0.21273738750986176
-0.75,0.45000000000000007,0.6500000000000002,1,1,1,0.00041411083128348154,4.177056220389685e-05,0.032219444205151326,0.713120099085709,0.0818513627272374,0.20390650893494872
-0.7,0.45000000000000007,0.6500000000000002,1,1,1,2.081814537753436e-05,3.0968943184601234e-05,0.0006238540590304265,0.8233106751452521,0.12118874463958307,0.21224802039080126
-0.6499999999999999,0.45000000000000007,0.6500000000000002,0,0,1,0.039031397990671214,2.965527971506615e-05,0.0,0.931249337744656,0.14791817616982636,0.21765194199232313
-0.5999999999999999,0.45000000000000007,0.6500000000000002,0,0,1,0.07025895334141999,2.9241901159817954e-05,0.0,0.9363476451388753,0.16791308570905852,0.21997329513933003
-0.5499999999999998,0.45000000000000007,0.6500000000000002,0,0,1,0.0747001689065868,3.0079844490857494e-05,0.0,0.9476643391413995,0.18293376362765545,0.21899671604663143
-0.4999999999999998,0.45000000000000007,0.6500000000000002,0,0,1,0.0584902647611094,3.25731115922911e-05,0.0,0.9790677906074765,0.1942105760072973,0.21451818898841027
-0.44999999999999973,0.45000000000000007,0.6500000000000002,0,0,1,0.02485720564668024,3.7056418695342956e-05,0.0,1.0303669062210887,0.20253547156744806,0.20644914592042124
-0.3999999999999997,0.45000000000000007,0.6500000000000002,1,1,1,0.00179204920152621,4.4780692177127404e-05,0.0,0.9976303022744901,0.20853352627907876,0.1948619854373187
-0.34999999999999964,0.45000000000000007,0.6500000000000002,1,1,1,4.00605727189539e-05,5.8855842313321134e-05,0.03655098147807889,0.9587349901935833,0.21309254432841448,0.18001280172003542
-0.2999999999999996,0.45000000000000007,0.6500000000000002,1,1,1,3.957267781363843e-05,8.370854539145958e-05,0.087180753901134,0.9133762001474199,0.21611213157123343,0.16237478956283027
-0.24999999999999956,0.45000000000000007,0.6500000000000002,1,1,1,3.663482177608108e-05,0.00012466757452093472,0.1284515155231336,0.8543626680316252,0.21759923756476754,0.14261524450618804
-0.1999999999999995,0.45000000000000007,0.6500000000000002,1,1,1,3.301432464302499e-05,0.0002091095322716356,0.032375777406224104,0.7728377594727731,0.21732179716366215,0.1214554798632826
-0.14999999999999947,0.45000000000000007,0.6500000000000002,1,1,1,0.0018710703321087384,0.0004696029357980466,0.0,0.6606219074682667,0.21362783978783187,0.09937655007232363
-0.09999999999999942,0.45000000000000007,0.6500000000000002,1,1,1,0.0018687140492307983,0.0012801483214066709,0.0,0.5112245950638834,0.20679269094325808,0.07376618336434221
-0.09999999999999942,0.5000000000000001,0.6500000000000002,1,1,1,6.25690405413119e-05,0.0004741204964321095,0.07488065999616844,0.4502119258676127,0.19399696039305644,0.03526946284278301
-0.14999999999999947,0.5000000000000001,0.6500000000000002,1,1,1,3.4207563292223744e-05,0.00016054156718288995,0.09177290428634866,0.6529091031541956,0.199015113333692,0.0814573408361157
-0.1999999999999995,0.5000000000000001,0.6500000000000002,1,1,1,3.013744807164745e-05,0.0005439752796970669,0.034803102172139555,0.8116149942303945,0.20166813527140012,0.10472442923422205
-0.24999999999999956,0.5000000000000001,0.6500000000000002,1,1,1,0.001932486525829582,0.00025286876675495034,0.0,0.9430922253544223,0.20249720148339825,0.12285964309271492
-0.2999999999999996,0.5000000000000001,0.6500000000000002,1,1,1,0.0019672212668015764,0.00013240952200357223,0.0,1.0503627942548717,0.20184019620689797,0.13904403528755016
-0.34999999999999964,0.5000000000000001,0.6500000000000002,1,1,1,0.0018551078578210286,7.266215576996103e-05,0.0,1.134892020986189,0.19921811765830064,0.15422889081598629
-0.3999999999999997,0.5000000000000001,0.6500000000000002,1,1,1,0.0017965555548951587,5.559841718533878e-05,0.0,1.1318143737245292,0.19445644681091842,0.16849866882243797
-0.44999999999999973,0.5000000000000001,0.6500000000000002,1,1,1,0.001955421212503533,4.7842573933883e-05,0.0,1.130570379425557,0.18730450374552657,0.18122054251553543
-0.4999999999999998,0.5000000000000001,0.6500000000000002,1,1,1,0.0016524501464714343,4.119135535675042e-05,0.0,1.1296216525772307,0.1774174298857509,0.19169206054681948
-0.5499999999999998,0.5000000000000001,0.6500000000000002,1,1,1,6.453045559415823e-05,3.6453348571420105e-05,0.0068617201351584,1.0989457513714225,0.16430573053513414,0.19945333015625877
-0.5999999999999999,0.5000000000000001,0.6500000000000002,1,1,1,0.0016668549630567617,3.3561735198595545e-05,0.0,0.994839080015093,0.1469775561590395,0.20423657170336038
-0.6499999999999999,0.5000000000000001,0.6500000000000002,1,1,1,0.001568669240017812,3.222603553265695e-05,0.0,0.8905548442994198,0.12368275809115324,0.20585899858643067
-0.7,0.5000000000000001,0.6500000000000002,1,1,1,0.0016606226262909315,3.24260442965352e-05,0.0,0.7889110211163903,0.08984828530526041,0.20417487436353943
-0.75,0.5000000000000001,0.6500000000000002,1,1,1,0.0018394177818029406,3.438136552924086e-05,0.0,0.6892386598986713,0.018311662920962975,0.19907682977650373
-0.75,0.5500000000000002,0.6500000000000002,0,0,1,0.0599603050379158,5.3314229921513826e-05,0.0,0.7241156717724861,0.04002746104036037,0.18101812116347915
-0.7,0.5500000000000002,0.6500000000000002,1,1,1,0.00063658800331401,3.4423244390645666e-05,0.03411581938359509,0.8224443825997803,0.02740750047295616,0.18676118878305495
-0.6499999999999999,0.5500000000000002,0.6500000000000002,1,1,1,0.00020986617658617812,3.377538208951165e-05,0.05302943085200873,0.9231130893097292,0.089085273052084,0.18921587517380042
-0.5999999999999999,0.5500000000000002,0.6500000000000002,1,1,1,0.0002973941051452622,3.523778625748017e-05,0.07573320199363343,1.0262818879226852,0.11991553528985972,0.18846009655234663
-0.5499999999999998,0.5500000000000002,0.6500000000000002,1,1,1,0.00010782212721267794,3.868527418995766e-05,0.038002785447520004,1.132258645138766,0.1410108825046287,0.18460962511731777
-0.4999999999999998,0.5500000000000002,0.6500000000000002,1,1,1,6.56902502162989e-05,4.4460285463210285e-05,0.012364876014429038,1.1978225687704043,0.15655591436471428,0.17782532538790452
-0.44999999999999973,0.5500000000000002,0.6500000000000002,1,1,1,4.552339427044356e-05,5.349771431998712e-05,0.003127512119729614,1.1960518648824847,0.16806455103850634,0.16832865263651692
-0.3999999999999997,0.5500000000000002,0.6500000000000002,1,1,1,4.265571889845106e-05,6.784195176524964e-05,0.007024155330259019,1.1391823542263024,0.17640560381831089,0.15640694547106834
-0.34999999999999964,0.5500000000000002,0.6500000000000002,1,1,1,3.862074008967118e-05,9.22969157198885e-05,0.0230190615645971,1.0686756904319792,0.1821227968949761,0.14235470593331026
-0.2999999999999996,0.5500000000000002,0.6500000000000002,1,1,1,3.5950500776267526e-05,0.00014093011261010141,0.049651408003465125,0.983897875427086,0.18555659089570567,0.12626840032273723
-0.24999999999999956,0.5500000000000002,0.6500000000000002,1,1,1,3.407434952215303e-05,0.0002583106794697732,0.08528367349687627,0.8796962495745337,0.1868719096410462,0.10760612479423051
-0.1999999999999995,0.5500000000000002,0.6500000000000002,1,1,1,3.322200712577412e-05,0.0006110338272373355,0.12799395269182434,0.7504107605799439,0.18607717283612088,0.08391515825913685
-0.14999999999999947,0.5500000000000002,0.6500000000000002,1,1,1,3.422425019666767e-05,0.0003489553583004584,0.1695432603784729,0.5630675283559343,0.18306413072918892,0.04086583703864372
-0.09999999999999942,0.5500000000000002,0.6500000000000002,0,1,0,3.826059795666674e-05,0.04136294840486374,0.1007221976696131,0.6677114432288842,0.17766564809235677,0.047559619487817076
-0.09999999999999942,0.6000000000000002,0.6500000000000002,0,1,0,0.00011197559406352096,0.10471034675411729,0.19461624231160857,0.0,0.15510923139752902,0.04532379760703908
-0.14999999999999947,0.6000000000000002,0.6500000000000002,0,1,0,4.106614935241988e-05,0.04273740752068714,0.19761254345017498,0.6904601039683269,0.16115109737154362,0.050763213912676956
-0.1999999999999995,0.6000000000000002,0.6500000000000002,1,1,1,3.77647008751065e-05,0.0012562706519213904,0.16009640634123734,0.4813423867206181,0.16454881327714774,0.029787874203672668
-0.24999999999999956,0.6000000000000002,0.6500000000000002,1,1,1,3.7292835664511054e-05,0.000117369396925978,0.1273338759109064,0.8297578699587231,0.16543768162397576,0.07672133233060137
-0.2999999999999996,0.6000000000000002,0.6500000000000002,1,1,1,3.935947282612125e-05,0.0003878202736066111,0.10126890492838769,0.9855939979942512,0.16386444773222003,0.10044773642263265
-0.34999999999999964,0.6000000000000002,0.6500000000000002,1,1,1,4.402571692539865e-05,0.00015690581801335168,0.08373768766634981,1.1049377346118412,0.15974553446417267,0.11694514528234144
-0.3999999999999997,0.6000000000000002,0.6500000000000002,1,1,1,5.219635089304206e-05,9.217593883641786e-05,0.07652549804834674,1.2076869957468745,0.15283243571907007,0.1299453377348835
-0.44999999999999973,0.6000000000000002,0.6500000000000002,1,1,1,6.67609555524367e-05,6.511702111505162e-05,0.08157028029955482,1.2945477220684687,0.1426515760368617,0.14060264879806933
-0.4999999999999998,0.6000000000000002,0.6500000000000002,1,1,1,9.633365220965887e-05,5.36504806581912e-05,0.10145749332111942,1.2775235938523384,0.1283604818020211,0.14928592374724522
-0.5499999999999998,0.6000000000000002,0.6500000000000002,1,1,1,0.00017213574378305779,4.825572616675287e-05,0.1052072947333742,1.1726231585113742,0.10832452223791536,0.15591478302319467
-0.5999999999999999,0.6000000000000002,0.6500000000000002,1,1,1,0.00047401218113410945,4.5443346722577656e-05,0.0818141766743774,1.0691122095357666,0.078500710532638,0.16019608003631808
-0.6499999999999999,0.6000000000000002,0.6500000000000002,1,1,1,0.0017719295920500427,4.445604177073948e-05,0.06439104094570025,0.9699980508871198,0.005471237787276796,0.16177148176909129
-0.7,0.6000000000000002,0.6500000000000002,0,0,1,0.05831492581572617,4.5586564692481564e-05,0.0,0.8753747623170334,0.041507794680775985,0.16027483275973153
-0.75,0.6000000000000002,0.6500000000000002,0,0,1,0.6194245561774478,4.992409095543387e-05,0.0,0.7851319183739536,0.012602941161026502,0.15533392944311983
-0.75,0.6500000000000002,0.6500000000000002,0,0,1,2.3840117773128067,0.0002472384201941211,0.0,0.8318350354047663,0.04557184567660763,0.12343840996257788
-0.7,0.6500000000000002,0.6500000000000002,0,0,1,2.8487406219130476,6.074710524956586e-05,0.0,0.9183656453540303,0.045940711728363,0.1306352793953355
-0.6499999999999999,0.6500000000000002,0.6500000000000002,0,0,1,0.054766391923087576,5.6065773428390403e-05,0.0,1.008740133512312,0.04436793015411643,0.13403316996059833
-0.5999999999999999,0.6500000000000002,0.6500000000000002,0,0,1,0.01711908194004812,5.728985004529552e-05,0.0,1.1024334412766439,0.020815720841699227,0.13399794511065785
-0.5499999999999998,0.6500000000000002,0.6500000000000002,1,1,1,0.0014323053834344743,6.360742118242856e-05,0.1299239253279989,1.1963735268924225,0.0496569352237598,0.1308372000650306
-0.4999999999999998,0.6500000000000002,0.6500000000000002,1,1,1,0.0008079691434281481,7.652390966299598e-05,0.15483263849924755,1.159801310477231,0.08687475554304462,0.12470530292857522
-0.44999999999999973,0.6500000000000002,0.6500000000000002,1,1,1,0.000156100581897714,0.00010154003471901753,0.1669997225606763,1.0976363506512044,0.1067788801342094,0.11552932974894925
-0.3999999999999997,0.6500000000000002,0.6500000000000002,1,1,1,8.770481299420067e-05,0.00015523434242618707,0.147793289874395,1.0055084462348294,0.12038681552123012,0.10279417321117237
-0.34999999999999964,0.6500000000000002,0.6500000000000002,1,1,1,6.376444240784581e-05,0.00029898032054207185,0.14348581561856188,0.873001709585389,0.12936262562726059,0.0849397858016765
-0.2999999999999996,0.6500000000000002,0.6500000000000002,1,1,1,5.4167894028269966e-05,0.0009239594800533214,0.15080014166430789,0.668455908280031,0.13465395422663787,0.05690871962070294
-0.24999999999999956,0.6500000000000002,0.6500000000000002,0,1,0,5.100048927264266e-05,0.007279328415968046,0.16744895256301207,0.30439969595172334,0.136724561112885,0.0015126195309874766
-0.1999999999999995,0.6500000000000002,0.6500000000000002,0,1,0,5.2283029890981536e-05,0.06045534032604421,0.1915466992843451,0.0,0.13575381895838118,0.04453386173960208
-0.14999999999999947,0.6500000000000002,0.6500000000000002,0,1,0,5.839816558005702e-05,0.8766924013911662,0.2214250359901624,0.0,0.1317025584989748,0.045066476660721624
-0.09999999999999942,0.6500000000000002,0.6500000000000002,0,1,0,7.199037540977084e-05,2.6781543494974587,0.2556594436513864,0.0,0.12430424965773464,0.045571845676607686
-0.09999999999999942,0.7000000000000002,0.6500000000000002,0,1,0,0.0010948629190927492,2.8335370917594966,0.3000780938098453,0.0,0.07710004443495701,0.07145003873592909
-0.14999999999999947,0.7000000000000002,0.6500000000000002,0,1,0,0.00011128614320010523,2.6662496707664505,0.2886135636589202,0.0,0.08751446667469277,0.045571845676607686
-0.1999999999999995,0.7000000000000002,0.6500000000000002,0,1,0,9.227854114400276e-05,2.645231048202063,0.27326371777443415,0.0,0.09333416365711933,0.045571845676607686
-0.24999999999999956,0.7000000000000002,0.6500000000000002,0,1,0,9.023758108801208e-05,0.07830622113952311,0.2547199058474954,0.8068677381771452,0.09454325461143158,0.09633731093561368
-0.2999999999999996,0.7000000000000002,0.6500000000000002,0,1,0,0.00010514505057133419,0.03917241587325183,0.2338641190857964,0.701796073612567,0.09128258254549933,0.052941902361536904
-0.34999999999999964,0.7000000000000002,0.6500000000000002,0,1,0,0.00014910422777541043,0.00654386120463031,0.2114928994227232,0.315384778270323,0.08300241727471742,7.194825871740452e-05
-0.3999999999999997,0.7000000000000002,0.6500000000000002,1,1,1,0.0002848252925161578,0.000331989520659398,0.18836803540618519,0.5699914314729122,0.06795997248513966,0.0435177566688549
-0.44999999999999973,0.7000000000000002,0.6500000000000002,1,1,1,0.001017572131527976,0.0003711072944189972,0.16527960035701694,0.7429613244000388,0.040364860722346685,0.06855409903233194
-0.4999999999999998,0.7000000000000002,0.6500000000000002,0,0,1,0.02618183547125349,0.00015079549386849738,0.0,0.8354023498093721,0.0164427674919253,0.08183030619244562
-0.5499999999999998,0.7000000000000002,0.6500000000000002,0,0,1,0.03833313055966543,0.00010701226680856225,0.0,0.8861303556812199,0.06800808816557681,0.0893387730095865
-0.5999999999999999,0.7000000000000002,0.6500000000000002,0,0,1,0.11086399957629345,9.694876031587217e-05,0.0,0.9033298276670212,0.022032354044868183,0.09229511884541935
-0.6499999999999999,0.7000000000000002,0.6500000000000002,0,0,1,0.11477905895007588,0.001985137382752971,0.0,0.9035285552178918,0.04466178337020059,0.09289163869053735
-0.7,0.7000000000000002,0.6500000000000002,0,0,1,0.42666618554210367,0.00014710301802597892,0.0,0.8420466698557847,0.16088404170934653,0.08470620080156971
-0.75,0.7000000000000002,0.6500000000000002,0,0,1,0.2610490070059795,0.0002257657590497453,0.0,0.7533412211899806,0.04492008969426552,0.07218062065323233
-0.75,0.7500000000000002,0.6500000000000002,0,0,0,2.182320892666192,0.03214119351826716,0.0,0.19079467144790674,0.04723656089506037,0.017460624699460716
-0.7,0.7500000000000002,0.6500000000000002,0,0,0,2.027847623092217,0.01591090536068174,0.0,0.16431175524057473,0.0464291666389585,0.021195017309947852
-0.6499999999999999,0.7500000000000002,0.6500000000000002,0,0,0,0.504029266228173,0.008799881878401935,0.050907745379249025,0.24797710194259742,0.02589490522175418,0.009434124143663262
-0.5999999999999999,0.7500000000000002,0.6500000000000002,0,0,0,2.105565419034846,0.006857916729983625,0.0,0.3152739671609412,0.13094390230151812,0.00012086682814550736
-0.5499999999999998,0.7500000000000002,0.6500000000000002,0,0,0,0.3536483496415877,0.009409309104803124,0.0,0.3926826572181607,0.13782150148204766,0.010904868292002209
-0.4999999999999998,0.7500000000000002,0.6500000000000002,0,0,0,0.07357433758016456,0.017870188614948854,0.0,0.4776204436308446,0.0873021259475675,0.02277689263337658
-0.44999999999999973,0.7500000000000002,0.6500000000000002,0,0,0,0.07094723326743156,0.04563749456882414,0.0,0.4666715545524855,0.0438256489150393,0.02124658842277565
-0.3999999999999997,0.7500000000000002,0.6500000000000002,0,0,0,0.030740613284576494,0.3110625574159009,0.0,0.4404557669677302,0.05587836591830666,0.01755410319818508
-0.34999999999999964,0.7500000000000002,0.6500000000000002,0,0,0,0.029469221925724345,0.1668843525486623,0.0,0.4013982901065803,0.026633558156636067,0.012367050146980927
-0.2999999999999996,0.7500000000000002,0.6500000000000002,0,0,0,0.015824953859611725,2.616674201541379,0.0,0.0,0.014808879965500149,0.045571845676607686
-0.24999999999999956,0.7500000000000002,0.6500000000000002,0,0,0,0.01809994639565951,2.6360242573812243,0.0,0.0,0.004195725061375939,0.045571845676607686
-0.1999999999999995,0.7500000000000002,0.6500000000000002,0,0,0,0.022358754891032784,0.594593484471696,0.0,0.0,0.008902914577114486,0.03553277768674544
-0.14999999999999947,0.7500000000000002,0.6500000000000002,0,0,0,0.026453467484144937,2.6771073759717363,0.0,0.0,0.02003851839787331,0.045571845676607686
-0.09999999999999942,0.7500000000000002,0.6500000000000002,0,0,0,0.03315773278748052,2.6988041631382402,0.0,0.0,0.04160383240229644,0.045571845676607686
-0.09999999999999942,0.8000000000000003,0.6500000000000002,0,0,0,0.9505527986079291,2.7104539299889177,0.0,0.0,0.04346673846442604,0.045571845676607686
-0.14999999999999947,0.8000000000000003,0.6500000000000002,0,0,0,0.07831499621316246,2.4918596719415267,0.0,0.0,0.04333865850215174,0.0455282284536048
-0.1999999999999995,0.8000000000000003,0.6500000000000002,0,0,0,0.7109287790158751,2.567393508929666,0.0,0.0,0.04403785460733953,0.0678324502730809
-0.24999999999999956,0.8000000000000003,0.6500000000000002,0,0,0,0.0944684147750099,2.647950241436252,0.0,0.0,0.044027876788249515,0.045571845676607686
-0.2999999999999996,0.8000000000000003,0.6500000000000002,0,0,0,0.08175809329013718,2.64091998136281,0.0,0.0,0.09569131178253099,0.045044008357263916
-0.34999999999999964,0.8000000000000003,0.6500000000000002,0,0,0,0.8708559948713444,2.6102414570576156,0.0,0.0,0.04357251671266886,0.045571845676607686
-0.3999999999999997,0.8000000000000003,0.6500000000000002,0,0,0,2.0280360207709527,2.592628098214675,0.0,0.0,0.1884817809858409,0.045571845676607686
-0.44999999999999973,0.8000000000000003,0.6500000000000002,0,0,0,0.1546476113177928,2.575864990088227,0.05113009698619786,0.0,0.13019332514292606,0.045571845676607686
-0.4999999999999998,0.8000000000000003,0.6500000000000002,0,0,0,2.356604595880368,0.2263372802026755,0.0,0.4921733518320877,0.1910822963315098,0.025154134598234946
-0.5499999999999998,0.8000000000000003,0.6500000000000002,0,0,0,1.105224127410135,0.2249470111746722,0.0,0.7051024018957652,0.04428487892311914,0.07877249045940028
-0.5999999999999999,0.8000000000000003,0.6500000000000002,0,0,0,1.4137833543784502,0.1759362795942054,0.0,0.45344593917024084,0.021657210671791525,0.01967321641112226
-0.6499999999999999,0.8000000000000003,0.6500000000000002,0,0,0,2.6436176968014604,0.09689981526740772,0.0,0.0,0.1877981050817178,0.04466634700878942
-0.7,0.8000000000000003,0.6500000000000002,0,0,0,0.9077360854569537,0.11423585099533357,0.0,0.19022116116164361,0.06594703533527688,0.017497245155818634
-0.75,0.8000000000000003,0.6500000000000002,0,0,0,1.781131210477697,0.8305442310372527,0.0,0.0,0.15481596621004962,0.043973558026222666
-0.75,0.8500000000000002,0.6500000000000002,0,0,0,3.4545350833781185,2.4075974551102064,0.0,0.0,0.09780236621352861,0.04585412716849951
-0.7,0.8500000000000002,0.6500000000000002,0,0,0,1.0035835435812737,2.5189078983424915,0.0,0.0,0.03519098795077025,0.045571845676607686
-0.6499999999999999,0.8500000000000002,0.6500000000000002,0,0,0,2.5982552136640815,2.531113788201196,0.0,0.0,0.22402971412517927,0.045571845676607686
-0.5999999999999999,0.8500000000000002,0.6500000000000002,0,0,0,2.6587157330587217,2.544243898943698,0.0,0.0,0.188842159837109,0.045571845676607686
-0.5499999999999998,0.8500000000000002,0.6500000000000002,0,0,0,1.945937873782452,2.558284000224027,0.0,0.0,0.17718175130249572,0.045571845676607686
-0.4999999999999998,0.8500000000000002,0.6500000000000002,0,0,0,0.9863164531779081,2.5732191967052227,0.0,0.0,0.07154503168648943,0.045571845676607686
-0.44999999999999973,0.8500000000000002,0.6500000000000002,0,0,0,0.8243007384275153,2.5890339979966064,0.0,0.0,0.04431455017119973,0.045571845676607686
-0.3999999999999997,0.8500000000000002,0.6500000000000002,0,0,0,0.5682386951652593,1.4728210147570262,0.0,0.0,0.07805746978376304,0.18917029696774654
-0.34999999999999964,0.8500000000000002,0.6500000000000002,0,0,0,0.8617232955940459,2.6232378961433014,0.0,0.0,0.0291834196185851,0.045571845676607686
-0.2999999999999996,0.8500000000000002,0.6500000000000002,0,0,0,0.37469236954417207,2.5453738275602484,0.0,0.0,0.13653576220608332,0.04631686344926227
-0.24999999999999956,0.8500000000000002,0.6500000000000002,0,0,0,0.766632604966344,2.6607624991235834,0.0,0.0,0.03449132854741876,0.045571845676607686
-0.1999999999999995,0.8500000000000002,0.6500000000000002,0,0,0,0.15889300440861404,2.680726969542478,0.0,0.0,0.04454149293598362,0.045571845676607686
-0.14999999999999947,0.8500000000000002,0.6500000000000002,0,0,0,0.6212247282556657,2.7014694323131656,0.0,0.0,0.05135196754715531,0.045571845676607686
-0.09999999999999942,0.8500000000000002,0.6500000000000002,0,0,0,0.73772009811847,2.1065820751171564,0.0,0.0,0.04315196337158258,0.13564238265049397
-0.09999999999999942,0.9000000000000002,0.6500000000000002,0,0,0,0.603626783487827,2.7363467795278638,0.0,0.0,0.1973487948431128,0.045571845676607686
-0.14999999999999947,0.9000000000000002,0.6500000000000002,0,0,0,2.9378455445494516,2.7210406270976457,0.0,0.0,0.1305935458856509,0.18756019851560432
-0.1999999999999995,0.9000000000000002,0.6500000000000002,0,0,0,0.8028733129210943,2.6943113555883755,0.0,0.0,0.04918221588920698,0.045571845676607686
-0.24999999999999956,0.9000000000000002,0.6500000000000002,0,0,0,1.2819016163031092,2.6744482930807334,0.0,0.0,0.12642830621414752,0.045571845676607686
-0.2999999999999996,0.9000000000000002,0.6500000000000002,0,0,0,1.100518927468869,2.323480326999987,0.0,0.0,0.016308504584598843,0.045385980060784134
-0.34999999999999964,0.9000000000000002,0.6500000000000002,0,0,0,0.8829605995948993,3.4565493339283364,0.0,0.0,0.03435985374339563,0.0471627952878292
-0.3999999999999997,0.9000000000000002,0.6500000000000002,0,0,0,0.48618348778493553,2.619685791634635,0.0,0.0,0.2277142444199855,0.045571845676607686
-0.44999999999999973,0.9000000000000002,0.6500000000000002,0,0,0,0.7050186857038253,2.5034418415042596,0.0,0.0,0.06649586564070936,0.046290231441356876
-0.4999999999999998,0.9000000000000002,0.6500000000000002,0,0,0,1.6805861268933886,1.6723506771078243,0.0,0.0,0.21400578304798085,0.050292618071606336
-0.5499999999999998,0.9000000000000002,0.6500000000000002,0,0,0,1.196172359088938,2.5725150381333677,0.0,0.0,0.04421210519481934,0.045571845676607686
-0.5999999999999999,0.9000000000000002,0.6500000000000002,0,0,0,3.232232657140764,2.5585530310963462,0.0,0.0,0.13034967017306892,0.045571845676607686
-0.6499999999999999,0.9000000000000002,0.6500000000000002,0,0,0,1.7798969026248759,2.1737590724569604,0.0,0.0,0.13051309880991724,0.045571845676607686
-0.7,0.9000000000000002,0.6500000000000002,0,0,0,2.867526998213233,1.001779917326604,0.0,0.0,0.1965761246713563,0.16697302621887533
-0.75,0.9000000000000002,0.6500000000000002,0,0,0,2.263328255577611,2.7325876231949278,0.0,0.0,0.1366304412252953,0.04557184567660772
-0.75,0.9500000000000003,0.6500000000000002,0,0,0,1.2100076544635334,2.5093658505532503,0.0,0.0,0.18210822659095527,0.04611761260252613
-0.7,0.9500000000000003,0.6500000000000002,0,0,0,2.285135835364191,3.1478676927307507,0.0,0.0,0.18209321111764748,0.11082530300728073
-0.6499999999999999,0.9500000000000003,0.6500000000000002,0,0,0,2.8691261322142454,2.499268242592108,0.0,0.0,0.13097305761585964,0.19187557633554375
-0.5999999999999999,0.9500000000000003,0.6500000000000002,0,0,0,1.537393832626705,1.903253558710754,0.0,0.0,0.022965734842932663,0.09688484178938872
-0.5499999999999998,0.9500000000000003,0.6500000000000002,0,0,0,0.8860116120205443,3.160824371564186,0.0,0.0,0.090743531323307,0.029797423987555274
-0.4999999999999998,0.9500000000000003,0.6500000000000002,0,0,0,1.4841419155341218,2.602400857964125,0.0,0.0,0.1836670834076589,0.045571845676607686
-0.44999999999999973,0.9500000000000003,0.6500000000000002,0,0,0,1.4125666777181072,2.6180393874085306,0.0,0.0,0.1670050951232604,0.045571845676607686
-0.3999999999999997,0.9500000000000003,0.6500000000000002,0,0,0,2.9173112941598114,2.634534160437563,0.0,0.0,0.11975964534479452,0.045571845676607686
-0.34999999999999964,0.9500000000000003,0.6500000000000002,0,0,0,0.9724058317443677,2.651869199452054,0.0,0.0,0.09367795550444806,0.045571845676607686
-0.2999999999999996,0.9500000000000003,0.6500000000000002,0,0,0,1.0154762142083003,2.6700281383334703,0.0,0.0,0.026996497241925852,0.045571845676607686
-0.24999999999999956,0.9500000000000003,0.6500000000000002,0,0,0,0.9286586849230364,2.71499333350447,0.0,0.0,0.18098171399891372,0.09737691281572941
-0.1999999999999995,0.9500000000000003,0.6500000000000002,0,0,0,0.9833867768180923,2.7087506855509127,0.0,0.0,0.10568660930839982,0.045571845676607686
-0.14999999999999947,0.9500000000000003,0.6500000000000002,0,0,0,1.9789994023930821,2.729280177072805,0.0,0.0,0.16057938538634411,0.045571845676607686
-0.09999999999999942,0.9500000000000003,0.6500000000000002,0,0,0,1.368696268746378,2.750565449767117,0.0,0.0,0.08116833628972257,0.045571845676607686
-0.09999999999999942,1.0000000000000002,0.6500000000000002,0,0,0,0.962306529602867,2.7656151013965506,0.0,0.0,0.008151904581121661,0.045571845676607686
-0.14999999999999947,1.0000000000000002,0.6500000000000002,0,0,0,2.422874835455137,2.744446552691932,0.0,0.0,0.058489974599792334,0.045571845676607686
-0.1999999999999995,1.0000000000000002,0.6500000000000002,0,0,0,1.8863849568132578,3.2606984284812257,0.0,0.0,0.13006367391338583,0.11778939321663094
-0.24999999999999956,1.0000000000000002,0.6500000000000002,0,0,0,0.9328307168322875,2.7043865965506098,0.0,0.0,0.10785398162747702,0.045571845676607686
-0.2999999999999996,1.0000000000000002,0.6500000000000002,0,0,0,1.3845106917521777,2.6855291573752407,0.0,0.0,0.07979457772209794,0.045571845676607686
-0.34999999999999964,1.0000000000000002,0.6500000000000002,0,0,0,0.831180297491281,2.6674757443363095,0.0,0.0,0.08095982302636288,0.045571845676607686
-0.3999999999999997,1.0000000000000002,0.6500000000000002,0,0,0,1.3145208127652028,2.650242788525709,0.0,0.0,0.08831136838882908,0.045571845676607686
-0.44999999999999973,1.0000000000000002,0.6500000000000002,0,0,0,1.4538392383459333,2.633846394466182,0.0,0.0,0.13417515937157318,0.045571845676607686
-0.4999999999999998,1.0000000000000002,0.6500000000000002,0,0,0,1.6896701223192714,3.219466624736175,0.0,0.0,0.1859919157380294,0.04571232138018257
-0.5499999999999998,1.0000000000000002,0.6500000000000002,0,0,0,2.202363642611322,2.015157726184529,0.0,0.0,0.08372050228986626,0.11719305715668983
-0.5999999999999999,1.0000000000000002,0.6500000000000002,0,0,0,0.6506313635437386,2.8894849632607267,0.0,0.0,0.026298627208282,0.041105386741008575
-0.6499999999999999,1.0000000000000002,0.6500000000000002,0,0,0,1.085073872286592,2.44608769151109,0.0,0.0,0.04342485297322255,0.046154023042814525
-0.7,1.0000000000000002,0.6500000000000002,0,0,0,1.2590724992619482,1.7784540166237133,0.0,0.0,0.04246584350717344,0.0451687805461498
-0.75,1.0000000000000002,0.6500000000000002,0,0,0,2.754214323790096,3.0312203083960805,0.0,0.0,0.1445551079576382,0.13588385373083367
-0.75,1.0000000000000002,0.7000000000000002,0,0,0,2.321425223309436,2.5337795659501263,0.0,0.0,0.025549304178983708,0.04132088506570686
-0.7,1.0000000000000002,0.7000000000000002,0,0,0,1.7887168114250251,2.4744210322700053,0.0,0.0,0.22394345006150185,0.046268458344807264
-0.6499999999999999,1.0000000000000002,0.7000000000000002,0,0,0,2.323286564095244,2.534772048554407,0.0,0.0,0.2130716120452001,0.1351833792583612
-0.5999999999999999,1.0000000000000002,0.7000000000000002,0,0,0,2.290468512673773,3.264847535383291,0.0,0.0,0.044268067318818834,0.09322999886491591
-0.5499999999999998,1.0000000000000002,0.7000000000000002,0,0,0,0.8391488122140647,2.5200785730784987,0.0,0.0,0.047432175575634346,0.04557184567660771
-0.4999999999999998,1.0000000000000002,0.7000000000000002,0,0,0,3.19164027817807,2.6303453504107637,0.0,0.0,0.20995938442991197,0.045571845676607686
-0.44999999999999973,1.0000000000000002,0.7000000000000002,0,0,0,1.3077347459239197,2.645818714673691,0.0,0.0,0.04335891656170718,0.045571845676607686
-0.3999999999999997,1.0000000000000002,0.7000000000000002,0,0,0,2.64456297874402,2.662141371040908,0.0,0.0,0.045571845676607665,0.045571845676607686
-0.34999999999999964,1.0000000000000002,0.7000000000000002,0,0,0,2.800612853198753,2.5917719168810014,0.0,0.0,0.04557184567660771,0.10435208743737066
-0.2999999999999996,1.0000000000000002,0.7000000000000002,0,0,0,1.786862600969324,2.343264096237295,0.0,0.0,0.03196470115613591,0.008201262224170327
-0.24999999999999956,1.0000000000000002,0.7000000000000002,0,0,0,1.9512386868165226,2.0317913107280754,0.0,0.0028398787082353216,0.11386812759442194,0.10715074143676223
-0.1999999999999995,1.0000000000000002,0.7000000000000002,0,0,0,0.935043274315442,2.7090536568283037,0.0,0.0,0.042885688936432985,0.11228918665347104
-0.14999999999999947,1.0000000000000002,0.7000000000000002,0,0,0,0.8855368469997131,2.6844813334673105,0.0,0.0,0.04288703602271501,0.04580360290253799
-0.09999999999999942,1.0000000000000002,0.7000000000000002,0,0,0,2.9438653440220426,3.1488651584194733,0.0,0.0,0.13035589127557518,0.04065117069932171
-0.09999999999999942,0.9500000000000003,0.7000000000000002,0,0,0,0.9314404396662538,3.2075389564308154,0.0,0.0,0.04311025960120935,0.08540583260312373
-0.14999999999999947,0.9500000000000003,0.7000000000000002,0,0,0,2.962593535433462,2.6766616571870743,0.0,0.0,0.10515863163392937,0.04645183240307647
-0.1999999999999995,0.9500000000000003,0.7000000000000002,0,0,0,1.317278515333961,1.6408567483669059,0.0,0.0,0.07102508941261126,0.13188759166203234
-0.24999999999999956,0.9500000000000003,0.7000000000000002,0,0,0,0.8377957539073793,2.700722145882015,0.0,0.0,0.03264242094976383,0.045571845676607686
-0.2999999999999996,0.9500000000000003,0.7000000000000002,0,0,0,1.0533311243964123,2.6818389401243947,0.0,0.0,0.04207120356437553,0.045571845676607686
-0.34999999999999964,0.9500000000000003,0.7000000000000002,0,0,0,1.2749037705279078,2.6637605170655854,0.0,0.0,0.06005355268962729,0.045571845676607686
-0.3999999999999997,0.9500000000000003,0.7000000000000002,0,0,0,2.479964732389246,2.6465033693134594,0.0,0.0,0.04544394449304488,0.045571845676607686
-0.44999999999999973,0.9500000000000003,0.7000000000000002,0,0,0,2.265937026256787,2.6300836631745144,0.0,0.0,0.04455690714815689,0.045571845676607686
-0.4999999999999998,0.9500000000000003,0.7000000000000002,0,0,0,0.8807924954960014,2.6145171766135813,0.0,0.0,0.15464339188771253,0.045571845676607686
-0.5499999999999998,0.9500000000000003,0.7000000000000002,0,0,0,1.3033308985554368,2.5998192357003265,0.0,0.0,0.04099119100575895,0.045571845676607686
-0.5999999999999999,0.9500000000000003,0.7000000000000002,0,0,0,2.2596440533360225,2.5762224250473262,0.0,0.0,0.021376667242623784,0.04557184567660768
-0.6499999999999999,0.9500000000000003,0.7000000000000002,0,0,0,2.3697295202572706,1.1882869809582732,0.0,0.0,0.1366920968357591,0.12886960155245125
-0.7,0.9500000000000003,0.7000000000000002,0,0,0,2.2960119210109897,1.1723474584154194,0.0,0.0,0.18114421751341497,0.10849350010737205
-0.75,0.9500000000000003,0.7000000000000002,0,0,0,2.292506764010325,1.54690243131344,0.0,0.0,0.13420438165096135,0.10697290462307416
-0.75,0.9000000000000002,0.7000000000000002,0,0,0,2.7990145428308666,2.712615852228468,0.0,0.0,0.1038892744193857,0.0460688292155169
-0.7,0.9000000000000002,0.7000000000000002,0,0,0,1.7085048909484712,0.6796075917110695,0.15668583808463232,0.21884212884060839,0.1337740081911503,0.1307199923639043
-0.6499999999999999,0.9000000000000002,0.7000000000000002,0,0,0,2.9954527510328286,2.557882609839106,0.0,0.0,0.13421200997444113,0.045571845676607686
-0.5999999999999999,0.9000000000000002,0.7000000000000002,0,0,0,2.486220105298856,2.5540262862864433,0.0,0.0,0.04542810183589302,0.046335365715921104
-0.5499999999999998,0.9000000000000002,0.7000000000000002,0,0,0,2.1130864396262394,2.5847714527008687,0.0,0.0,0.2279858074609746,0.045571845676607686
-0.4999999999999998,0.9000000000000002,0.7000000000000002,0,0,0,1.6810527093098222,2.5995544755183304,0.0,0.0,0.1264361249717165,0.045571845676607686
-0.44999999999999973,0.9000000000000002,0.7000000000000002,0,0,0,0.5248904608651509,1.8600731493545106,0.0,0.0,0.045244654758388035,0.05571614685228624
-0.3999999999999997,0.9000000000000002,0.7000000000000002,0,0,0,1.2759049433917298,2.6317225325188485,0.0,0.0,0.13725759595471185,0.045571845676607686
-0.34999999999999964,0.9000000000000002,0.7000000000000002,0,0,0,2.2561628978840327,2.6446260065936844,0.0,0.0,0.1277981567806528,0.04627641527259365
-0.2999999999999996,0.9000000000000002,0.7000000000000002,0,0,0,0.9045119875888665,2.3763188720729005,0.0,0.0,0.059360214390380035,0.041090566255536955
-0.24999999999999956,0.9000000000000002,0.7000000000000002,0,0,0,2.0413860163802267,2.299495274307679,0.0,0.0,0.001341542297296351,0.0774499500716683
-0.1999999999999995,0.9000000000000002,0.7000000000000002,0,0,0,0.8479055899381193,2.706016171815591,0.0,0.0,0.04314947776680629,0.045571845676607686
-0.14999999999999947,0.9000000000000002,0.7000000000000002,0,0,0,0.821341671992018,2.783295349806467,0.0,0.0,0.0431608729757114,0.015197452734289437
-0.09999999999999942,0.9000000000000002,0.7000000000000002,0,0,0,0.8448589323672696,2.433264132380479,0.0,0.0,0.13175143033512582,0.04557184567660763
-0.09999999999999942,0.8500000000000002,0.7000000000000002,0,0,0,1.0801552576351003,2.734554249505297,0.0,0.0,0.04276179136281182,0.045571845676607686
-0.14999999999999947,0.8500000000000002,0.7000000000000002,0,0,0,1.364557405717105,2.4011854741457532,0.0,0.0,0.13000915259073065,0.045571845676607624
-0.1999999999999995,0.8500000000000002,0.7000000000000002,0,0,0,0.27791555267142487,2.6924908405614745,0.0,0.0,0.04486384900846724,0.045571845676607686
-0.24999999999999956,0.8500000000000002,0.7000000000000002,0,0,0,0.4106222073060944,2.67261424788865,0.0,0.0,0.12784701800597742,0.045571845676607686
-0.2999999999999996,0.8500000000000002,0.7000000000000002,0,0,0,0.49890679437235524,2.320425469500019,0.10390810108043702,0.0,0.11135966582532118,0.04530182503733249
-0.34999999999999964,0.8500000000000002,0.7000000000000002,0,0,0,1.7053196270316875,2.6352584125731147,0.0,0.0,0.11316112834595127,0.045571845676607686
-0.3999999999999997,0.8500000000000002,0.7000000000000002,0,0,0,1.3180932711085798,2.617813380007702,0.0,0.0,0.18163780663984244,0.045571845676607686
-0.44999999999999973,0.8500000000000002,0.7000000000000002,0,0,0,0.6354300609421502,2.601212579559258,0.0,0.0,0.025150522015447544,0.045571845676607686
-0.4999999999999998,0.8500000000000002,0.7000000000000002,0,0,0,0.7705542895303478,2.585472273215729,0.0,0.0,0.18980959489054133,0.045571845676607686
-0.5499999999999998,0.8500000000000002,0.7000000000000002,0,0,0,1.9076389093853594,2.5706082679158424,0.0,0.0,0.18675033919663941,0.045571845676607686
-0.5999999999999999,0.8500000000000002,0.7000000000000002,0,0,0,1.741540576197487,2.556635847864781,0.0,0.0,0.13049198749345,0.045571845676607686
-0.6499999999999999,0.8500000000000002,0.7000000000000002,0,0,0,1.8186746183335345,2.5435697061604676,0.0,0.0,0.21659886427173455,0.045571845676607686
-0.7,0.8500000000000002,0.7000000000000002,0,0,0,2.157141661054532,0.7359907368822382,0.0,0.0,0.1333951308350616,0.13103268035893592
-0.75,0.8500000000000002,0.7000000000000002,0,0,0,2.795758917331415,2.385651268741398,0.0,0.0,0.0054302000520432105,0.046138096744794084
-0.75,0.8000000000000003,0.7000000000000002,0,0,0,1.990040741714253,2.506681120026465,0.0,0.0,0.14290745957040435,0.045571845676607686
-0.7,0.8000000000000003,0.7000000000000002,0,0,0,2.1978682877539213,2.517953582969145,0.0,0.0,0.18610087433551153,0.045571845676607686
-0.6499999999999999,0.8000000000000003,0.7000000000000002,0,0,0,2.105118393403118,2.5301640765921043,0.0,0.0,0.13220498493101288,0.045571845676607686
-0.5999999999999999,0.8000000000000003,0.7000000000000002,0,0,0,1.0014190791540858,2.5432990903484387,0.0,0.0,0.19437716037014205,0.045571845676607686
-0.5499999999999998,0.8000000000000003,0.7000000000000002,0,0,0,2.0494922104239843,2.5573443787368992,0.0,0.0,0.1429575406419687,0.045571845676607686
-0.4999999999999998,0.8000000000000003,0.7000000000000002,0,0,0,1.6507058563028554,2.572285030852382,0.0,0.0,0.22469931828307185,0.045571845676607686
-0.44999999999999973,0.8000000000000003,0.7000000000000002,0,0,0,2.552534161331612,2.5881055404363362,0.0,0.0,0.14168862854058029,0.045571845676607686
-0.3999999999999997,0.8000000000000003,0.7000000000000002,0,0,0,1.3054086573445185,2.60478987577257,0.0,0.0,0.19918085887362164,0.045571845676607686
-0.34999999999999964,0.8000000000000003,0.7000000000000002,0,0,0,1.1516532672101445,2.6223215488222076,0.0,0.0,0.17578164257565385,0.045571845676607686
-0.2999999999999996,0.8000000000000003,0.7000000000000002,0,0,0,1.2363108974541244,2.4676961144809746,0.0,0.0,0.17434928075950437,0.016355645287576402
-0.24999999999999956,0.8000000000000003,0.7000000000000002,0,0,0,0.7729239780663789,2.6598590794245744,0.0,0.0,0.04299771834135568,0.045571845676607686
-0.1999999999999995,0.8000000000000003,0.7000000000000002,0,0,0,0.45456405657337945,2.3659319432923382,0.0,0.0,0.02266971127740077,0.1273413656469081
-0.14999999999999947,0.8000000000000003,0.7000000000000002,0,0,0,0.5669356925353558,3.372938215781825,0.0,0.0,0.04278660647075777,0.048925859314415676
-0.09999999999999942,0.8000000000000003,0.7000000000000002,0,0,0,0.4541603266510507,2.7220893350269395,0.0,0.0,0.011189927704288782,0.045571845676607686
-0.09999999999999942,0.7500000000000002,0.7000000000000002,0,0,0,0.3889887678771665,2.708285730145016,0.0,0.0,0.018330853119813157,0.2303541265547181
-0.14999999999999947,0.7500000000000002,0.7000000000000002,0,0,0,0.04548139726032284,2.688887082745818,0.0,0.0,0.043800116760473164,0.045571845676607686
-0.1999999999999995,0.7500000000000002,0.7000000000000002,0,0,0,0.06093303745436509,2.6680468015511445,0.0,0.0,0.014015400669398347,0.045571845676607686
-0.24999999999999956,0.7500000000000002,0.7000000000000002,0,0,0,0.04652450414471187,1.4844685798903279,0.0,0.0,0.04380408027763048,0.04135344982181622
-0.2999999999999996,0.7500000000000002,0.7000000000000002,0,0,0,0.04806455354194338,2.6287247323155105,0.0,0.0,0.03877928502410532,0.045571845676607686
-0.34999999999999964,0.7500000000000002,0.7000000000000002,0,0,0,0.085889626042947,2.254162286880666,0.0,0.0,0.0016033568080866798,0.04557184567660763
-0.3999999999999997,0.7500000000000002,0.7000000000000002,0,0,0,0.27257993315515217,0.12797648816446863,0.0,0.16910911104412957,0.048408040368900944,0.020163061061353762
-0.44999999999999973,0.7500000000000002,0.7000000000000002,0,0,0,0.084054704082899,0.05748651563153713,0.0,0.0,0.04228593079584039,0.043911338245796495
-0.4999999999999998,0.7500000000000002,0.7000000000000002,0,0,0,1.9883572010605675,0.2925188505174778,0.0,0.46552916505420355,0.16462422652151742,0.020833109943247084
-0.5499999999999998,0.7500000000000002,0.7000000000000002,0,0,0,0.42567825218480954,0.046903429667537425,0.12573395041339452,0.1615224299701435,0.11362617547370468,0.021250154677899365
-0.5999999999999999,0.7500000000000002,0.7000000000000002,0,0,0,0.5861835252096778,0.039059635859769265,0.10627086951787357,0.0,0.050236704535654306,0.043785841912164135
-0.6499999999999999,0.7500000000000002,0.7000000000000002,0,0,0,0.39758162035101385,0.048397908852535136,0.0,0.2003644074468422,0.04310564344316082,0.015862998346554757
-0.7,0.7500000000000002,0.7000000000000002,0,0,0,2.5581134962396983,0.045180457192187544,0.0,0.6915644112294053,0.20795155235103077,0.06200751968441153
-0.75,0.7500000000000002,0.7000000000000002,0,0,0,2.1303434275019426,0.05397917659834267,0.0,0.0,0.04685675142500168,0.04389260051560413
-0.75,0.7000000000000002,0.7000000000000002,0,0,1,3.0377536536078193,0.0011497875704720088,0.0,0.39433679628350354,0.045571845676607506,0.017968093024363967
-0.7,0.7000000000000002,0.7000000000000002,0,0,1,3.0253035662782644,1.2544789537025349e-05,0.0,0.5791120811164148,0.045571845676607506,0.04593956064032089
-0.6499999999999999,0.7000000000000002,0.7000000000000002,0,0,1,2.1025383007117306,0.00020995853507024804,0.0,0.6604594065140517,0.046975061635738495,0.057835660252804726
-0.5999999999999999,0.7000000000000002,0.7000000000000002,0,0,1,0.18454319418365908,0.00019302615953855015,0.0,0.6816580063612052,0.015775626046467203,0.06066708683310348
-0.5499999999999998,0.7000000000000002,0.7000000000000002,0,0,1,0.6051421940389121,0.00025331226909971544,0.0,0.6565505016212856,0.030373788248470403,0.05671395030931617
-0.4999999999999998,0.7000000000000002,0.7000000000000002,0,0,1,0.05354944705841706,0.0004990712334701878,0.0,0.5758781282474903,0.03998143404740911,0.04464576414546369
-0.44999999999999973,0.7000000000000002,0.7000000000000002,0,0,1,0.019786474249111508,0.0013700181235025857,0.0,0.34933508784080863,0.024168774618500047,0.010572988577970257
-0.3999999999999997,0.7000000000000002,0.7000000000000002,0,1,0,0.001998842513217051,0.014267758367664404,0.10242482922291396,0.4430246080190238,0.000935259216649483,0.01768494248974088
-0.34999999999999964,0.7000000000000002,0.7000000000000002,0,1,0,0.0007960461910340513,0.04548172400040771,0.16579257856688168,0.7333259524978568,0.040448653935584604,0.056145225179919815
-0.2999999999999996,0.7000000000000002,0.7000000000000002,0,1,0,0.00023657168390988116,0.0863745482155734,0.18774658499490027,0.8859898711546648,0.05732973457244004,0.09661725625663933
-0.24999999999999956,0.7000000000000002,0.7000000000000002,0,1,0,0.00017421331944986445,2.637009126104269,0.20706889993915256,0.0,0.06239323596981884,0.045571845676607686
-0.1999999999999995,0.7000000000000002,0.7000000000000002,0,1,0,0.000200191950413737,2.7053043195620097,0.22415313946545323,0.0,0.06070938976095787,0.04069356781031295
-0.14999999999999947,0.7000000000000002,0.7000000000000002,0,1,0,0.00032963814899524875,2.6780771363307,0.23798108991414235,0.0,0.051734184280323475,0.045571845676607686
-0.09999999999999942,0.7000000000000002,0.7000000000000002,0,1,0,0.000995761494752713,2.6997661299874225,0.24654423095034783,0.0,0.031224980847869194,0.045571845676607686
-0.09999999999999942,0.6500000000000002,0.7000000000000002,0,1,0,0.00033317065818982223,1.5036228934137204,0.2865003745718395,0.0,0.10301013891045209,0.1500457686368578
-0.14999999999999947,0.6500000000000002,0.7000000000000002,0,1,0,7.398658362376481e-05,1.2493123472098921,0.2712419449847907,0.0,0.11159043580231862,0.16162250276765103
-0.1999999999999995,0.6500000000000002,0.7000000000000002,0,1,0,6.441588897231198e-05,0.47189801073364607,0.25288162628063393,0.4297126437270253,0.11630337715821075,0.0159029955370717
-0.24999999999999956,0.6500000000000002,0.7000000000000002,0,1,0,6.340352466308728e-05,0.061079636000242896,0.23199405522528282,0.2298688452353123,0.11736337694604972,0.011667358039737114
-0.2999999999999996,0.6500000000000002,0.7000000000000002,0,1,0,7.010526153863607e-05,0.005418584788902243,0.20929926273097665,0.3153319786359547,0.11483390576539634,0.0001150818235262357
-0.34999999999999964,0.6500000000000002,0.7000000000000002,1,1,1,8.772739936804087e-05,0.0007765618252548895,0.18552781592252776,0.6470363065752192,0.10843591360806605,0.0542602612157642
-0.3999999999999997,0.6500000000000002,0.7000000000000002,1,1,1,0.00012923736966230796,0.0003897276139204435,0.161417775924507,0.8269167037421989,0.09739763994097095,0.07943476070010604
-0.44999999999999973,0.6500000000000002,0.7000000000000002,1,1,1,0.0002492121122836434,0.00015045039937037482,0.13776192682648825,0.9379575712555783,0.07987914611716575,0.09486833814870996
-0.4999999999999998,0.6500000000000002,0.7000000000000002,1,1,1,0.0008559651017947452,9.490489758308929e-05,0.11572731153509697,1.009756860719194,0.050333680037864786,0.1052108986043664
-0.5499999999999998,0.6500000000000002,0.7000000000000002,0,0,1,0.02786914580041559,7.580251812086275e-05,0.0,1.050992623042491,0.015328501689624944,0.11172539241081031
-0.5999999999999999,0.6500000000000002,0.7000000000000002,0,0,1,0.05806455448832286,7.020096329767379e-05,0.0,1.0652536117925586,0.044391930448406426,0.11477340173688966
-0.6499999999999999,0.6500000000000002,0.7000000000000002,0,0,1,0.13973451967767733,7.25732820955167e-05,0.0,1.01097442756651,0.014667211682047189,0.11427201136065203
-0.7,0.6500000000000002,0.7000000000000002,0,0,1,2.756853485509509,8.392731756955945e-05,0.0,0.9208819278438822,0.04600854925042608,0.10983934282325128
-0.75,0.6500000000000002,0.7000000000000002,0,0,1,3.0523748337155365,0.00011267856139855909,0.0,0.8347901151873875,0.0455674098072485,0.1007348573328655
-0.75,0.6000000000000002,0.7000000000000002,0,0,1,2.7530606546593144,0.00039682742675943843,0.0,0.7889489898290707,0.04611246196914871,0.13827559693730393
-0.7,0.6000000000000002,0.7000000000000002,0,0,1,0.08189503803207954,5.325400554541709e-05,0.0,0.8790515094177056,0.04235492521316905,0.14380741074565617
-0.6499999999999999,0.6000000000000002,0.7000000000000002,0,0,1,0.04210405722467068,5.1857304154439334e-05,0.0,0.9743107987251576,0.044268551365381714,0.14579917487097363
-0.5999999999999999,0.6000000000000002,0.7000000000000002,1,1,1,0.0005299281402827474,5.492782255342443e-05,0.07111828280604415,1.0746338860841755,0.03477727661657023,0.1444798008985953
-0.5499999999999998,0.6000000000000002,0.7000000000000002,1,1,1,0.0018510339073155213,6.214090429742425e-05,0.09179592520455504,1.1797139641671335,0.08386030553405611,0.14021198431649573
-0.4999999999999998,0.6000000000000002,0.7000000000000002,1,1,1,0.00020216197297701267,7.451941370048504e-05,0.11513788544521697,1.270883434980363,0.10753905262967225,0.13333471455089854
-0.44999999999999973,0.6000000000000002,0.7000000000000002,1,1,1,0.00010104595944407987,9.555747290896221e-05,0.1409382640869028,1.213586033819845,0.12445383171921438,0.12412480462117255
-0.3999999999999997,0.6000000000000002,0.7000000000000002,1,1,1,6.652874157525677e-05,0.00013541937578660833,0.1680989400266779,1.1306408092270435,0.13625224526177257,0.11262068210050118
-0.34999999999999964,0.6000000000000002,0.7000000000000002,1,1,1,5.274414101713682e-05,0.0002250240208332621,0.18614806251989502,1.0164431433168069,0.14418791702791098,0.09820583066366365
-0.2999999999999996,0.6000000000000002,0.7000000000000002,1,1,1,4.653207219074395e-05,0.0004828441651168267,0.20177765142238213,0.8566395090821401,0.1489028173246893,0.07860531142738772
-0.24999999999999956,0.6000000000000002,0.7000000000000002,1,1,1,4.4200957388996e-05,0.0018765644317182849,0.2263141661279775,0.600411784876373,0.15072366389002143,0.04540652215934684
-0.1999999999999995,0.6000000000000002,0.7000000000000002,0,1,0,4.483194234518903e-05,0.024739988757127695,0.25782995064019,0.5048500632566106,0.14977288761540133,0.025916047094399663
-0.14999999999999947,0.6000000000000002,0.7000000000000002,0,1,0,4.882454760817536e-05,0.0719749098076928,0.29440994867400416,0.31650960579133397,0.1460139238458355,0.0004512514641652208
-0.09999999999999942,0.6000000000000002,0.7000000000000002,0,1,0,5.7782474822765386e-05,2.377704878865608,0.2468280082262746,0.0,0.13925609097313627,0.04544758193584792
-0.09999999999999942,0.5500000000000002,0.7000000000000002,0,1,0,0.00010847785627223005,0.08596783100927541,0.14879852934601034,0.0,0.16495019379356426,0.04489521384776811
-0.14999999999999947,0.5500000000000002,0.7000000000000002,0,1,0,3.853647908775162e-05,0.013870948076589652,0.21272926252504865,0.19921941830299966,0.1708142576308388,0.016115264187378023
-0.1999999999999995,0.5500000000000002,0.7000000000000002,1,1,1,3.52306332288719e-05,0.0005983483574414233,0.22112316080214933,0.7071335056135803,0.17413971540065887,0.058422293637633245
-0.24999999999999956,0.5500000000000002,0.7000000000000002,1,1,1,3.4700726527348404e-05,0.0009360984060816323,0.180092728829913,0.9086996841258068,0.17504645180326184,0.08745156173791589
-0.2999999999999996,0.5500000000000002,0.7000000000000002,1,1,1,3.6520875588897505e-05,0.0002668264456923186,0.1460504642475775,1.0576236339534624,0.1735960410601155,0.10501801292490846
-0.34999999999999964,0.5500000000000002,0.7000000000000002,1,1,1,4.044084161994462e-05,0.00014583199644219681,0.12095644833278385,1.1835430922255858,0.16973842035494513,0.11894870280745913
-0.3999999999999997,0.5500000000000002,0.7000000000000002,1,1,1,4.687241212905282e-05,8.623955304100699e-05,0.10659180101764587,1.2867066053521008,0.16327710590056865,0.13133468735030798
-0.44999999999999973,0.5500000000000002,0.7000000000000002,1,1,1,5.758563274406079e-05,6.510891660279167e-05,0.10473286045978747,1.2466724960324855,0.15382704588867177,0.14284124318385988
-0.4999999999999998,0.5500000000000002,0.7000000000000002,1,1,1,7.770170147068516e-05,5.798391838276346e-05,0.11534008065432788,1.2252103233815146,0.14072443528004488,0.1531124312780434
-0.5499999999999998,0.5500000000000002,0.7000000000000002,1,1,1,0.0001235008718946496,5.202601863574808e-05,0.08841248514596334,1.132265185730152,0.12277282985030202,0.16144333961814009
-0.5999999999999999,0.5500000000000002,0.7000000000000002,1,1,1,0.00026702279794757017,4.717830120797683e-05,0.06457572365487918,1.0225562193448765,0.09740451260548605,0.16723460448073194
-0.6499999999999999,0.5500000000000002,0.7000000000000002,1,1,1,0.0011680969630012913,4.428797076764787e-05,0.04577946253850529,0.9188499438406905,0.0565318431682252,0.17005566009731757
-0.7,0.5500000000000002,0.7000000000000002,0,0,1,0.03674396414419532,4.369562293214861e-05,0.0,0.8205783589378786,0.03511393941038864,0.1695673850385459
-0.75,0.5500000000000002,0.7000000000000002,0,0,1,0.07239770365802863,4.608427613718455e-05,0.0,0.7272494344865936,0.12338503898403692,0.16546182859443853
-0.75,0.5000000000000001,0.7000000000000002,0,0,1,0.04180299881626118,6.396651153715078e-05,0.0,0.6649610486510269,0.04385347303031034,0.18589154261066498
-0.7,0.5000000000000001,0.7000000000000002,1,1,1,0.00043666757435462697,3.751734386336593e-05,0.009524787118680322,0.7584866953201541,0.05755105296090603,0.18884628947746815
-0.6499999999999999,0.5000000000000001,0.7000000000000002,1,1,1,0.0012392975304627012,3.984410398535396e-05,0.025883829397378655,0.8567190376767571,0.10349809352049648,0.1881524109696161
-0.5999999999999999,0.5000000000000001,0.7000000000000002,1,1,1,0.00017980770793275916,4.546184153545397e-05,0.04801936915625671,0.9602772173809611,0.130184033453253,0.18402474688056364
-0.5499999999999998,0.5000000000000001,0.7000000000000002,1,1,1,8.7454596175337e-05,5.535886468521366e-05,0.06153146523767106,1.070117459056544,0.1498585470948365,0.17660935365494324
-0.4999999999999998,0.5000000000000001,0.7000000000000002,1,1,1,5.8113929154962616e-05,7.202100206349229e-05,0.041961254688567484,1.1365430558844987,0.16456527578509203,0.16598023163926817
-0.44999999999999973,0.5000000000000001,0.7000000000000002,1,1,1,4.657416224753494e-05,0.00010037575267242254,0.0383848685479542,1.1419604055148969,0.1755607104491378,0.1523012665598472
-0.3999999999999997,0.5000000000000001,0.7000000000000002,1,1,1,4.116076598302685e-05,0.00014583722647799606,0.04897635500331865,1.1719377997648524,0.18358266096623052,0.13630156605148214
-0.34999999999999964,0.5000000000000001,0.7000000000000002,1,1,1,3.8087866086169155e-05,0.00019742194538658497,0.07235739613867276,1.237865015957367,0.18911026772045628,0.12010898672960349
-0.2999999999999996,0.5000000000000001,0.7000000000000002,1,1,1,3.5860892621578444e-05,0.000236903061778847,0.10713315337950591,1.2591380687059004,0.1924414630718486,0.10678984939639466
-0.24999999999999956,0.5000000000000001,0.7000000000000002,1,1,1,3.401201876448756e-05,0.0004012419533349503,0.15164323283412773,1.1136020505415716,0.19370567417357878,0.09588365261800652
-0.1999999999999995,0.5000000000000001,0.7000000000000002,1,1,1,3.281842311319131e-05,0.000730701913373926,0.20384288673782125,0.9303869153836548,0.19287575002503454,0.08255264296013586
-0.14999999999999947,0.5000000000000001,0.7000000000000002,1,1,1,3.3287462666142284e-05,0.001811231961198839,0.1277716145619956,0.7123147166421289,0.18981334644878706,0.05842191429770775
-0.09999999999999942,0.5000000000000001,0.7000000000000002,0,1,0,3.700782502882532e-05,0.01770179312008111,0.05612658995163211,0.17675507494684195,0.1843450406318528,0.019276858401310555
-0.09999999999999942,0.45000000000000007,0.7000000000000002,1,1,1,0.001991390875255007,0.0010053574258811421,0.0,0.5565879607848232,0.19911992597160094,0.050316255643120956
-0.14999999999999947,0.45000000000000007,0.7000000000000002,1,1,1,3.559637721767262e-05,0.0018249158898281381,0.07754354091779458,0.8155909699687884,0.2043957858132821,0.07791173191141322
-0.1999999999999995,0.45000000000000007,0.7000000000000002,1,1,1,3.0001544961792238e-05,0.00044099092816403726,0.1593820679851854,1.0415229915028377,0.20718730122179022,0.08873311880925994
-0.24999999999999956,0.45000000000000007,0.7000000000000002,1,1,1,2.9321338490181847e-05,0.0005487327455997909,0.09576048863741504,1.2600303063873697,0.20782025956524042,0.09281404597791183
-0.2999999999999996,0.45000000000000007,0.7000000000000002,1,1,1,3.153908896965222e-05,0.00047770312490202335,0.041269843927592476,1.1900091575363376,0.20662238983806208,0.09616704135458076
-0.34999999999999964,0.45000000000000007,0.7000000000000002,1,1,1,0.0010755017649131341,0.00020370613469095002,0.0,1.0733732241619411,0.2037507879872707,0.11428349323631173
-0.3999999999999997,0.45000000000000007,0.7000000000000002,1,1,1,0.001839072584661771,0.00038838148895028297,0.0,1.0260111934522977,0.19913590334972275,0.13894275241355966
-0.44999999999999973,0.45000000000000007,0.7000000000000002,1,1,1,0.001922183484932295,0.00017651809295313054,0.0,1.0202908701993414,0.19220689304385596,0.15952740007155852
-0.4999999999999998,0.45000000000000007,0.7000000000000002,1,1,1,0.0018678720131996463,9.266923208030866e-05,0.0,1.0370070372328133,0.18262283233552637,0.17533681710762608
-0.5499999999999998,0.45000000000000007,0.7000000000000002,1,1,1,5.9821280336321155e-05,6.149643272129969e-05,0.008622256556992891,0.9810612421256644,0.16991420609988103,0.18712563802559926
-0.5999999999999999,0.45000000000000007,0.7000000000000002,1,1,1,0.001735958341545281,4.803949051837952e-05,0.0,0.8758018931105263,0.15319784153172525,0.19550028194252123
-0.6499999999999999,0.45000000000000007,0.7000000000000002,1,1,1,0.0016939648908915503,4.135380585417355e-05,0.0,0.7763291254006233,0.13100868977520175,0.20071918751290027
-0.7,0.45000000000000007,0.7000000000000002,1,1,1,0.0018415924619873524,3.807501528827667e-05,0.0,0.6818481029415862,0.09970613987159778,0.20268729822640694
-0.75,0.45000000000000007,0.7000000000000002,1,1,1,0.0012383664519671946,3.7226764653032847e-05,0.0,0.591705368455671,0.0429597658292127,0.20105152466190382
-0.75,0.40000000000000013,0.7000000000000002,1,1,1,0.0018534300779660643,3.7379518858963914e-05,0.0,0.5230890659333838,0.08816488483293716,0.21354697270857925
-0.7,0.40000000000000013,0.7000000000000002,1,1,1,0.0004339154644418137,3.7428786648005736e-05,0.01560819175792405,0.6122553978124186,0.12614667411399147,0.21485190929035933
-0.6499999999999999,0.40000000000000013,0.7000000000000002,0,0,1,0.027499772826485646,4.006327594322729e-05,0.0,0.7052628474631346,0.1517224814458819,0.21281656039941643
-0.5999999999999999,0.40000000000000013,0.7000000000000002,0,0,1,0.0616369530448001,4.476302282164722e-05,0.0,0.8024130141260419,0.1713192610327147,0.20805768136263744
-0.5499999999999998,0.40000000000000013,0.7000000000000002,0,0,1,0.06725079708683658,5.2361795455316364e-05,0.0,0.9038430106189652,0.18609408432570618,0.20078393537529704
-0.4999999999999998,0.40000000000000013,0.7000000000000002,0,0,1,0.05011238621195146,6.473587271588145e-05,0.0,0.942636175296554,0.19717238866991404,0.19072112985471396
-0.44999999999999973,0.40000000000000013,0.7000000000000002,0,0,1,0.013620487034729322,8.748091138637252e-05,0.0,0.9213008616255443,0.20533985253133535,0.1771317446998849
-0.3999999999999997,0.40000000000000013,0.7000000000000002,1,1,1,0.00014407072361843557,0.00013906108833788345,0.0062455454099608065,0.8951008510516647,0.2113563298606891,0.15875727513523707
-0.34999999999999964,0.40000000000000013,0.7000000000000002,1,1,1,4.1572992934089064e-05,0.00029035378924676763,0.050754379512408576,0.8888601396733464,0.21573007390699042,0.13344297408637762
-0.2999999999999996,0.40000000000000013,0.7000000000000002,1,1,1,4.062981657092168e-05,0.0009525250113055674,0.10938640899091645,0.9165397446371009,0.21857980985681147,0.09668574350705134
-0.24999999999999956,0.40000000000000013,0.7000000000000002,1,1,1,3.807326414815558e-05,0.0007963070656580771,0.13368487047404432,1.025808137445185,0.21990944254331257,0.03514125633759193
-0.1999999999999995,0.40000000000000013,0.7000000000000002,1,1,1,3.4443685386132996e-05,0.0011756066803154468,0.026308811906075813,0.8394857931732616,0.21943922623434084,0.10318217403567165
-0.14999999999999947,0.40000000000000013,0.7000000000000002,1,1,1,0.0018916450124454884,0.0004348519376409961,0.0,0.8149302270464283,0.21605297645787463,0.10576657598635285
-0.09999999999999942,0.40000000000000013,0.7000000000000002,1,1,1,0.0019488995263961914,0.0006271769419893342,0.0,0.7780669895181855,0.20962410876785212,0.08651299415006909
-0.09999999999999942,0.3500000000000001,0.7000000000000002,1,1,1,0.0015723039292272422,0.0002121571108906707,0.0,0.8041923545950658,0.21632183644817224,0.10105297033419476
-0.14999999999999947,0.3500000000000001,0.7000000000000002,1,1,1,3.674842421339103e-05,0.0005941971248931839,0.08581050182307726,0.8591552455183824,0.22292092987025403,0.10574171245234339
-0.1999999999999995,0.3500000000000001,0.7000000000000002,1,1,1,2.9720710089151887e-05,0.001278685023629211,0.022188981761934068,0.908662227897232,0.22400781218637186,0.08406741136409072
-0.24999999999999956,0.3500000000000001,0.7000000000000002,1,1,1,0.001963069104428958,7.984224502536363e-06,0.0,0.8349506420717314,0.2242334952688568,0.09194773767808585
-0.2999999999999996,0.3500000000000001,0.7000000000000002,1,1,1,0.0019328669924645121,0.0013145852411874626,0.0,0.6720089975648631,0.22405819185300996,0.13031267014721193
-0.34999999999999964,0.3500000000000001,0.7000000000000002,1,1,1,0.0019113469752405183,0.0002565588499345806,0.0,0.5581540095880282,0.2229452700084622,0.1517990306038021
-0.3999999999999997,0.3500000000000001,0.7000000000000002,0,0,1,0.028795964248239207,0.00011874482311381098,0.0,0.47905018534162336,0.22034657001959582,0.16923105791543738
-0.44999999999999973,0.3500000000000001,0.7000000000000002,0,0,1,0.09088549675492712,8.787416534343873e-05,0.0,0.4285337427671667,0.21594827290518204,0.18688422657419307
-0.4999999999999998,0.3500000000000001,0.7000000000000002,0,0,1,0.1347253640444138,8.0250249746872e-05,0.0,0.40309497525043403,0.2092711162402378,0.20050312714497756
-0.5499999999999998,0.3500000000000001,0.7000000000000002,0,0,1,0.15874125880196377,7.881175815705183e-05,0.0,0.39990506931134684,0.1997826496404521,0.20773484281461424
-0.5999999999999999,0.3500000000000001,0.7000000000000002,0,0,1,0.1603863680428663,7.532057156020966e-05,0.0,0.41577273630348266,0.1867947311261666,0.21157656992681245
-0.6499999999999999,0.3500000000000001,0.7000000000000002,0,0,1,0.13460328960370765,6.604203567888747e-05,0.0,0.4468961448553044,0.16924471236372368,0.2134372378216193
-0.7,0.3500000000000001,0.7000000000000002,0,0,1,0.07198815306065766,5.2311565850358805e-05,0.0,0.48907296770207775,0.14543053811446666,0.2136758280875316
-0.75,0.3500000000000001,0.7000000000000002,1,1,1,0.0018481913315214424,3.9702022876347186e-05,0.0,0.538149632267944,0.11360317092929596,0.2122220278551408
-0.75,0.30000000000000004,0.7000000000000002,0,0,1,0.07669835696863578,3.8125419819089525e-05,0.0,0.4512364609964088,0.13245627948958832,0.22113243069183888
-0.7,0.30000000000000004,0.7000000000000002,0,0,1,0.183895339195992,3.345489528955726e-05,0.0,0.39118447367872333,0.16284966857465683,0.22186593853720135
-0.6499999999999999,0.30000000000000004,0.7000000000000002,0,0,1,0.23915064259974197,4.8551884686003136e-05,0.0,0.3369514859706886,0.1843931796984265,0.2210963208153234
-0.5999999999999999,0.30000000000000004,0.7000000000000002,0,0,1,0.2585243372638359,7.351666353857096e-05,0.0,0.29366527686982824,0.1999116401852504,0.21868942869511213
-0.5499999999999998,0.30000000000000004,0.7000000000000002,0,0,1,0.25145639104777817,9.548644720214909e-05,0.0,0.2665189227779359,0.21111631487230725,0.21151199334652326
-0.4999999999999998,0.30000000000000004,0.7000000000000002,0,0,1,0.22174186690198328,0.00010762649843096226,0.0,0.2599304482554414,0.21885244928482164,0.1940049351097252
-0.44999999999999973,0.30000000000000004,0.7000000000000002,0,0,1,0.17098677749990543,0.00011240676575923999,0.0,0.2770255410890039,0.2236460187527616,0.17242021873540847
-0.3999999999999997,0.30000000000000004,0.7000000000000002,0,0,1,0.10041483515373378,0.00012106371265686913,0.0,0.31942227737993667,0.2259724497615365,0.15182910895637036
-0.34999999999999964,0.30000000000000004,0.7000000000000002,0,0,1,0.0114446543039293,0.00014559270437774778,0.0,0.3872383403455033,0.22638376108846153,0.13593974287537414
-0.2999999999999996,0.30000000000000004,0.7000000000000002,1,1,1,0.0017638384765685357,0.00018376202232961062,0.045418922255060945,0.47967599211384115,0.22686272199382285,0.12850227341003628
-0.24999999999999956,0.30000000000000004,0.7000000000000002,1,1,1,4.720869892086517e-05,0.00028148497554888156,0.028014914666585344,0.5969457326638152,0.22719068844045723,0.12996162345479984
-0.1999999999999995,0.30000000000000004,0.7000000000000002,1,1,1,0.0017173138690071896,0.0005411024167463756,0.0,0.7362918146287556,0.22559441586625423,0.10793922396000287
-0.14999999999999947,0.30000000000000004,0.7000000000000002,1,1,1,0.0017836925352623192,0.00028110426255269303,0.0,0.8438481673798415,0.21755372502301215,0.10239905577734422
-0.09999999999999942,0.30000000000000004,0.7000000000000002,1,1,1,0.0014054049770873297,0.000716616358280439,0.0,0.8422169647039044,0.20907322478001758,0.10655905429297478
-0.09999999999999942,0.25,0.7000000000000002,1,1,1,0.0018093927496373923,7.113625526823055e-05,0.0,0.8536991273565842,0.19233443654317275,0.1068752821129783
-0.14999999999999947,0.25,0.7000000000000002,1,1,1,4.710174214877979e-05,0.0015782551088312827,0.08314602666973381,0.8988474705078024,0.20199230584126013,0.08921957961693655
-0.1999999999999995,0.25,0.7000000000000002,1,1,1,0.0019173997660749493,2.8289150516386962e-05,0.0,0.8083662794344018,0.2084726121923702,0.0945983022492438
-0.24999999999999956,0.25,0.7000000000000002,1,1,1,0.0019658975528858216,0.0018704193220602163,0.0,0.6141004461873631,0.21399853082482567,0.08216139042551211
-0.2999999999999996,0.25,0.7000000000000002,1,1,1,0.0019787607825390765,0.00032379731305279817,0.0,0.46001159933427394,0.21986043995147822,0.08962467291581949
-0.34999999999999964,0.25,0.7000000000000002,0,0,1,0.07513789728757335,0.00012032357013257543,0.0,0.3366121040552521,0.22357074519156872,0.10664982446777754
-0.3999999999999997,0.25,0.7000000000000002,0,0,1,0.17528429111751762,0.00010319045462339872,0.0,0.24631822516159296,0.2264640084706562,0.12892301562542158
-0.44999999999999973,0.25,0.7000000000000002,0,0,1,0.2554883701796793,9.249302840272696e-05,0.0,0.18990958083802045,0.22752859913132095,0.15379661299999212
-0.4999999999999998,0.25,0.7000000000000002,0,0,1,0.31354697893187566,0.00010128856787976416,0.0,0.1659773879496278,0.22565774265628033,0.17813735800259933
-0.5499999999999998,0.25,0.7000000000000002,0,0,1,0.34820715334412305,0.00011546405657892093,0.0,0.17145325711161385,0.22023895514348496,0.19863616685128957
-0.5999999999999999,0.25,0.7000000000000002,0,0,1,0.35895897845692876,0.000118781462572733,0.0,0.20167116333492396,0.21100572207696056,0.21328430749314012
-0.6499999999999999,0.25,0.7000000000000002,0,0,1,0.3438298620431248,0.00010203682227294813,0.0,0.2504274487552989,0.1975366034960248,0.22207328511236288
-0.7,0.25,0.7000000000000002,0,0,1,0.2945351010858556,7.00635859512581e-05,0.0,0.3105886718735702,0.1784791701950012,0.22639229012819437
-0.75,0.25,0.7000000000000002,0,0,1,0.18802805949668627,4.183068301392276e-05,0.0,0.3295757234588923,0.1499087343298157,0.2276951180162123
-0.75,0.2,0.7000000000000002,0,0,1,0.2922070783334231,3.782745820852953e-05,0.0,0.2305170869440072,0.16480043352388754,0.22673317592894252
-0.7,0.2,0.7000000000000002,0,0,1,0.4091687552992491,4.17353684755833e-05,0.0,0.2174369850309512,0.19299552272488,0.21986496257772714
-0.6499999999999999,0.2,0.7000000000000002,0,0,1,0.4528815519566298,5.979872443376036e-05,0.0,0.14139268300624241,0.20910720861627788,0.2098506706573943
-0.5999999999999999,0.2,0.7000000000000002,0,0,1,0.4658937510436607,0.00011607911549440585,0.0,0.07627742961821671,0.22027169286139675,0.19792171402651476
-0.5499999999999998,0.2,0.7000000000000002,0,0,1,0.45329697705531696,0.00016602183539110897,0.0,0.030903796569671904,0.2268074494472198,0.1823384984501857
-0.4999999999999998,0.2,0.7000000000000002,0,0,1,0.413881991022095,0.00016239763677525248,0.0,0.012830329526885453,0.22827081517036776,0.16066292699070675
-0.44999999999999973,0.2,0.7000000000000002,0,0,1,0.3464589403009131,0.00017764450824541526,0.0,0.02746663632661095,0.2252088283320736,0.133440283711472
-0.3999999999999997,0.2,0.7000000000000002,0,0,1,0.25338202301435964,0.0001548427826008539,0.0,0.078504808080059,0.22000156371427657,0.10439348754565733
-0.34999999999999964,0.2,0.7000000000000002,0,0,1,0.13937945880152314,0.00015213004490924106,0.0,0.16596655939237737,0.2146086407203386,0.07845314813185786
-0.2999999999999996,0.2,0.7000000000000002,0,0,1,0.00800497063778659,0.00021951253913338778,0.0,0.27807016497239845,0.2096212047852383,0.06380286213040516
-0.24999999999999956,0.2,0.7000000000000002,1,1,1,0.001971601331901117,0.00029684327792455303,0.0,0.3863803138296267,0.20383698668991096,0.07003200180534536
-0.1999999999999995,0.2,0.7000000000000002,1,1,1,0.0016254648756929343,0.0002393959655814855,0.0,0.4812457557325107,0.18832306615973968,0.08897826022991843
-0.14999999999999947,0.2,0.7000000000000002,1,1,1,0.0018204787057532598,0.0001578696237784759,0.0,0.5692867710954408,0.17921754464693307,0.10827106411156359
-0.09999999999999942,0.2,0.7000000000000002,1,1,1,0.001702798052541668,0.0002414789182597806,0.0,0.6277296344518848,0.17843360150248294,0.11209285534108732
-0.09999999999999942,0.15,0.7000000000000002,1,1,1,0.0015841073939008628,6.686016606714839e-05,0.0,0.5940247550692725,0.1679825763273917,0.09712386045756213
-0.14999999999999947,0.15,0.7000000000000002,1,1,1,7.542243086986675e-05,0.00019412749839167878,0.073239196496376,0.5730224529581207,0.17327432732479156,0.07947661856834867
-0.1999999999999995,0.15,0.7000000000000002,1,1,1,6.367975976650151e-05,0.00018282933009155838,0.0045805224740789185,0.5067844058181161,0.1803858245722121,0.053742724291862366
-0.24999999999999956,0.15,0.7000000000000002,0,0,1,0.0024277435588685114,0.00026353057976657177,0.0,0.405908630878987,0.1856308061868472,0.042023997947266946
-0.2999999999999996,0.15,0.7000000000000002,0,0,1,0.05416287498310869,0.0002914049173967462,0.0,0.31657170368543985,0.19838326648068977,0.04595091165895836
-0.34999999999999964,0.15,0.7000000000000002,0,0,1,0.20047009779138256,0.00046191261396384144,0.0,0.2639355476602403,0.20297057498839735,0.05982700479656581
-0.3999999999999997,0.15,0.7000000000000002,0,0,1,0.333441013950256,8.654242266593427e-05,0.0,0.21353149439986474,0.20800525644295428,0.08698399696508136
-0.44999999999999973,0.15,0.7000000000000002,0,0,1,0.4480024429880313,4.18316050763364e-05,0.0,0.15295585584844096,0.2143268763054437,0.11679073754278785
-0.4999999999999998,0.15,0.7000000000000002,0,0,1,0.5316503368338894,3.637054095583279e-05,0.0,0.08601233981442524,0.22241823516503456,0.14417405383363371
-0.5499999999999998,0.15,0.7000000000000002,0,0,1,0.5759763327134363,3.315004392186408e-05,0.0,0.015024878349359394,0.22858853426928022,0.16714057469667173
-0.5999999999999999,0.15,0.7000000000000002,0,0,0,0.5870152658089091,0.002509880938899621,0.0,0.0,0.22730532891249985,0.19255810439843826
-0.6499999999999999,0.15,0.7000000000000002,0,0,1,0.5740929387305295,0.0019650167743392333,0.0,0.0,0.21943957581721543,0.20285571743247605
-0.7,0.15,0.7000000000000002,0,0,1,0.5423679295357903,0.001973153982014291,0.0,0.0,0.20775599882992887,0.20409670788713152
-0.75,0.15,0.7000000000000002,0,0,0,3.0632654132844674,0.008117778080819921,0.0,0.0,0.045571845676607506,0.20123834630186796
-0.75,0.15,0.7500000000000002,0,0,0,0.21950853125461522,0.030170117845344967,0.0,0.0,0.14851662245533317,0.18270603886005823
-0.7,0.15,0.7500000000000002,0,0,1,0.26279216625948054,0.0019733606155429855,0.0,0.0,0.1764238870671193,0.18680177848388013
-0.6499999999999999,0.15,0.7500000000000002,0,0,1,0.3092916764661415,3.127584797379715e-05,0.0,0.027919501748921327,0.1976668302242284,0.1881994072002901
-0.5999999999999999,0.15,0.7500000000000002,0,0,1,0.3333272827325998,3.217049705280632e-05,0.0,0.04432804681590863,0.21262198453143374,0.1867643574310709
-0.5499999999999998,0.15,0.7500000000000002,0,0,1,0.3270104935416037,3.412793769328314e-05,0.0,0.05892114959619077,0.22217380187595803,0.18202521736158003
-0.4999999999999998,0.15,0.7500000000000002,0,0,1,0.29117314288219526,3.9107012341038724e-05,0.0,0.07107628186014159,0.22735038387517456,0.17331217319066394
-0.44999999999999973,0.15,0.7500000000000002,0,0,1,0.2280065830047239,5.177091342711594e-05,0.0,0.08050653112335171,0.2289632789455063,0.16009280756515806
-0.3999999999999997,0.15,0.7500000000000002,0,0,1,0.14229976930076774,8.610963571300814e-05,0.0,0.08737405735499193,0.227878096012433,0.1424349878366799
-0.34999999999999964,0.15,0.7500000000000002,0,0,1,0.03865831050254146,0.00018242648727116332,0.0,0.09243055989446125,0.22484853477205838,0.12124259123257258
-0.2999999999999996,0.15,0.7500000000000002,0,0,1,0.003772731087936582,0.0004603510618021903,0.0,0.09753479770723184,0.21964983408526215,0.09828445037866025
-0.24999999999999956,0.15,0.7500000000000002,1,1,1,0.0003520809613224545,0.0012682039319404927,0.01977007797052055,0.10863014033924312,0.21471985626557769,0.07670959736959856
-0.1999999999999995,0.15,0.7500000000000002,1,1,1,4.1165325577981855e-05,5.73513468174618e-05,0.12962179268927954,0.15065720464121402,0.20821052635066276,0.06201255496453142
-0.14999999999999947,0.15,0.7500000000000002,1,1,1,4.030303771524329e-05,0.0001577284912343209,0.08210466015447115,0.26930650583513094,0.20023407137380558,0.052567422208040615
-0.09999999999999942,0.15,0.7500000000000002,0,1,0,0.0015967578733177975,0.008011898243574386,0.0,0.27780828589210316,0.1914091827914778,3.431023183518044e-05
-0.09999999999999942,0.2,0.7500000000000002,0,1,0,5.3717570752747684e-05,0.052606414356153985,0.020452615277737896,0.20227227022896543,0.20453968229572386,0.021823128993934147
-0.14999999999999947,0.2,0.7500000000000002,1,1,1,4.1471720231644124e-05,0.0017027160174444566,0.10558875671387258,0.335610680657759,0.2139257690651043,0.037510939049171604
-0.1999999999999995,0.2,0.7500000000000002,1,1,1,3.466796991050499e-05,0.00015140494621738182,0.10069400268565043,0.16086955309704454,0.2199655765902605,0.06564826068818556
-0.24999999999999956,0.2,0.7500000000000002,1,1,1,3.671666922544298e-05,0.0004748193167142039,0.001909622814954437,0.06427565440740901,0.22343320828099061,0.08158814722010771
-0.2999999999999996,0.2,0.7500000000000002,0,0,1,0.0020712958971182776,0.0006131398952255346,0.0,0.023475602564821063,0.22564344821514487,0.10062356656281708
-0.34999999999999964,0.2,0.7500000000000002,0,0,1,0.0023723364472842774,0.00039352102011246825,0.0,0.007139929353232155,0.2274076747725885,0.12089715640845998
-0.3999999999999997,0.2,0.7500000000000002,0,0,1,0.0970181155586211,0.0013296295320279362,0.0,0.0,0.22802808678104608,0.13961880803023918
-0.44999999999999973,0.2,0.7500000000000002,0,0,1,0.1749466587143095,0.00187385165814523,0.0,0.0,0.226646692436855,0.15513898659276637
-0.4999999999999998,0.2,0.7500000000000002,0,0,1,0.23186420384194525,0.0009218225773678627,0.0,0.0,0.2228025343532236,0.16683724208357134
-0.5499999999999998,0.2,0.7500000000000002,0,0,1,0.2641266780919603,0.0012029420439147887,0.0,0.0,0.21595095160107028,0.17458828447265343
-0.5999999999999999,0.2,0.7500000000000002,0,0,1,0.2668145347581735,0.0017066184826423074,0.0,0.0,0.20528616403568872,0.1787832056642338
-0.6499999999999999,0.2,0.7500000000000002,0,0,1,0.2325228317108637,0.0012239429275525027,0.0,0.0,0.18901208798454466,0.17988098613016312
-0.7,0.2,0.7500000000000002,0,0,1,0.17632624721710197,0.0016694990574557093,0.0,0.0,0.16673080396401435,0.17817430555899888
-0.75,0.2,0.7500000000000002,0,0,1,0.13342010280688288,0.0013057168155773437,0.0,0.0,0.13830694065350022,0.17381143435504628
-0.75,0.25,0.7500000000000002,0,0,1,0.05714266905199056,6.867718476565031e-05,0.0,0.04469709935489208,0.12583292776396335,0.16142210045026362
-0.7,0.25,0.7500000000000002,0,0,1,0.08680904574401604,3.8719725052388815e-05,0.0,0.06270047597102302,0.1551298641474397,0.16609605548774176
-0.6499999999999999,0.25,0.7500000000000002,0,0,1,0.156270962706386,3.7965745581475526e-05,0.0,0.08120010868618888,0.17834672225360196,0.16790222780090394
-0.5999999999999999,0.25,0.7500000000000002,0,0,1,0.18902564027845256,3.908361440747415e-05,0.0,0.09941221531174183,0.19534222508389587,0.1668088321104038
-0.5499999999999998,0.25,0.7500000000000002,0,0,1,0.18909313364450392,4.2605401063620875e-05,0.0,0.11664275285860759,0.20751868245218724,0.16267277815972642
-0.4999999999999998,0.25,0.7500000000000002,0,0,1,0.1623053361175403,5.07108952398035e-05,0.0,0.13243962203163173,0.2160554728224696,0.15533999052571093
-0.44999999999999973,0.25,0.7500000000000002,0,0,1,0.1125130071382772,6.950319658827467e-05,0.0,0.1468002201932821,0.22173888558905147,0.1447985386126746
-0.3999999999999997,0.25,0.7500000000000002,0,0,1,0.042466344918721935,0.00011341122808230108,0.0,0.16050029353808304,0.22513627215348025,0.13132411911090067
-0.34999999999999964,0.25,0.7500000000000002,1,1,1,0.00197829024988569,0.00021221813003252803,0.0,0.1757219516777675,0.2267728708795012,0.11554032666427139
-0.2999999999999996,0.25,0.7500000000000002,1,1,1,4.468007818894622e-05,0.0004247798922237467,0.08134613812819591,0.19743997893895893,0.22784835697242467,0.09829231456255001
-0.24999999999999956,0.25,0.7500000000000002,1,1,1,4.318018888388593e-05,0.0008784259816161382,0.07572765538958492,0.23626401049574808,0.22826009836848335,0.07980121730595405
-0.1999999999999995,0.25,0.7500000000000002,1,1,1,0.0019936238383435377,0.00011876015685596736,0.0,0.31538286692096484,0.22810949074920625,0.05425628795231814
-0.14999999999999947,0.25,0.7500000000000002,0,1,0,0.0019613621835345174,0.008317833602721925,0.0,0.40148686497683844,0.22604116564633553,3.172166142454368e-05
-0.09999999999999942,0.25,0.7500000000000002,0,1,0,0.001449992437059282,0.12711661156575463,0.0,0.5685197076418711,0.21533063427944366,0.031533768994157045
-0.09999999999999942,0.30000000000000004,0.7500000000000002,0,1,0,5.4519954620592676e-05,0.6150969848277379,0.04208833163865955,0.46730962338506826,0.2172035218583527,0.007067532991684566
-0.14999999999999947,0.30000000000000004,0.7500000000000002,0,1,0,3.580742783529097e-05,0.07483228581471701,0.12504834507028617,0.4995966098096014,0.2230920953713072,0.02075107121430203
-0.1999999999999995,0.30000000000000004,0.7500000000000002,1,1,1,2.9383568950358566e-05,0.0019833501682714615,0.09688914332095266,0.38258770582241614,0.2247781823713814,0.001836195744908891
-0.24999999999999956,0.30000000000000004,0.7500000000000002,1,1,1,2.840761436894734e-05,0.00011816469684616309,0.015587757149900572,0.5035279106830424,0.22470896154329112,0.06176437344708669
-0.2999999999999996,0.30000000000000004,0.7500000000000002,1,1,1,0.0019619192003687198,0.0007407625213111093,0.0,0.43675624205331953,0.22412218554243582,0.08648262103346263
-0.34999999999999964,0.30000000000000004,0.7500000000000002,1,1,1,0.001976048656287955,0.0002738438100610886,0.0,0.39322990338913266,0.22258784314982558,0.10423781727768767
-0.3999999999999997,0.30000000000000004,0.7500000000000002,1,1,1,0.0019786805639586064,0.00016470038566601913,0.0,0.3617421876742477,0.21951085380356813,0.11896311923662593
-0.44999999999999973,0.30000000000000004,0.7500000000000002,0,0,1,0.04569296422437991,0.00010158998599547797,0.0,0.3359331224151547,0.2145515663448854,0.13114922867207773
-0.4999999999999998,0.30000000000000004,0.7500000000000002,0,0,1,0.08881062810147868,6.62625649879096e-05,0.0,0.3121243916202001,0.2073949395002651,0.14068918299376662
-0.5499999999999998,0.30000000000000004,0.7500000000000002,0,0,1,0.11009711290938305,4.945659867067281e-05,0.0,0.28855313240308833,0.19740938618719328,0.14740096652614784
-0.5999999999999999,0.30000000000000004,0.7500000000000002,0,0,1,0.10598089683851758,4.3236250972145915e-05,0.0,0.26465792425084933,0.18380930478112775,0.15118557370176536
-0.6499999999999999,0.30000000000000004,0.7500000000000002,0,0,1,0.07130729009067564,4.2477435840773364e-05,0.0,0.2362457283639796,0.1655366857130821,0.15201860456946373
-0.7,0.30000000000000004,0.7500000000000002,1,1,1,0.0017550566267767636,4.51232751499521e-05,0.0,0.19007100547110412,0.1415589389667694,0.1498706355748128
-0.75,0.30000000000000004,0.7500000000000002,1,1,1,0.0018390103680642424,5.132465844397206e-05,0.0,0.14780003706483402,0.10952851581454703,0.14460923862596212
-0.75,0.3500000000000001,0.7500000000000002,1,1,1,0.00024402964474510322,0.00016310437097607808,0.04237831233557188,0.1118542704171368,0.08703290913668674,0.12286482787417262
-0.7,0.3500000000000001,0.7500000000000002,1,1,1,0.0004231485296980715,5.485506322408335e-05,0.05797125486257371,0.21056368204951514,0.12530674791853377,0.12938883772632212
-0.6499999999999999,0.3500000000000001,0.7500000000000002,1,1,1,0.001959290774331263,5.044892658978383e-05,0.0,0.2807317564610212,0.15106889533666615,0.13243496281488634
-0.5999999999999999,0.3500000000000001,0.7500000000000002,0,0,1,0.018864126673551432,5.066870742998124e-05,0.0,0.30565355395460436,0.17047525745075207,0.132257221311233
-0.5499999999999998,0.3500000000000001,0.7500000000000002,0,0,1,0.0281821009940457,5.5515413006096255e-05,0.0,0.33112383983355453,0.18545348109775525,0.12899567905773193
-0.4999999999999998,0.3500000000000001,0.7500000000000002,0,0,1,0.012892280309290422,6.780433326927745e-05,0.0,0.3568947939392877,0.19677568376094556,0.12269917265998102
-0.44999999999999973,0.3500000000000001,0.7500000000000002,1,1,1,0.0019311399342732461,9.545407471131255e-05,0.0,0.3833165748978846,0.2053319547127778,0.11334055259542733
-0.3999999999999997,0.3500000000000001,0.7500000000000002,1,1,1,3.8936517296240146e-05,0.00015818264388959367,0.030315923148850787,0.4117341270816439,0.21158667313219323,0.10070231296033473
-0.34999999999999964,0.3500000000000001,0.7500000000000002,1,1,1,4.048319380266871e-05,0.00031772780971627983,0.07840515724139663,0.44521549360461377,0.21591208623137145,0.08394058485716033
-0.2999999999999996,0.3500000000000001,0.7500000000000002,1,1,1,3.981532487088707e-05,0.000918718343150681,0.1418535082805592,0.4904574672572082,0.21860215743606431,0.06001910617450909
-0.24999999999999956,0.3500000000000001,0.7500000000000002,1,1,1,3.775316206360278e-05,0.0019944582036161606,0.14737016941236392,0.3847372268439229,0.21970346041913147,0.0011721220216397374
-0.1999999999999995,0.3500000000000001,0.7500000000000002,0,1,0,3.47018170012426e-05,0.04812487620700435,0.04070106086148817,0.45621340261904386,0.21892974232566786,0.0442178735114809
-0.14999999999999947,0.3500000000000001,0.7500000000000002,0,1,0,0.001853097627901088,0.5010705137181546,0.0,0.38644987840217704,0.21574234730579256,0.018224732110675494
-0.09999999999999942,0.3500000000000001,0.7500000000000002,0,1,0,0.001988618617483582,0.4661462121638146,0.0,0.0,0.2096712514099859,0.045083805341075506
-0.09999999999999942,0.40000000000000013,0.7500000000000002,0,1,0,5.5778403181391485e-05,0.1784660436611525,0.060731383660504346,0.047541852380601046,0.19994654550212942,0.10916269659459053
-0.14999999999999947,0.40000000000000013,0.7500000000000002,0,1,0,3.5334783010513996e-05,0.152618026032231,0.13789028152297855,0.0,0.20547333769331197,0.04563330967102529
-0.1999999999999995,0.40000000000000013,0.7500000000000002,0,1,0,2.9920770123226893e-05,0.14768155633246113,0.1651723645927392,0.10688775202197526,0.2084301039264552,0.03339278264601033
-0.24999999999999956,0.40000000000000013,0.7500000000000002,0,1,0,2.9049384011159767e-05,0.05435642846951556,0.09977285239012401,0.0,0.20923965685684492,0.046310222416443045
-0.2999999999999996,0.40000000000000013,0.7500000000000002,0,1,0,3.085616176546168e-05,0.00955166271987413,0.04418241868075157,0.21485453973145274,0.2082508981334872,0.007503412007032047
-0.34999999999999964,0.40000000000000013,0.7500000000000002,1,1,1,3.42963358867008e-05,0.0005154724729320694,0.0009762128219230615,0.36222539668534015,0.20556266839910714,0.04093507786805985
-0.3999999999999997,0.40000000000000013,0.7500000000000002,1,1,1,0.0019058651073302747,0.0005207979175452143,0.0,0.3719002568754233,0.20087481153281753,0.06930363458091213
-0.44999999999999973,0.40000000000000013,0.7500000000000002,1,1,1,0.0019379026425317067,0.00016430671375226277,0.0,0.34586846335023136,0.19391218733433896,0.08491292605824072
-0.4999999999999998,0.40000000000000013,0.7500000000000002,1,1,1,0.0019720627043232544,0.00010285328552488805,0.0,0.30315602193422997,0.18434039971998872,0.09547981281542699
-0.5499999999999998,0.40000000000000013,0.7500000000000002,1,1,1,5.7385471870994495e-05,7.952254192544361e-05,0.009067521008430557,0.24767681022415733,0.17164575216833594,0.10211965053836206
-0.5999999999999999,0.40000000000000013,0.7500000000000002,1,1,1,7.524240807932276e-05,7.206683378508165e-05,0.03798023459854405,0.1818205340174437,0.15497308316348565,0.10520252670437438
-0.6499999999999999,0.40000000000000013,0.7500000000000002,1,1,1,0.00012423221525575715,7.492012992126727e-05,0.025144582294117424,0.10691082787525286,0.13291932599193884,0.10471632002982048
-0.7,0.40000000000000013,0.7500000000000002,1,1,1,0.0002985235934969277,8.930595849077968e-05,0.005200840918256233,0.023350734195735967,0.10226993126766586,0.10035811209768215
-0.75,0.40000000000000013,0.7500000000000002,1,1,1,0.0010776165660938654,0.0019495126492353888,0.0,0.0,0.04857051521848829,0.09143626708668584
-0.75,0.45000000000000007,0.7500000000000002,0,0,0,0.021968227014389836,0.12650222011925616,0.0,0.0,0.025108174322857793,0.0245826322580665
-0.7,0.45000000000000007,0.7500000000000002,0,1,0,0.0005139702871475635,0.0032284363710699485,0.043465144637660824,0.0,0.06705640505776317,0.051125985740538935
-0.6499999999999999,0.45000000000000007,0.7500000000000002,1,1,1,0.0007901599417085513,0.0018334884495336365,0.06157638420365785,0.06050547629109815,0.10874798311739682,0.06393412397837417
-0.5999999999999999,0.45000000000000007,0.7500000000000002,1,1,1,0.0001556580600159283,0.000165103147909002,0.08557421155528067,0.1302667092150651,0.1347135572489743,0.06396630520308351
-0.5499999999999998,0.45000000000000007,0.7500000000000002,1,1,1,7.913308671919903e-05,0.00020550645762967961,0.06961388152413006,0.18965713400043338,0.15389731715123156,0.06033409108298244
-0.4999999999999998,0.45000000000000007,0.7500000000000002,1,1,1,5.4576323733786164e-05,0.00037409916711238185,0.05093055677644509,0.22946109357333544,0.16832095962632418,0.05005073214429799
-0.44999999999999973,0.45000000000000007,0.7500000000000002,1,1,1,4.475552056817033e-05,0.00127288808122008,0.04890832746374629,0.23768845663129134,0.17912318243124578,0.02882284184794803
-0.3999999999999997,0.45000000000000007,0.7500000000000002,0,1,0,4.0167957504271424e-05,0.008254823696770174,0.061791577591221225,0.04195498445664558,0.18698769094230522,0.004193444181371579
-0.34999999999999964,0.45000000000000007,0.7500000000000002,0,1,0,3.758070623634175e-05,0.031327025056523544,0.08827542152727275,0.15063962540203724,0.19237317466862647,0.04314093913899426
-0.2999999999999996,0.45000000000000007,0.7500000000000002,0,1,0,3.567311490513963e-05,0.07772877488571418,0.1270291327562698,0.238929662413097,0.19557622820797346,0.04545966734504663
-0.24999999999999956,0.45000000000000007,0.7500000000000002,0,1,0,3.401388874854269e-05,0.11718750834086687,0.17642642418134358,0.2315989293839671,0.1967274203784139,0.1089216728498141
-0.1999999999999995,0.45000000000000007,0.7500000000000002,0,1,0,3.285441926921942e-05,0.3255166743287223,0.22458788754818937,0.3477134064512404,0.19578674184154632,0.021053406474085892
-0.14999999999999947,0.45000000000000007,0.7500000000000002,0,1,0,3.3223423369423446e-05,0.2016668867999271,0.14354403611573718,0.21438707210121022,0.19258417919624912,0.09980389292587317
-0.09999999999999942,0.45000000000000007,0.7500000000000002,0,1,0,3.70054991591162e-05,2.6724266163548713,0.07107018467303572,0.0,0.18691314523305244,0.045571845676607686
-0.09999999999999942,0.5000000000000001,0.7500000000000002,0,1,0,7.40113184357755e-05,2.6785967623780214,0.14862923773957548,0.0,0.17006207509547022,0.045571845676607686
-0.14999999999999947,0.5000000000000001,0.7500000000000002,0,1,0,3.825585059112623e-05,3.0473504972471472,0.21393570529585393,0.0,0.17597281920795174,0.045571845676607756
-0.1999999999999995,0.5000000000000001,0.7500000000000002,0,1,0,3.446014778444447e-05,2.635640453180588,0.2545623623801003,0.0,0.17934847480554,0.045571845676607686
-0.24999999999999956,0.5000000000000001,0.7500000000000002,0,1,0,3.3716916246301704e-05,1.1108721108533404,0.2075007409576901,0.0,0.18032778473126773,0.046643752745228056
-0.2999999999999996,0.5000000000000001,0.7500000000000002,0,1,0,3.530901418845519e-05,0.09426197866806732,0.1681295338525053,0.011870744979192827,0.17898949646667014,0.1456407201633985
-0.34999999999999964,0.5000000000000001,0.7500000000000002,0,1,0,3.876532280307845e-05,0.09357858944891165,0.13845922830258917,0.12991698188703094,0.1753014593599577,0.10449554203110163
-0.3999999999999997,0.5000000000000001,0.7500000000000002,0,1,0,4.427849215083544e-05,0.051247615177732304,0.1202577838019554,0.04685152560187511,0.16908655708151285,0.07322878381994115
-0.44999999999999973,0.5000000000000001,0.7500000000000002,0,1,0,5.31923676881411e-05,0.08075941471710302,0.11522847180427598,0.0025810596025515053,0.15999314797747582,0.031164136124494472
-0.4999999999999998,0.5000000000000001,0.7500000000000002,0,1,0,6.939597793669158e-05,0.034545840795443275,0.12537926079092765,0.0,0.1474302482651214,0.04784329107121842
-0.5499999999999998,0.5000000000000001,0.7500000000000002,0,1,0,0.00010455621759286481,0.08762646597678293,0.12180666646239269,0.0,0.1303737935363238,0.03438971643950494
-0.5999999999999999,0.5000000000000001,0.7500000000000002,0,1,0,0.00020492334847361284,0.08876921459666758,0.09590302324804734,0.0,0.10675302348927676,0.019697692508114747
-0.6499999999999999,0.5000000000000001,0.7500000000000002,0,1,0,0.0007014609233355107,0.1252740187843167,0.07489446069756278,0.0,0.07083566905795183,0.016176334595045576
-0.7,0.5000000000000001,0.7500000000000002,0,0,0,0.03105310548894956,0.24498834773353673,0.0,0.0,0.015373251364481602,0.04676072573278028
-0.75,0.5000000000000001,0.7500000000000002,0,0,0,0.10676100897862378,0.22812437095919533,0.0,0.0,0.0053871737828805315,0.046523424330535024
-0.75,0.5500000000000002,0.7500000000000002,0,0,0,2.485009910181934,0.2143015268235303,0.0,0.0,0.0455718456766077,0.038233313697236794
-0.7,0.5500000000000002,0.7500000000000002,0,0,0,0.057791935121637654,0.7745586792330118,0.0,0.0,0.07800347425330131,0.017684720787800656
-0.6499999999999999,0.5500000000000002,0.7500000000000002,0,0,0,0.031554090032959614,0.12837749739453314,0.0,0.0,0.018147537074076344,0.0076974620214561845
-0.5999999999999999,0.5500000000000002,0.7500000000000002,0,1,0,0.00048289575390399783,0.09151297114617553,0.11205249194552058,0.0,0.06199502568759467,0.02879752112388002
-0.5499999999999998,0.5500000000000002,0.7500000000000002,0,1,0,0.0006013392285725713,0.6634579571835285,0.13474281838345714,0.0,0.09749831893121266,0.006178007731151607
-0.4999999999999998,0.5500000000000002,0.7500000000000002,0,1,0,0.00014824810059017147,0.2701210968187872,0.1611607199748133,0.0,0.11930441118882426,0.07555316586655558
-0.44999999999999973,0.5500000000000002,0.7500000000000002,0,1,0,8.097891640321409e-05,0.12211516103370382,0.18996162267569638,0.025757641994949232,0.13477304766481202,0.10607915861857378
-0.3999999999999997,0.5500000000000002,0.7500000000000002,0,1,0,5.7734896076592735e-05,0.10270498013761942,0.18485056456396087,0.0,0.14572499231857114,0.15937296753670774
-0.34999999999999964,0.5500000000000002,0.7500000000000002,0,1,0,4.768042391937045e-05,1.2663198268651301,0.19351694498194272,0.0,0.15313526312800496,0.04709080094042543
-0.2999999999999996,0.5500000000000002,0.7500000000000002,0,1,0,4.291945476672856e-05,1.2471831135884164,0.21364069251027318,0.0,0.1575307567461719,0.006749662895629666
-0.24999999999999956,0.5500000000000002,0.7500000000000002,0,1,0,4.103683518951084e-05,2.6225897859886564,0.24322943688732046,0.0,0.15918407008290547,0.045571845676607686
-0.1999999999999995,0.5500000000000002,0.7500000000000002,0,1,0,4.149093328623132e-05,0.01754105361704387,0.2803200347643655,0.0,0.1581919984402527,0.0008571032337613919
-0.14999999999999947,0.5500000000000002,0.7500000000000002,0,1,0,4.475555896151612e-05,0.3042449337601454,0.2974497520479431,0.0306415935865334,0.15451369431573625,0.01762159317714988
-0.09999999999999942,0.5500000000000002,0.7500000000000002,0,1,0,5.223057290215647e-05,2.6856837511222516,0.23879104113175753,0.0,0.14798547127805758,0.045571845676607686
-0.09999999999999942,0.6000000000000002,0.7500000000000002,0,1,0,0.00025557737353257097,2.6936803460437098,0.3393860142774425,0.0,0.11787346699682356,0.045571845676607686
-0.14999999999999947,0.6000000000000002,0.7500000000000002,0,1,0,6.097040728282731e-05,2.6719419526202546,0.33742692358101545,0.0,0.12565080787496968,0.045571845676607686
-0.1999999999999995,0.6000000000000002,0.7500000000000002,0,1,0,5.42602872060731e-05,2.6509684625966634,0.31558320098454207,0.0,0.1299681923068061,0.045571845676607686
-0.24999999999999956,0.6000000000000002,0.7500000000000002,0,1,0,5.336315198131955e-05,0.018796122329927403,0.29114251798538815,0.16697259354503302,0.1310101445495705,0.02034629160406804
-0.2999999999999996,0.6000000000000002,0.7500000000000002,0,1,0,5.773512703775232e-05,2.6113892418982805,0.2648938379015138,0.0,0.12882096578578914,0.045571845676607686
-0.34999999999999964,0.6000000000000002,0.7500000000000002,0,1,0,6.888757438324692e-05,2.592819655165406,0.2376550422233379,0.0,0.12320269325880676,0.045571845676607686
-0.3999999999999997,0.6000000000000002,0.7500000000000002,0,1,0,9.279839208614243e-05,2.5750871355591123,0.21024067373812505,0.0,0.11362913190166299,0.045571845676607686
-0.44999999999999973,0.6000000000000002,0.7500000000000002,0,1,0,0.00015029426873939283,1.330527202517464,0.18346337883420638,0.0,0.09896610342920824,0.0446880945280455
-0.4999999999999998,0.6000000000000002,0.7500000000000002,0,1,0,0.00034233501486044277,0.6938204425290667,0.15825272112878475,0.0,0.07649528627077076,0.058606538834160886
-0.5499999999999998,0.6000000000000002,0.7500000000000002,0,1,0,0.001801394125846687,0.14747922219090973,0.13642597943698842,0.0,0.036432983966192996,0.1782246965747356
-0.5999999999999999,0.6000000000000002,0.7500000000000002,0,0,0,0.026238612599392096,0.6136789785498725,0.0,0.0,0.03951566478475346,0.07955106595310166
-0.6499999999999999,0.6000000000000002,0.7500000000000002,0,0,0,0.22327210360924413,0.20245543280781267,0.0,0.0,0.05389772889004286,0.001799318987357177
-0.7,0.6000000000000002,0.7500000000000002,0,0,0,2.738512867032224,0.29120273723017037,0.0,0.0,0.0454888318309285,0.046534519120399055
-0.75,0.6000000000000002,0.7500000000000002,0,0,0,2.2742843553050744,1.491528405587962,0.0,0.0,0.13562930560368025,0.04639023192464463
-0.75,0.6500000000000002,0.7500000000000002,0,0,1,2.3844318147843637,0.00043120462833354874,0.0,0.2512759177596555,0.13361153549390595,0.06270348721439671
-0.7,0.6500000000000002,0.7500000000000002,0,0,1,2.4219063367314257,0.00015340798877078388,0.0,0.25470462757857204,0.04557184567660768,0.07544476559106573
-0.6499999999999999,0.6500000000000002,0.7500000000000002,0,0,1,2.407104063544899,0.00011378735167459115,0.0,0.24722330764835299,0.04557184567660761,0.08259268660617766
-0.5999999999999999,0.6500000000000002,0.7500000000000002,0,0,1,0.08690103336197717,0.00010760740126684122,0.0,0.2334342165249983,0.09077481348132108,0.08531460641865432
-0.5499999999999998,0.6500000000000002,0.7500000000000002,0,0,1,0.05927105944498786,0.00012177913704625922,0.0,0.21679823709352286,0.04523396831255372,0.08368873236902821
-0.4999999999999998,0.6500000000000002,0.7500000000000002,0,0,1,0.01882918106752916,0.00016751041423830205,0.0,0.1999777783466019,0.022708057630642688,0.07695244493259175
-0.44999999999999973,0.6500000000000002,0.7500000000000002,1,1,1,0.0008441812558091765,0.0003144041461343005,0.1813935294200668,0.18515959516578873,0.026912653511539614,0.0630297710385455
-0.3999999999999997,0.6500000000000002,0.7500000000000002,1,1,1,0.0004936205496090452,0.001168517868983843,0.20761228524140174,0.17473452303759718,0.06130364463634082,0.03513521041555411
-0.34999999999999964,0.6500000000000002,0.7500000000000002,0,1,0,0.0001869398207694494,0.03832186201582749,0.23185726224872516,0.00558966139135153,0.07744745526188038,0.01467194843796975
-0.2999999999999996,0.6500000000000002,0.7500000000000002,0,1,0,0.00011797498482567905,0.04117639583686303,0.2556928802433234,0.029545116685939732,0.08624416154284709,0.052591105750896205
-0.24999999999999956,0.6500000000000002,0.7500000000000002,0,1,0,0.00010189892681799872,0.09285729588236069,0.2782877692531245,0.14337673651031224,0.08968490818253336,0.10405825828313
-0.1999999999999995,0.6500000000000002,0.7500000000000002,0,1,0,0.00010849176975737099,2.660009470904604,0.298806378081375,0.0,0.0883917414673362,0.045571845676607686
-0.14999999999999947,0.6500000000000002,0.7500000000000002,0,1,0,0.00014043579620199795,2.680912231646573,0.316368833906437,0.0,0.08220184237215958,0.045571845676607686
-0.09999999999999942,0.6500000000000002,0.7500000000000002,0,1,0,0.00023513987733047803,0.298328978324055,0.32993861805603997,0.0,0.0699805323043859,0.044921814567614196
-0.09999999999999942,0.7000000000000002,0.7500000000000002,0,0,0,0.04989791178147722,2.7123692591353232,0.0,0.0,0.01958515056797082,0.045571845676607686
-0.14999999999999947,0.7000000000000002,0.7500000000000002,0,0,0,0.03516369825181219,2.6907818546683195,0.0,0.0,0.020399867325620213,0.045571845676607686
-0.1999999999999995,0.7000000000000002,0.7500000000000002,0,0,0,0.015129328233846273,2.6699563631120005,0.0,0.0,0.01006912628118601,0.045571845676607686
-0.24999999999999956,0.7000000000000002,0.7500000000000002,0,0,0,0.01638137415742008,2.63726540746206,0.0,0.0,0.006621176850026436,0.04457576538179453
-0.2999999999999996,0.7000000000000002,0.7500000000000002,0,0,0,0.014459073940909636,2.318644329497012,0.0,0.0,0.015509922536956799,0.04557732126999863
-0.34999999999999964,0.7000000000000002,0.7500000000000002,0,0,0,0.022109197371125152,0.06339835713901532,0.0,0.09933491368128067,0.025195258450521462,0.11474065911143734
-0.3999999999999997,0.7000000000000002,0.7500000000000002,0,0,0,0.056335359436293864,0.06018914270321472,0.0,0.0,0.02779748291366067,0.043629132614811245
-0.44999999999999973,0.7000000000000002,0.7500000000000002,0,0,0,0.3519810715587562,0.04028537861566039,0.0,0.05685902974905854,0.01730061626379842,0.04736807600485773
-0.4999999999999998,0.7000000000000002,0.7500000000000002,0,0,0,0.07726222401455804,0.021656091992879253,0.0,0.0,0.13350113430672056,0.021677211565475894
-0.5499999999999998,0.7000000000000002,0.7500000000000002,0,0,0,0.7173557411771363,0.010583890515570552,0.06865290581690076,0.0,0.025440519187548763,0.011296663665676858
-0.5999999999999999,0.7000000000000002,0.7500000000000002,0,0,0,2.863418920054655,0.02255797579140146,0.0,0.0,0.13212235739494677,0.001171642966906802
-0.6499999999999999,0.7000000000000002,0.7500000000000002,0,0,0,2.0966000241863956,0.00986965104432794,0.0,0.0,0.1998312128503616,0.009676893539252088
-0.7,0.7000000000000002,0.7500000000000002,0,0,0,0.8478266608231045,0.020846468959997172,0.11302220403167906,0.0,0.05552706310251611,0.019899360739566618
-0.75,0.7000000000000002,0.7500000000000002,0,0,0,3.048961139356609,0.039705347204360586,0.0,0.0,0.045571845676607506,0.04195460097447582
-0.75,0.7500000000000002,0.7500000000000002,0,0,0,1.5992061794082946,0.34501318351092153,0.0,0.04588433856266949,0.038757925191216756,0.02882655723233123
-0.7,0.7500000000000002,0.7500000000000002,0,0,0,2.2348835349589575,0.24468785011433505,0.0,0.18207254523103522,0.0468132934747981,0.06769211317190256
-0.6499999999999999,0.7500000000000002,0.7500000000000002,0,0,0,2.3735972005578434,0.09157432144951452,0.0,0.1921892389094091,0.04557184567660766,0.07394640106952764
-0.5999999999999999,0.7500000000000002,0.7500000000000002,0,0,0,2.2795797628937144,0.10930324372299068,0.0,0.09772315021197508,0.04557184567660761,0.0657050184539087
-0.5499999999999998,0.7500000000000002,0.7500000000000002,0,0,0,0.5356585786505893,0.1397152591516012,0.16888401839748513,0.0,0.046345757667948746,0.04420320842315527
-0.4999999999999998,0.7500000000000002,0.7500000000000002,0,0,0,1.6160198452110899,0.1514137411521623,0.0,0.0,0.2255050093703052,0.04392242542177267
-0.44999999999999973,0.7500000000000002,0.7500000000000002,0,0,0,1.4451521928538698,2.589108636981505,0.0,0.0,0.21675291092306342,0.045571845676607686
-0.3999999999999997,0.7500000000000002,0.7500000000000002,0,0,0,0.7401688965305779,1.481221812478563,0.0,0.0,0.04204317163036622,0.0449029668798838
-0.34999999999999964,0.7500000000000002,0.7500000000000002,0,0,0,0.2563647655455028,2.623311561952234,0.0,0.0,0.07817670327209084,0.045571845676607686
-0.2999999999999996,0.7500000000000002,0.7500000000000002,0,0,0,0.6509046076981896,2.538658025480806,0.0,0.0,0.0319789833720066,0.0457593639769215
-0.24999999999999956,0.7500000000000002,0.7500000000000002,0,0,0,0.1197932604357972,2.5137818025296297,0.0,0.0,0.028859836222119038,0.046071639590904025
-0.1999999999999995,0.7500000000000002,0.7500000000000002,0,0,0,0.5621945358881042,2.849635644483819,0.0,0.0,0.0017962453881285052,0.04557184567660767
-0.14999999999999947,0.7500000000000002,0.7500000000000002,0,0,0,0.07353769761181915,2.701540964899913,0.0,0.0,0.03326688810112471,0.045571845676607686
-0.09999999999999942,0.7500000000000002,0.7500000000000002,0,0,0,0.2870963014471858,2.0947245146111246,0.0,0.0,0.07763147785148594,0.2223652184252664
-0.09999999999999942,0.8000000000000003,0.7500000000000002,0,0,0,0.4017473205073148,2.7345895833090648,0.0,0.0,0.044960905433875396,0.045571845676607686
-0.14999999999999947,0.8000000000000003,0.7500000000000002,0,0,0,0.5800655437622829,2.0180187335045017,0.0,0.0,0.049368002853120464,0.047188572662724235
-0.1999999999999995,0.8000000000000003,0.7500000000000002,0,0,0,0.6096160210992309,2.409795344585655,0.0,0.0,0.042939893059468666,0.04557184567660761
-0.24999999999999956,0.8000000000000003,0.7500000000000002,0,0,0,0.8423837927491165,2.67265040057101,0.0,0.0,0.016335383705649256,0.045571845676607686
-0.2999999999999996,0.8000000000000003,0.7500000000000002,0,0,0,2.960719179384846,3.4229004764256774,0.0,0.0,0.12632869782333297,0.04557184567660772
-0.34999999999999964,0.8000000000000003,0.7500000000000002,0,0,0,1.1454947253479906,2.635295077727035,0.0,0.0,0.14878644553527456,0.045571845676607686
-0.3999999999999997,0.8000000000000003,0.7500000000000002,0,0,0,0.2788363421474061,2.814278236959603,0.0,0.0,0.043356054307883175,0.04557184567660772
-0.44999999999999973,0.8000000000000003,0.7500000000000002,0,0,0,0.4450255518487956,2.601249724596294,0.0,0.0,0.20127367640068408,0.045571845676607686
-0.4999999999999998,0.8000000000000003,0.7500000000000002,0,0,0,0.5733795093222427,3.1427661618969105,0.0,0.0,0.19215625086595348,0.03400488526882962
-0.5499999999999998,0.8000000000000003,0.7500000000000002,0,0,0,1.9588796559662758,1.7215411014152269,0.0,0.0,0.22648387471330758,0.04640043445713514
-0.5999999999999999,0.8000000000000003,0.7500000000000002,0,0,0,1.9613751213555222,2.55667364054199,0.0,0.0,0.04528044850184934,0.045571845676607686
-0.6499999999999999,0.8000000000000003,0.7500000000000002,0,0,0,2.0715921179998658,2.5436076929731546,0.0,0.0,0.14803564857599164,0.045571845676607686
-0.7,0.8000000000000003,0.7500000000000002,0,0,0,2.0676346887935906,2.531462045392384,0.0,0.0,0.04592378221607435,0.045571845676607686
-0.75,0.8000000000000003,0.7500000000000002,0,0,0,2.601477477804261,2.520250003228285,0.0,0.0,0.11988779938698381,0.045571845676607686
-0.75,0.8500000000000002,0.7500000000000002,0,0,0,1.8061855672298015,2.5337080878412657,0.0,0.0,0.12970018338903214,0.045571845676607686
-0.7,0.8500000000000002,0.7500000000000002,0,0,0,2.2363438950424377,2.5138069455048635,0.0,0.0,0.19223538096340803,0.04452405741723972
-0.6499999999999999,0.8500000000000002,0.7500000000000002,0,0,0,2.081097419651909,2.556942840849651,0.0,0.0,0.22549995199193285,0.045571845676607686
-0.5999999999999999,0.8500000000000002,0.7500000000000002,0,0,0,1.8759884597672325,1.2150332649448723,0.0,0.0,0.1294293578521518,0.02772906665914826
-0.5499999999999998,0.8500000000000002,0.7500000000000002,0,0,0,3.243811776252097,2.1168184459938426,0.0,0.0,0.19743526716991375,0.029138100600333335
-0.4999999999999998,0.8500000000000002,0.7500000000000002,0,0,0,3.019653848518735,2.5986297767943682,0.0,0.0,0.12220323707958869,0.045571845676607686
-0.44999999999999973,0.8500000000000002,0.7500000000000002,0,0,0,1.1175016286964152,2.6142908647150125,0.0,0.0,0.0431906946641783,0.045571845676607686
-0.3999999999999997,0.8500000000000002,0.7500000000000002,0,0,0,1.2960646191623786,3.261503716573573,0.0,0.0,0.15086526552846005,0.10690789670949588
-0.34999999999999964,0.8500000000000002,0.7500000000000002,0,0,0,1.0751757481990383,1.8383264139664879,0.0,0.5267764655077887,0.045092506284007676,0.020932963880983355
-0.2999999999999996,0.8500000000000002,0.7500000000000002,0,0,0,1.1417430938846977,2.6663527056266263,0.0,0.0,0.01442147127038367,0.045571845676607686
-0.24999999999999956,0.8500000000000002,0.7500000000000002,0,0,0,2.8513696181486523,2.685344811992019,0.0,0.0,0.1312541334438499,0.045571845676607686
-0.1999999999999995,0.8500000000000002,0.7500000000000002,0,0,0,0.47256341887524617,2.7051278653295623,0.0,0.0,0.045102785970365954,0.045571845676607686
-0.14999999999999947,0.8500000000000002,0.7500000000000002,0,0,0,1.5130191856956166,2.725684643584524,0.0,0.0,0.04547990075366457,0.045571845676607686
-0.09999999999999942,0.8500000000000002,0.7500000000000002,0,0,0,0.8524108688475474,2.746997776621327,0.0,0.0,0.08213945581775116,0.045571845676607686
-0.09999999999999942,0.9000000000000002,0.7500000000000002,0,0,0,1.582543464497521,2.623471107032376,0.0,0.0,0.09063469506234394,0.04229127638277293
-0.14999999999999947,0.9000000000000002,0.7500000000000002,0,0,0,2.8529893350587674,2.7390460696915206,0.0,0.0,0.045370931735838865,0.045571845676607686
-0.1999999999999995,0.9000000000000002,0.7500000000000002,0,0,0,1.0357122937213148,2.6503824697162752,0.0,0.0,0.04286370103575918,0.13070296020537728
-0.24999999999999956,0.9000000000000002,0.7500000000000002,0,0,0,1.5196745858156,2.698905955181196,0.0,0.0,0.22425999496532592,0.045571845676607686
-0.2999999999999996,0.9000000000000002,0.7500000000000002,0,0,0,1.0886898566904388,2.680009952672285,0.0,0.0,0.0009792563908698896,0.045571845676607686
-0.34999999999999964,0.9000000000000002,0.7500000000000002,0,0,0,0.8816147467809994,2.661919108074564,0.0,0.0,0.01465306603205573,0.045571845676607686
-0.3999999999999997,0.9000000000000002,0.7500000000000002,0,0,0,1.1556681112957468,2.644649944594267,0.0,0.0,0.043115459454974366,0.045571845676607686
-0.44999999999999973,0.9000000000000002,0.7500000000000002,0,0,0,2.1401243856740377,2.6325649687413804,0.0,0.0,0.04258742967313297,0.04552771403447902
-0.4999999999999998,0.9000000000000002,0.7500000000000002,0,0,0,0.7881575157543728,2.612641060777852,0.0,0.0,0.031132640465338698,0.045571845676607686
-0.5499999999999998,0.9000000000000002,0.7500000000000002,0,0,0,0.8914148083760759,2.5979325056614533,0.0,0.0,0.04436843653377837,0.045571845676607686
-0.5999999999999999,0.9000000000000002,0.7500000000000002,0,0,0,1.4114335249889696,2.5841078335631384,0.0,0.0,0.17836983239257947,0.045571845676607686
-0.6499999999999999,0.9000000000000002,0.7500000000000002,0,0,0,2.47652525918894,2.5415670323076016,0.0,0.0,0.16015658924426351,0.04632035107891901
-0.7,0.9000000000000002,0.7500000000000002,0,0,0,2.529340435875944,3.112477779338404,0.0,0.0,0.14923263843271517,0.12856421413324226
-0.75,0.9000000000000002,0.7500000000000002,0,0,0,1.8329307745597059,2.499498886328989,0.0,0.0,0.1302236757201399,0.046088297356836734
-0.75,0.9500000000000003,0.7500000000000002,0,0,0,2.25220417936937,2.480520739787589,0.0,0.0,0.18674274229982693,0.04586499023248307
-0.7,0.9500000000000003,0.7500000000000002,0,0,0,2.451013284629426,2.9453396530379954,0.0,0.0,0.13449698357906267,0.04377085366843899
-0.6499999999999999,0.9500000000000003,0.7500000000000002,0,0,0,1.235619978641092,2.7999136067529378,0.0,0.0,0.1778361563111139,0.04549511420093829
-0.5999999999999999,0.9500000000000003,0.7500000000000002,0,0,0,2.4280531182127687,2.5991594585754925,0.0,0.0,0.13680877808156733,0.045571845676607686
-0.5499999999999998,0.9500000000000003,0.7500000000000002,0,0,0,1.0927545910516119,2.612904494923699,0.0,0.0,0.12657139366637518,0.045571845676607686
-0.4999999999999998,0.9500000000000003,0.7500000000000002,0,0,0,2.4740463343605428,2.6275292401955284,0.0,0.0,0.1363406565006175,0.045571845676607686
-0.44999999999999973,0.9500000000000003,0.7500000000000002,0,0,0,3.1067278453232317,2.6430190912236164,0.0,0.0,0.08421260861586224,0.045571845676607686
-0.3999999999999997,0.9500000000000003,0.7500000000000002,0,0,0,1.4039814687740797,2.7426133991188695,0.0,0.0,0.12340638293050493,0.04557184567660772
-0.34999999999999964,0.9500000000000003,0.7500000000000002,0,0,0,2.5878896017212853,2.676533193060111,0.0,0.0,0.12241123877167023,0.045571845676607686
-0.2999999999999996,0.9500000000000003,0.7500000000000002,0,0,0,1.043163596031541,2.6945259215755515,0.0,0.0,0.04273816030941918,0.045571845676607686
-0.24999999999999956,0.9500000000000003,0.7500000000000002,0,0,0,1.0019053014900872,1.961272687555522,0.0,0.0,0.043681194197170335,0.05173508086334407
-0.1999999999999995,0.9500000000000003,0.7500000000000002,0,0,0,2.701848546996536,2.732901381137383,0.0,0.0,0.045571845676607506,0.045571845676607686
-0.14999999999999947,0.9500000000000003,0.7500000000000002,0,0,0,0.9997601965297661,1.6524130941542081,0.0,0.0,0.042898001968410183,0.13224101422323348
-0.09999999999999942,0.9500000000000003,0.7500000000000002,0,0,0,1.1622419451044803,2.7743521723102598,0.0,0.0,0.01657087424740081,0.045571845676607686
-0.09999999999999942,1.0000000000000002,0.7500000000000002,0,0,0,1.710111732734694,2.097620112506102,0.0,0.0,0.12855458598028185,0.16229921825011137
-0.14999999999999947,1.0000000000000002,0.7500000000000002,0,0,0,2.2023262149540623,2.768285852857813,0.0,0.0,0.08997637058075521,0.045571845676607686
-0.1999999999999995,1.0000000000000002,0.7500000000000002,0,0,0,2.7824281197425167,2.7480477715357656,0.0,0.0,0.08632661519456528,0.045571845676607686
-0.24999999999999956,1.0000000000000002,0.7500000000000002,0,0,0,2.8739604734250332,2.728575919074393,0.0,0.0,0.1295400078516968,0.045571845676607686
-0.2999999999999996,1.0000000000000002,0.7500000000000002,0,0,0,2.4674228323758034,2.831480589595278,0.0,0.0,0.13357628294326324,0.15004864736532342
-0.34999999999999964,1.0000000000000002,0.7500000000000002,0,0,0,1.0877977704540924,2.0792080344968986,0.0,0.0,0.12611924167574848,0.04631453701267712
-0.3999999999999997,1.0000000000000002,0.7500000000000002,0,0,0,1.3848869912482298,2.6749217784231756,0.0,0.0,0.04356715356216703,0.045571845676607686
-0.44999999999999973,1.0000000000000002,0.7500000000000002,0,0,0,0.8924477564840136,2.6531112937764516,0.0,0.0,0.08454568708806329,0.0463310418182713
-0.4999999999999998,1.0000000000000002,0.7500000000000002,0,0,0,1.4524616617103239,1.6037208004850318,0.0,0.0,0.007492520996266303,0.14691040499622215
-0.5499999999999998,1.0000000000000002,0.7500000000000002,0,0,0,2.5258860830026895,0.523914003226702,0.0,0.0,0.13263203803188703,0.011209022932875292
-0.5999999999999999,1.0000000000000002,0.7500000000000002,0,0,0,2.9412632279944972,2.344587169055143,0.0,0.0,0.14093478578066815,0.09165870945497427
-0.6499999999999999,1.0000000000000002,0.7500000000000002,0,0,0,2.0864714354026206,3.548364532580877,0.0,0.0,0.13217774025373252,0.045992501052549505
-0.7,1.0000000000000002,0.7500000000000002,0,0,0,2.5914367143622425,2.811352322987698,0.0,0.0,0.13676187267367995,0.013699592197847013
-0.75,1.0000000000000002,0.7500000000000002,0,0,0,2.182672558584477,2.444529832544408,0.0,0.0,0.03719740940205656,0.046135318478304974
-0.75,1.0000000000000002,0.8000000000000003,0,0,0,1.997011583640086,2.8318476194263447,0.6329620869332475,0.0,0.07236446479227934,0.04522664556387568
-0.7,1.0000000000000002,0.8000000000000003,0,0,0,2.204661599262349,1.588889405807839,0.0,0.0,0.04455207472047594,0.09717194927064954
-0.6499999999999999,1.0000000000000002,0.8000000000000003,0,0,0,1.4722124048692906,2.5607708692319355,0.0,0.0,0.13496243520245443,0.04557184567660772
-0.5999999999999999,1.0000000000000002,0.8000000000000003,0,0,0,3.0525982093812454,2.464499297439606,0.0,0.0,0.13070296020537733,0.04134070772209348
-0.5499999999999998,1.0000000000000002,0.8000000000000003,0,0,0,2.561880959245473,2.642630571322367,0.0,0.0,0.13680147219197142,0.045571845676607686
-0.4999999999999998,1.0000000000000002,0.8000000000000003,0,0,0,2.393150660026374,2.6570917080480303,0.0,0.0,0.04485359767436326,0.045571845676607686
-0.44999999999999973,1.0000000000000002,0.8000000000000003,0,0,0,2.794565993121382,2.6724102142948825,0.0,0.0,0.09259012733744,0.045571845676607686
-0.3999999999999997,1.0000000000000002,0.8000000000000003,0,0,0,3.3217331227548685,2.449440767652651,0.0,0.0,0.19377335157168518,0.04599530972966748
-0.34999999999999964,1.0000000000000002,0.8000000000000003,0,0,0,2.8588065599277193,2.705560269232172,0.0,0.0,0.1161085447026589,0.045571845676607686
-0.2999999999999996,1.0000000000000002,0.8000000000000003,0,0,0,1.405017879290393,2.436717032005179,0.0,0.0,0.22466117827439408,0.04593395092924589
-0.24999999999999956,1.0000000000000002,0.8000000000000003,0,0,0,2.442361807680506,2.74195849484045,0.0,0.0,0.04306359867953399,0.045571845676607686
-0.1999999999999995,1.0000000000000002,0.8000000000000003,0,0,0,2.2931942085918395,2.761335980267111,0.0,0.0,0.04547501615478672,0.045571845676607686
-0.14999999999999947,1.0000000000000002,0.8000000000000003,0,0,0,1.9650960243541606,2.2572028224275384,0.0,0.0,0.12960713535850737,0.044530548531115245
-0.09999999999999942,1.0000000000000002,0.8000000000000003,0,0,0,2.4259956387454156,2.8023662167707073,0.0,0.0,0.1351594444177839,0.045571845676607686
-0.09999999999999942,0.9500000000000003,0.8000000000000003,0,0,0,2.447263365125752,2.7875149896059206,0.0,0.0,0.13518606367654643,0.045571845676607686
-0.14999999999999947,0.9500000000000003,0.8000000000000003,0,0,0,3.2259914647359578,2.76651401745729,0.0,0.0,0.04554623426226761,0.045571845676607686
-0.1999999999999995,0.9500000000000003,0.8000000000000003,0,0,0,2.783869506041713,2.746262878949802,0.0,0.0,0.04554623426226761,0.045571845676607686
-0.24999999999999956,0.9500000000000003,0.8000000000000003,0,0,0,2.060495909117112,2.7267782806468945,0.0,0.0,0.042679658810517766,0.045571845676607686
-0.2999999999999996,0.9500000000000003,0.8000000000000003,0,0,0,1.5848337375170602,2.708076768357502,0.0,0.0,0.036839290384793895,0.045571845676607686
-0.34999999999999964,0.9500000000000003,0.8000000000000003,0,0,0,2.712283849027351,2.7466848251532356,0.0,0.0,0.03555746817900159,0.04377085366843891
-0.3999999999999997,0.9500000000000003,0.8000000000000003,0,0,0,1.3030432212945846,2.4188718588167784,0.0,0.0,0.22493321864329344,0.1993121800825912
-0.44999999999999973,0.9500000000000003,0.8000000000000003,0,0,0,2.863224371864879,2.6568326552207893,0.0,0.0,0.10663938154961725,0.045571845676607686
-0.4999999999999998,0.9500000000000003,0.8000000000000003,0,0,0,3.1924694271869694,2.641423811007527,0.0,0.0,0.12952807188329468,0.045571845676607686
-0.5499999999999998,0.9500000000000003,0.8000000000000003,0,0,0,1.8571417377866262,2.6268764228390165,0.0,0.0,0.17550429649530042,0.045571845676607686
-0.5999999999999999,0.9500000000000003,0.8000000000000003,0,0,0,3.261407184723093,2.6132048776124472,0.0,0.0,0.2096770636258482,0.045571845676607686
-0.6499999999999999,0.9500000000000003,0.8000000000000003,0,0,0,1.548605344239863,2.4482370826625255,0.0,0.0,0.14522425031954306,0.027394692817561846
-0.7,0.9500000000000003,0.8000000000000003,0,0,0,2.9293252652938455,2.448734918012059,0.0,0.0,0.1306929639771888,0.04611013405592539
-0.75,0.9500000000000003,0.8000000000000003,0,0,0,2.3624465747516905,2.427340855556389,0.0,0.0,0.1696891853736344,0.04448851238907542
-0.75,0.9000000000000002,0.8000000000000003,0,0,0,2.3137678031392244,2.710978672962073,0.0,0.0,0.13331896595144224,0.13392251146606626
-0.7,0.9000000000000002,0.8000000000000003,0,0,0,2.5299876035880025,1.2770125506135042,0.0,0.0,0.136184281092284,0.1351132572615296
-0.6499999999999999,0.9000000000000002,0.8000000000000003,0,0,0,2.0860266412468107,2.585378720471605,0.0,0.0,0.045432539586895374,0.045571845676607686
-0.5999999999999999,0.9000000000000002,0.8000000000000003,0,0,0,2.6938437157464232,2.5982346192669774,0.0,0.0,0.1050069195233619,0.045571845676607686
-0.5499999999999998,0.9000000000000002,0.8000000000000003,0,0,0,2.7259904760728775,2.6119845223981395,0.0,0.0,0.14759390977904718,0.045571845676607686
-0.4999999999999998,0.9000000000000002,0.8000000000000003,0,0,0,1.4657714865833837,2.6266143899966465,0.0,0.0,0.10946630977106714,0.045571845676607686
-0.44999999999999973,0.9000000000000002,0.8000000000000003,0,0,0,2.8231998918251167,2.8474568234887925,0.0,0.0,0.12223824493926266,0.11782610648573862
-0.3999999999999997,0.9000000000000002,0.8000000000000003,0,0,0,1.200364591036705,1.8897737387900544,0.0,0.0,0.013727896753880689,0.04391557034379409
-0.34999999999999964,0.9000000000000002,0.8000000000000003,0,0,0,2.913205512815021,2.6756350982911554,0.0,0.0,0.09871578091248599,0.045571845676607686
-0.2999999999999996,0.9000000000000002,0.8000000000000003,0,0,0,2.4633464212524196,2.693633825837792,0.0,0.0,0.12948627440830354,0.045571845676607686
-0.24999999999999956,0.9000000000000002,0.8000000000000003,0,0,0,0.7468962124096447,2.7124349201755167,0.0,0.0,0.1821742309396463,0.045571845676607686
-0.1999999999999995,0.9000000000000002,0.8000000000000003,0,0,0,1.3819227606577056,2.732021816288732,0.0,0.0,0.07426094211824824,0.045571845676607686
-0.14999999999999947,0.9000000000000002,0.8000000000000003,0,0,0,1.59340368687417,2.752377738096209,0.0,0.0,0.08907023932534487,0.045571845676607686
-0.09999999999999942,0.9000000000000002,0.8000000000000003,0,0,0,2.338479896167296,2.773485752921335,0.0,0.0,0.18960507134319424,0.045571845676607686
-0.09999999999999942,0.8500000000000002,0.8000000000000003,0,0,0,1.0958022826080034,2.4237865135951266,0.0,0.0,0.06810704221741598,0.04206397926145875
-0.14999999999999947,0.8500000000000002,0.8000000000000003,0,0,0,1.8957279549653923,0.9184736480285122,0.0,0.0,0.10296772793175804,0.08044444145054774
-0.1999999999999995,0.8500000000000002,0.8000000000000003,0,0,0,1.8472671101206308,2.732912985631127,0.0,0.0,0.19507025760154964,0.045254005527734856
-0.24999999999999956,0.8500000000000002,0.8000000000000003,0,0,0,1.0100466392241743,2.698941755682677,0.0,0.0,0.042975757211605035,0.045571845676607686
-0.2999999999999996,0.8500000000000002,0.8000000000000003,0,0,0,2.7620365015949346,2.6800460055897304,0.0,0.0,0.09786051157996911,0.045571845676607686
-0.34999999999999964,0.8500000000000002,0.8000000000000003,0,0,0,1.1495370620736696,2.6619554060102977,0.0,0.0,0.09057800609293962,0.045571845676607686
-0.3999999999999997,0.8500000000000002,0.8000000000000003,0,0,0,1.1514349502695003,2.644686479546759,0.0,0.0,0.09719045008325089,0.045571845676607686
-0.44999999999999973,0.8500000000000002,0.8000000000000003,0,0,0,1.5072675575478425,2.5361493233188264,0.0,0.0,0.21738743307994454,0.04579818192808041
-0.4999999999999998,0.8500000000000002,0.8000000000000003,0,0,0,2.1819405081215253,2.8455314152028106,0.0,0.0,0.04727182373100849,0.04557184567660769
-0.5499999999999998,0.8500000000000002,0.8000000000000003,0,0,0,2.6731669032870493,2.5979696975960604,0.0,0.0,0.044261045994714,0.045571845676607686
-0.5999999999999999,0.8500000000000002,0.8000000000000003,0,0,0,2.076278824829113,0.40576740506983366,0.0,0.0,0.1307029602053774,0.22025287800216595
-0.6499999999999999,0.8500000000000002,0.8000000000000003,0,0,0,1.1560871461520594,2.5712188807348397,0.0,0.0,0.20482781303623343,0.045571845676607686
-0.7,0.8500000000000002,0.8000000000000003,0,0,0,1.7319636216119734,2.2172187879850895,0.0,0.0,0.21557442152239153,0.1307029602053773
-0.75,0.8500000000000002,0.8000000000000003,0,0,0,2.2772735510102837,1.8674882017899535,0.0,0.0,0.18677305140963762,0.15673467300360241
-0.75,0.8000000000000003,0.8000000000000003,0,0,0,2.21908609681841,2.5347327117562535,0.0,0.0,0.18912526825212295,0.045571845676607686
-0.7,0.8000000000000003,0.8000000000000003,0,0,0,2.782289998799797,2.545880972971288,0.0,0.0,0.0371955981076613,0.045571845676607686
-0.6499999999999999,0.8000000000000003,0.8000000000000003,0,0,0,1.7904200543422655,2.557958157794465,0.0,0.0,0.17863935843183001,0.045571845676607686
-0.5999999999999999,0.8000000000000003,0.8000000000000003,0,0,0,2.259212383315781,2.570951175249595,0.0,0.0,0.13195330328024324,0.045571845676607686
-0.5499999999999998,0.8000000000000003,0.8000000000000003,0,0,0,2.1107627055221005,2.5848462147693225,0.0,0.0,0.1307029602053774,0.045571845676607686
-0.4999999999999998,0.8000000000000003,0.8000000000000003,0,0,0,0.5928598305083721,2.599628812445599,0.0,0.0,0.04413409300052365,0.045571845676607686
-0.44999999999999973,0.8000000000000003,0.8000000000000003,0,0,0,2.5768771174594653,2.6152839178543,0.0,0.0,0.043930782657068464,0.045571845676607686
-0.3999999999999997,0.8000000000000003,0.8000000000000003,0,0,0,0.5102901805637586,2.6317959608368877,0.0,0.0,0.04462793175958714,0.045571845676607686
-0.34999999999999964,0.8000000000000003,0.8000000000000003,0,0,0,0.9598678302147533,2.649148917665328,0.0,0.0,0.04356400116679189,0.045571845676607686
-0.2999999999999996,0.8000000000000003,0.8000000000000003,0,0,0,0.48592155592075853,2.6673263760660033,0.23927830278125972,0.0,0.055307517994816285,0.045571845676607686
-0.24999999999999956,0.8000000000000003,0.8000000000000003,0,0,0,0.7279062090764487,2.6863115986324857,0.0,0.0,0.07793457452601649,0.045571845676607686
-0.1999999999999995,0.8000000000000003,0.8000000000000003,0,0,0,0.796885338880213,2.7060875842140515,0.0,0.0,0.04602586375442618,0.045571845676607686
-0.14999999999999947,0.8000000000000003,0.8000000000000003,0,0,0,1.4831876122112495,2.7266371269253016,0.0,0.0,0.04357198272590258,0.045571845676607686
-0.09999999999999942,0.8000000000000003,0.8000000000000003,0,0,0,2.249765354704176,2.7937364587450517,0.0,0.0,0.13442206362612752,0.12082832311699071
-0.09999999999999942,0.7500000000000002,0.8000000000000003,0,0,0,0.7376337008595875,2.7364527101335794,0.0,0.0,0.04176901695252171,0.045571845676607686
-0.14999999999999947,0.7500000000000002,0.8000000000000003,0,0,0,0.5582436792562744,1.3712758059964782,0.0,0.0,0.04280980558076966,0.010358402193508358
-0.1999999999999995,0.7500000000000002,0.8000000000000003,0,0,0,0.5872049517921889,2.694418938809882,0.0,0.0,0.035203322494027384,0.045571845676607686
-0.24999999999999956,0.7500000000000002,0.8000000000000003,0,0,0,0.19856602527239975,2.674556675287953,0.0,0.0,0.11861911274903468,0.045571845676607686
-0.2999999999999996,0.7500000000000002,0.8000000000000003,0,0,0,2.1088225776127354,2.6554874130444164,0.0,0.0,0.0466859870403488,0.045571845676607686
-0.34999999999999964,0.7500000000000002,0.8000000000000003,0,0,0,0.66336540620767,2.6372283542286032,0.0,0.0,0.008910079180507482,0.045571845676607686
-0.3999999999999997,0.7500000000000002,0.8000000000000003,0,0,0,1.304931176853866,2.2563294971123073,0.0,0.0,0.18507059355057293,0.04345643449506148
-0.44999999999999973,0.7500000000000002,0.8000000000000003,0,0,0,1.5203324972812264,2.603208285052747,0.0,0.0,0.04436859555086205,0.045571845676607686
-0.4999999999999998,0.7500000000000002,0.8000000000000003,0,0,0,1.2790063984345548,3.170076745489055,0.0,0.0,0.043348638328978895,0.0455764947486385
-0.5499999999999998,0.7500000000000002,0.8000000000000003,0,0,0,0.9774632291835428,2.572627714689248,0.0,0.0,0.04170718208768749,0.045571845676607686
-0.5999999999999999,0.7500000000000002,0.8000000000000003,0,0,0,2.286592891225703,2.5586663225002986,0.0,0.0,0.13677664841490686,0.045571845676607686
-0.6499999999999999,0.7500000000000002,0.8000000000000003,0,0,0,0.903013104579733,3.0885951500817272,0.0,0.0,0.04246752007711568,0.04362921982126403
-0.7,0.7500000000000002,0.8000000000000003,0,0,0,1.7410443806674645,2.8277702109624046,0.0,0.0,0.04557941455074949,0.02964540487695607
-0.75,0.7500000000000002,0.8000000000000003,0,0,0,1.4963861773014477,1.3313585982934621,0.0,0.5968638206976173,0.22486330290436518,0.08683519015175457
-0.75,0.7000000000000002,0.8000000000000003,0,0,0,2.2724206608977866,0.13290163791292142,0.0,0.22219713675156516,0.13007086104713778,0.08612312029229266
-0.7,0.7000000000000002,0.8000000000000003,0,0,0,2.3401665189444163,0.08830144246636097,0.0,0.0,0.04557184567660761,0.04294092838036206
-0.6499999999999999,0.7000000000000002,0.8000000000000003,0,0,0,2.0557451317042146,0.07822091308353149,0.0,0.15760851909102191,0.20605201681355872,0.06010453152916451
-0.5999999999999999,0.7000000000000002,0.8000000000000003,0,0,0,0.9726855916619203,0.07220807810478044,0.15020070315629264,0.11531707530078128,0.025277530768283808,0.04320749237215301
-0.5499999999999998,0.7000000000000002,0.8000000000000003,0,0,0,1.4332907879885501,0.3251156336211317,0.0,0.09116126188891593,0.2248877855599512,0.016903727089588202
-0.4999999999999998,0.7000000000000002,0.8000000000000003,0,0,0,1.3292101212400869,0.3930652334118879,0.0,0.043804218555118624,0.21569953342021655,0.017859732606542417
-0.44999999999999973,0.7000000000000002,0.8000000000000003,0,0,0,0.13371029295714135,0.132852694377793,0.0,0.0,0.15282154091507932,0.026038868982370747
-0.3999999999999997,0.7000000000000002,0.8000000000000003,0,0,0,0.1321446795940232,0.24075465778019,0.0,0.23925514490888533,0.005318969905388483,0.07685224010255672
-0.34999999999999964,0.7000000000000002,0.8000000000000003,0,0,0,0.06536626427186273,2.6262057795853004,0.0,0.0,0.04233912772703509,0.045571845676607686
-0.2999999999999996,0.7000000000000002,0.8000000000000003,0,0,0,0.09555481550636846,0.24144148560159798,0.0,0.0,0.0008589108854290995,0.1455417487907307
-0.24999999999999956,0.7000000000000002,0.8000000000000003,0,0,0,0.08697516424487771,2.6636885729580473,0.0,0.0,0.005217311576526757,0.045571845676607686
-0.1999999999999995,0.7000000000000002,0.8000000000000003,0,0,0,0.045084612093993476,0.9698097207175728,0.0,0.0,0.024360440009435377,0.03976665418481671
-0.14999999999999947,0.7000000000000002,0.8000000000000003,0,0,0,0.32327561647949227,2.7043514621230944,0.0,0.0,0.02629306616605784,0.045571845676607686
-0.09999999999999942,0.7000000000000002,0.8000000000000003,0,0,0,0.057271962432994684,2.4947507043578363,0.0,0.0,0.07866762419157405,0.21211266427678305
-0.09999999999999942,0.6500000000000002,0.8000000000000003,0,0,0,0.017627035486634687,1.6147280603938434,0.0,0.0,0.0007849500231481246,0.016855096705213356
-0.14999999999999947,0.6500000000000002,0.8000000000000003,0,1,0,0.0009867796105231005,1.3317942201158468,0.28566540735695956,0.13253516082850725,0.02179423915805732,0.03664996444171093
-0.1999999999999995,0.6500000000000002,0.8000000000000003,0,1,0,2.451381852252144e-05,2.6737352573838025,0.2692391410380197,0.0,0.035698482092399446,0.045571845676607686
-0.24999999999999956,0.6500000000000002,0.8000000000000003,0,1,0,0.00025239413965530677,2.626837660821741,0.249586704749734,0.0,0.03919021589324656,0.12168731388900408
-0.2999999999999996,0.6500000000000002,0.8000000000000003,0,1,0,0.0005624178268318981,0.1515714089179854,0.22812193878518094,0.1880359432906502,0.03149979546409395,0.07982589608821139
-0.34999999999999964,0.6500000000000002,0.8000000000000003,0,0,0,0.005900217594277744,0.3203842827998595,0.0,0.07640236346757767,0.0007682115634893508,0.018448518123080234
-0.3999999999999997,0.6500000000000002,0.8000000000000003,0,0,0,0.03420382973132928,0.03664176634004634,0.0,0.06279027698498174,0.01840177313097748,0.04087775250445976
-0.44999999999999973,0.6500000000000002,0.8000000000000003,0,0,0,0.05261216935455006,0.010194333866838061,0.0,0.0,0.024871083227842462,0.01031926479570641
-0.4999999999999998,0.6500000000000002,0.8000000000000003,0,0,1,0.3787458918228041,0.001991889333685175,0.0,0.18106444672831712,0.014707770825120056,0.0039489546145114384
-0.5499999999999998,0.6500000000000002,0.8000000000000003,0,0,1,0.6881126095941054,0.001954702680715571,0.0,0.1732001843006894,0.03932291868092663,0.019474819792175076
-0.5999999999999999,0.6500000000000002,0.8000000000000003,0,0,1,2.7711900094638318,0.000100162691309984,0.0,0.17549448439852755,0.04656900794733552,0.03610730308939131
-0.6499999999999999,0.6500000000000002,0.8000000000000003,0,0,1,2.628668099081792,0.0005573372616671366,0.0,0.1740662557459367,0.04351034761596633,0.03236157654037002
-0.7,0.6500000000000002,0.8000000000000003,0,0,1,3.0468089865582493,0.0019249569009062162,0.0,0.16333784556794528,0.045571845676607506,0.013866097987856187
-0.75,0.6500000000000002,0.8000000000000003,0,0,0,3.0591715532875527,0.030085713216813692,0.0,0.0,0.045571845676607506,0.0031311531987779006
-0.75,0.6000000000000002,0.8000000000000003,0,0,1,2.1873735712369697,0.00011572807560196046,0.0,0.20418294521215952,0.18344243013273423,0.07824614413863197
-0.7,0.6000000000000002,0.8000000000000003,0,0,1,1.021064390062673,0.00011733162250096234,0.0,0.1915695785488296,0.016040674879311594,0.08930893674425376
-0.6499999999999999,0.6000000000000002,0.8000000000000003,0,0,1,3.034255955343643,9.226798830682985e-05,0.0,0.16883640251165888,0.045571845676607506,0.0961213472249317
-0.5999999999999999,0.6000000000000002,0.8000000000000003,0,0,1,0.12460279589544569,8.769921417668918e-05,0.0,0.14121650915366368,0.004226240371735569,0.09921701696975369
-0.5499999999999998,0.6000000000000002,0.8000000000000003,0,0,1,0.04386674898301388,9.486737666287665e-05,0.0,0.11256547576613407,0.0214138112828808,0.09839567404753917
-0.4999999999999998,0.6000000000000002,0.8000000000000003,0,0,1,0.008186047938240713,0.00011823457963223142,0.0,0.08577128890329888,0.0007983044054737575,0.09302198907911825
-0.44999999999999973,0.6000000000000002,0.8000000000000003,1,1,1,0.001186315133202368,0.00018214732355636886,0.1554988910042301,0.06320214887458553,0.05869784089295672,0.08183117535144135
-0.3999999999999997,0.6000000000000002,0.8000000000000003,1,1,1,0.00025135973832596156,0.0004142358929352724,0.17918359888612612,0.04736133501353734,0.07997529338389499,0.061778344714021396
-0.34999999999999964,0.6000000000000002,0.8000000000000003,1,1,1,0.00012644337571975125,0.0013754345647029828,0.2035774678100437,0.04377724245663872,0.09303466242900249,0.013235962542369615
-0.2999999999999996,0.6000000000000002,0.8000000000000003,0,1,0,9.099323643084757e-05,0.0359953216638075,0.22775773830120372,0.0444905790394019,0.10041910780655973,0.03065808317360145
-0.24999999999999956,0.6000000000000002,0.8000000000000003,0,1,0,8.162868982106033e-05,0.0911722725029645,0.250906755882371,0.0,0.10329584237918439,0.001853752393670344
-0.1999999999999995,0.6000000000000002,0.8000000000000003,0,1,0,8.561587261445655e-05,2.3095053700985604,0.27224653255263487,0.0,0.10206404956013454,0.02031024943432646
-0.14999999999999947,0.6000000000000002,0.8000000000000003,0,1,0,0.00010408804713793343,2.6856067544313293,0.29103207126050235,0.0,0.09662943411276545,0.045571845676607686
-0.09999999999999942,0.6000000000000002,0.8000000000000003,0,1,0,0.0001517848325616029,2.707235425288536,0.3065528453730155,0.0,0.08632955054942648,0.045571845676607686
-0.09999999999999942,0.5500000000000002,0.8000000000000003,0,1,0,0.0005312306005972462,2.699278987492239,0.3044448900980058,0.0,0.1252417591023775,0.045571845676607686
-0.14999999999999947,0.5500000000000002,0.8000000000000003,0,1,0,5.595915637910093e-05,2.677586047884756,0.31552154161385193,0.0,0.13257869397754,0.045571845676607686
-0.1999999999999995,0.5500000000000002,0.8000000000000003,0,1,0,5.058066154186827e-05,0.041516399908153846,0.29338912768586756,0.0,0.1368132866429189,0.04211164969470572
-0.24999999999999956,0.5500000000000002,0.8000000000000003,0,1,0,4.961234354697917e-05,0.011512583632492912,0.2688146351314744,0.0002355217494915962,0.1379133941036535,0.009290334883670589
-0.2999999999999996,0.5500000000000002,0.8000000000000003,1,1,1,5.313254556060966e-05,0.00011208609550245581,0.24251790416096775,0.05214799702749584,0.13591987906348924,0.060855929902820745
-0.34999999999999964,0.5500000000000002,0.8000000000000003,1,1,1,6.206893747480692e-05,0.00046183522525725573,0.2152934063394305,0.060256089871787655,0.1306736981857458,0.09153201465739172
-0.3999999999999997,0.5500000000000002,0.8000000000000003,1,1,1,8.047144247115035e-05,0.00014473390645409876,0.18794898336408572,0.08006820934916492,0.12174627325808031,0.10913940463252
-0.44999999999999973,0.5500000000000002,0.8000000000000003,1,1,1,0.00012160432704362903,9.141500886582399e-05,0.16128129359644028,0.1084270746039322,0.10823815906514006,0.12007336109243073
-0.4999999999999998,0.5500000000000002,0.8000000000000003,1,1,1,0.0002404846142071832,7.524271854515938e-05,0.13614212829646632,0.14415723429479854,0.08815168515689746,0.12584250580907505
-0.5499999999999998,0.5500000000000002,0.8000000000000003,1,1,1,0.000858224203584887,7.343517819824956e-05,0.1138976396667899,0.18648299282618508,0.055569766112531616,0.12731738509889828
-0.5999999999999999,0.5500000000000002,0.8000000000000003,0,0,1,0.03224840696040082,8.044524007685706e-05,0.0,0.2346742581389547,0.017754976262515883,0.12508978692537173
-0.6499999999999999,0.5500000000000002,0.8000000000000003,0,0,1,0.33398774904583933,9.562123592301443e-05,0.0,0.28759930942289547,0.017195754025355937,0.11967431391964764
-0.7,0.5500000000000002,0.8000000000000003,0,0,1,2.803510390986876,0.00012042299952703427,0.0,0.34296614574148787,0.04696395132013982,0.1116658211765315
-0.75,0.5500000000000002,0.8000000000000003,0,0,1,3.0580762220912074,0.00015908317031989864,0.0,0.39601488776558647,0.045571845676607506,0.10181963786436347
-0.75,0.5000000000000001,0.8000000000000003,0,0,1,3.0587546442886784,0.0002905105836940183,0.0,0.38887263671633043,0.045571845676607506,0.11991878648939862
-0.7,0.5000000000000001,0.8000000000000003,0,0,1,0.09080759248671684,9.958672395871517e-05,0.0,0.31300878742607186,0.04320795374726311,0.1327298988559697
-0.6499999999999999,0.5000000000000001,0.8000000000000003,0,0,1,0.01998489052205683,8.012315462776174e-05,0.0,0.2386756464928559,0.0008711056885535472,0.14314423296868997
-0.5999999999999999,0.5000000000000001,0.8000000000000003,1,1,1,0.0004178463786229019,6.53678547468531e-05,0.07776926600910317,0.16933090906161974,0.07095201556273782,0.15036063866592445
-0.5499999999999998,0.5000000000000001,0.8000000000000003,1,1,1,0.00042321308284850017,5.745851967531445e-05,0.0995876381183125,0.10587248468662258,0.10326174354573665,0.15404895368959703
-0.4999999999999998,0.5000000000000001,0.8000000000000003,1,1,1,0.00012944732232547424,5.4966268190130045e-05,0.12501143382465996,0.04844489350268111,0.12411012431329131,0.15393324770128605
-0.44999999999999973,0.5000000000000001,0.8000000000000003,1,1,1,7.488786600846605e-05,0.0007021519236760595,0.15292280533633384,0.0,0.13901759217462992,0.1495817772923725
-0.3999999999999997,0.5000000000000001,0.8000000000000003,1,1,1,5.5260814736087125e-05,0.0007762135290526902,0.18250271600814427,0.0,0.14963867798094635,0.13981243233536753
-0.34999999999999964,0.5000000000000001,0.8000000000000003,1,1,1,4.658188843139801e-05,0.0010203344838557468,0.2129461745006882,0.0,0.15684272686444803,0.12587534479567308
-0.2999999999999996,0.5000000000000001,0.8000000000000003,1,1,1,4.244466574048817e-05,0.00127249243842011,0.2433543999345078,0.0,0.16109941192153815,0.10611082834536095
-0.24999999999999956,0.5000000000000001,0.8000000000000003,1,1,1,4.081677464991357e-05,0.0003673450041187543,0.2727301683309662,0.0,0.1626440105082535,0.07630131021990774
-0.1999999999999995,0.5000000000000001,0.8000000000000003,0,1,0,4.1273985685008186e-05,0.003067181794593844,0.30002196953456073,0.0,0.16154823395337448,0.0003827997818114156
-0.14999999999999947,0.5000000000000001,0.8000000000000003,0,1,0,4.436508384667688e-05,0.03645737833030892,0.26602995069229396,0.0,0.157760568895281,0.04167013022826433
-0.09999999999999942,0.5000000000000001,0.8000000000000003,0,1,0,5.1594236135694305e-05,2.692227786926109,0.2060902842310608,0.0,0.15113085289201605,0.045571845676607686
-0.09999999999999942,0.45000000000000007,0.8000000000000003,0,1,0,6.440951168176625e-05,0.054427547606988765,0.12594089884509052,0.0,0.17067009299742805,0.018493277284298733
-0.14999999999999947,0.45000000000000007,0.8000000000000003,0,1,0,3.9745731609389065e-05,0.006557928021127087,0.19233024323637293,0.0,0.17688655443785925,0.0005593110103819833
-0.1999999999999995,0.45000000000000007,0.8000000000000003,1,1,1,3.5178761469235466e-05,0.0006797719467376418,0.26787848775944834,0.0,0.1804805920351076,0.07881866439974615
-0.24999999999999956,0.45000000000000007,0.8000000000000003,1,1,1,3.4158905103694833e-05,0.00041209171751483835,0.2878768853910305,0.0047264355227660815,0.18159746067303767,0.11133518359102325
-0.2999999999999996,0.45000000000000007,0.8000000000000003,1,1,1,3.5591441185104676e-05,0.00013589489662147052,0.24741570890632247,0.022337544460774073,0.18033478220599294,0.1326634413616495
-0.34999999999999964,0.45000000000000007,0.8000000000000003,1,1,1,3.8832167199369953e-05,7.873210276057818e-05,0.21181696842974773,0.049394564697860854,0.1766846405081708,0.1475987536375829
-0.3999999999999997,0.45000000000000007,0.8000000000000003,1,1,1,4.401381864364387e-05,5.817636862274947e-05,0.18738890783104134,0.08401197555764695,0.170496002406057,0.1572874659392707
-0.44999999999999973,0.45000000000000007,0.8000000000000003,1,1,1,5.239557956896497e-05,5.106871956948094e-05,0.15474553644765576,0.12572527542973377,0.1614451037345889,0.16245336988501882
-0.4999999999999998,0.45000000000000007,0.8000000000000003,1,1,1,6.759592180924933e-05,5.110846650702856e-05,0.12403328921491408,0.17485005220881167,0.14897356407035936,0.16371631333255618
-0.5499999999999998,0.45000000000000007,0.8000000000000003,1,1,1,0.00010029073071975523,5.662322179401361e-05,0.09593730631461916,0.23216795314148575,0.13210576023509576,0.16154959505571245
-0.5999999999999999,0.45000000000000007,0.8000000000000003,1,1,1,0.0001916594715553206,6.830052954017737e-05,0.07115421857538173,0.29889014700086225,0.10887977368626493,0.15615448627204087
-0.6499999999999999,0.45000000000000007,0.8000000000000003,1,1,1,0.0006203541563959837,8.990482001395002e-05,0.05095163318487872,0.3769278031195866,0.07399994025111081,0.14737246293912298
-0.7,0.45000000000000007,0.8000000000000003,0,0,1,0.028325803347293194,0.00013319674419548725,0.0,0.4696554633417902,0.009108739046956277,0.1346037943174386
-0.75,0.45000000000000007,0.8000000000000003,0,0,1,0.08513232672500715,0.0002389676903096892,0.0,0.5838008307625748,0.01873092842938698,0.11662127689318803
-0.75,0.40000000000000013,0.8000000000000003,0,0,1,0.03865419197203858,0.0005112839142378286,0.0,0.4545403057759567,0.02821448827728603,0.15035651542594924
-0.7,0.40000000000000013,0.8000000000000003,1,1,1,0.0004156897615264345,7.944104100327094e-05,0.0072564143885736065,0.3481228951985682,0.06512364383595853,0.1642194673439245
-0.6499999999999999,0.40000000000000013,0.8000000000000003,1,1,1,0.0008400916813073514,6.0640818194059165e-05,0.02370032922735632,0.25522902274841996,0.10762662771125264,0.1744839824232241
-0.5999999999999999,0.40000000000000013,0.8000000000000003,1,1,1,0.00015709982198816046,5.093156052407586e-05,0.0456552952926117,0.1726067484819125,0.1337483056589934,0.18166053978150376
-0.5499999999999998,0.40000000000000013,0.8000000000000003,1,1,1,7.955659693550444e-05,4.542754862811948e-05,0.07174265070990726,0.09833946718526665,0.15307898403172676,0.18594918842093727
-0.4999999999999998,0.40000000000000013,0.8000000000000003,1,1,1,5.4708843809156674e-05,4.2505691512839395e-05,0.10132595923608889,0.03124156169881953,0.16764521480069683,0.18716889286674843
-0.44999999999999973,0.40000000000000013,0.8000000000000003,1,1,1,4.487212663105814e-05,0.0012095170131937785,0.12746779531606545,0.0,0.1785939068493823,0.18361220096920236
-0.3999999999999997,0.40000000000000013,0.8000000000000003,1,1,1,4.038306861909245e-05,0.0013221296357195916,0.1455903207683773,0.0,0.18659559156671382,0.1759587261525484
-0.34999999999999964,0.40000000000000013,0.8000000000000003,1,1,1,3.798459413826471e-05,0.0015449217679537263,0.17786475776090271,0.0,0.1920812811788926,0.1653615221305075
-0.2999999999999996,0.40000000000000013,0.8000000000000003,1,1,1,3.635765344133389e-05,0.0010108879214917284,0.22296073065330302,0.0,0.195313026393122,0.15126661161376787
-0.24999999999999956,0.40000000000000013,0.8000000000000003,1,1,1,3.50567278838279e-05,0.000691943154728908,0.2774052251064427,0.0,0.19638803152766032,0.13282935425301132
-0.1999999999999995,0.40000000000000013,0.8000000000000003,1,1,1,3.428208728692623e-05,0.001101185462581667,0.19903882984163923,0.0,0.19523876353501893,0.10816257599108611
-0.14999999999999947,0.40000000000000013,0.8000000000000003,1,1,1,3.503748943615424e-05,0.0007792266558882635,0.11682981070034992,0.006355578292795094,0.1916741426655987,0.0719332353345039
-0.09999999999999942,0.40000000000000013,0.8000000000000003,0,1,0,3.948160341524396e-05,0.038830828777733487,0.04341663063837242,0.0008967757828890477,0.18547530992750094,0.01744565598514791
-0.09999999999999942,0.3500000000000001,0.8000000000000003,1,1,1,0.0018752689888329708,0.0009681876220554538,0.0,0.014367859106962033,0.19714260760296903,0.051550530690884444
-0.14999999999999947,0.3500000000000001,0.8000000000000003,1,1,1,3.8903376628198365e-05,0.0019866003371200903,0.07829310743410589,0.004811633994702191,0.20341121568095083,0.09901401968361745
-0.1999999999999995,0.3500000000000001,0.8000000000000003,1,1,1,3.14715925761659e-05,0.0002399043887675503,0.1667163729980914,0.0055964461513737795,0.20690055183638068,0.12599886503901123
-0.24999999999999956,0.3500000000000001,0.8000000000000003,1,1,1,3.0034037549680637e-05,0.00011007128540250734,0.2407157784833358,0.017412149457170845,0.20799052994120712,0.14678310121753285
-0.2999999999999996,0.3500000000000001,0.8000000000000003,1,1,1,3.1578533998898785e-05,6.967388217338325e-05,0.1756977248467868,0.03499356824660005,0.2070286000259392,0.16296582223771647
-0.34999999999999964,0.3500000000000001,0.8000000000000003,1,1,1,3.4342873730146275e-05,5.405020019967567e-05,0.1233034427441011,0.05631116288551885,0.20415853445617999,0.17517732784982973
-0.3999999999999997,0.3500000000000001,0.8000000000000003,1,1,1,3.765318073416273e-05,4.8114466017927895e-05,0.08499890073825567,0.08160567151412268,0.1992867311315534,0.18366561173440205
-0.44999999999999973,0.3500000000000001,0.8000000000000003,1,1,1,4.159457703925716e-05,4.6591603040560326e-05,0.06179338395558176,0.11218141211629717,0.19213372014905258,0.18891628904920535
-0.4999999999999998,0.3500000000000001,0.8000000000000003,1,1,1,4.7131910277225084e-05,4.720084328158233e-05,0.05451732583000024,0.14953087479001326,0.18229270152764737,0.19163385934332774
-0.5499999999999998,0.3500000000000001,0.8000000000000003,1,1,1,5.684846946150783e-05,4.845122340741907e-05,0.06424396462681448,0.19475220513073177,0.16922029454427323,0.19240788783056664
-0.5999999999999999,0.3500000000000001,0.8000000000000003,1,1,1,7.749279167753814e-05,4.920602332401977e-05,0.06534522520286412,0.24827778660444588,0.15209529187352194,0.19157805563913005
-0.6499999999999999,0.3500000000000001,0.8000000000000003,1,1,1,0.00013122502033973644,4.898120676952568e-05,0.040334628926361304,0.3098847008566561,0.1294072890225321,0.18927076011400426
-0.7,0.3500000000000001,0.8000000000000003,1,1,1,0.00033183054686380416,4.8035345770476335e-05,0.020558815223784332,0.3788994615935817,0.09759428922273061,0.18546320708272698
-0.75,0.3500000000000001,0.8000000000000003,1,1,1,0.0004536320027458616,4.7115265726875025e-05,0.01004017759802478,0.4544804836960181,0.03828403808262921,0.18004297270314884
-0.75,0.30000000000000004,0.8000000000000003,1,1,1,0.001498345728353672,5.2609694654320235e-05,0.0,0.3572650441815144,0.07686844513025887,0.19628318720202245
-0.7,0.30000000000000004,0.8000000000000003,1,1,1,0.0005849819572107121,3.1022150816683085e-05,0.0042681482923740965,0.2769583300486369,0.11879222284815573,0.20117667426087935
-0.6499999999999999,0.30000000000000004,0.8000000000000003,1,1,1,0.00013303624834365885,3.349643192937833e-05,0.017303478351852863,0.2009778987652595,0.14577544676741894,0.20470443191979318
-0.5999999999999999,0.30000000000000004,0.8000000000000003,1,1,1,6.976140351068039e-05,3.760305109208917e-05,0.03281393630682339,0.13066684079961588,0.16610273020792443,0.20700247377647613
-0.5499999999999998,0.30000000000000004,0.8000000000000003,1,1,1,4.9869500771959334e-05,4.17013626038894e-05,0.009336132396356334,0.06713604854035315,0.18172879599025665,0.2079838113359265
-0.4999999999999998,0.30000000000000004,0.8000000000000003,1,1,1,3.810732476410296e-05,4.444114549113537e-05,0.0042178833479746825,0.01090421656580487,0.19370189740103252,0.20717491116550496
-0.44999999999999973,0.30000000000000004,0.8000000000000003,1,1,1,4.04573480067615e-05,0.0017686142353161266,0.01606588352019811,0.0,0.20265928632781,0.202160794977601
-0.3999999999999997,0.30000000000000004,0.8000000000000003,1,1,1,3.965301033261456e-05,0.0016355988527765283,0.04447642938979346,0.0,0.20907543615271867,0.19370873508995523
-0.34999999999999964,0.30000000000000004,0.8000000000000003,1,1,1,3.894937416117165e-05,0.0018694404600845696,0.08905019768736588,0.0,0.21338129790700164,0.18214983281981184
-0.2999999999999996,0.30000000000000004,0.8000000000000003,1,1,1,3.766656689451536e-05,0.001848674059493699,0.1490817645962137,0.0,0.21592028173136885,0.16833186723136742
-0.24999999999999956,0.30000000000000004,0.8000000000000003,1,1,1,3.5742279272337173e-05,0.0019963730251795217,0.22325816181274805,0.0,0.21681731736326518,0.1528304912330279
-0.1999999999999995,0.30000000000000004,0.8000000000000003,1,1,1,3.356350464119182e-05,0.001344824569632606,0.12879745130224085,0.0,0.21584358780229845,0.13492801888620762
-0.14999999999999947,0.30000000000000004,0.8000000000000003,1,1,1,3.230890018020291e-05,0.0002196881878062784,0.03410991260370999,0.001965465897587837,0.21240356508790004,0.11253344660235122
-0.09999999999999942,0.30000000000000004,0.8000000000000003,1,1,1,0.00171107601906356,0.0007332834010938232,0.0,0.015841517617935175,0.20627227940589332,0.07993796973586767
-0.09999999999999942,0.25,0.8000000000000003,1,1,1,0.0016442036021175402,0.0001525297405376725,0.0,0.0035210393523756878,0.21301742667476495,0.09364643483472175
-0.14999999999999947,0.25,0.8000000000000003,1,1,1,3.7670963312083636e-05,0.0005608487251625425,0.08660379420544462,0.0,0.219639418713765,0.1174540634103444
-0.1999999999999995,0.25,0.8000000000000003,1,1,1,2.958037486192437e-05,0.00012145508898503327,0.18132871608631318,0.00026261977576202966,0.2225187341312933,0.13335138087473453
-0.24999999999999956,0.25,0.8000000000000003,1,1,1,2.817039116946986e-05,8.345495630125829e-05,0.1588717826651811,0.0019103221917053936,0.22311922905934228,0.14596307082542795
-0.2999999999999996,0.25,0.8000000000000003,1,1,1,2.987162995977988e-05,6.959067293680416e-05,0.08402938764751133,0.002186594627515248,0.22235221858468676,0.15829486371461673
-0.34999999999999964,0.25,0.8000000000000003,1,1,1,3.357249904299653e-05,6.30924214243602e-05,0.02430657805994829,0.0020792385133963087,0.22037251187732468,0.17253242764865576
-0.3999999999999997,0.25,0.8000000000000003,0,0,1,0.002251743043880986,5.816887548741551e-05,0.0,0.005379189844033849,0.21662373661060336,0.18880426427101965
-0.44999999999999973,0.25,0.8000000000000003,0,0,1,0.002451074857653392,5.7291328543399955e-05,0.0,0.016375823602076345,0.2106037870039401,0.20359008043861218
-0.4999999999999998,0.25,0.8000000000000003,0,0,1,0.0022456434181867516,5.851223470966224e-05,0.0,0.038002445815108477,0.20217884337018607,0.21172476403371468
-0.5499999999999998,0.25,0.8000000000000003,0,0,1,0.01376710454179595,5.882340889290554e-05,0.0,0.07132726357634622,0.191151866969951,0.21492014666230433
-0.5999999999999999,0.25,0.8000000000000003,0,0,1,0.002682818603273583,5.58762295984043e-05,0.0,0.11569948920157724,0.17667895836822223,0.21591619104964052
-0.6499999999999999,0.25,0.8000000000000003,0,0,1,0.02752105940972563,4.880153179039521e-05,0.0,0.1691457661384672,0.15815732162145463,0.21556996384598912
-0.7,0.25,0.8000000000000003,0,0,1,0.055794201957667336,3.980135981956168e-05,0.0,0.22887141456237847,0.1337868714017576,0.21399866170753465
-0.75,0.25,0.8000000000000003,0,0,1,0.07873791862637415,3.384675281052476e-05,0.0,0.2918121964656213,0.09923910389669685,0.21099442464905055
-0.75,0.2,0.8000000000000003,0,0,1,0.15254699927398477,2.6964436886069962e-05,0.0,0.21253310690103921,0.11494581201832829,0.21813847399213465
-0.7,0.2,0.8000000000000003,0,0,1,0.1245055643972347,3.0219967745279467e-05,0.0,0.14167784826622487,0.14579993246176864,0.2208502881186651
-0.6499999999999999,0.2,0.8000000000000003,0,0,1,0.09448542158200005,3.05186955815597e-05,0.0,0.07249474801459677,0.1682527992418495,0.2223329785079472
-0.5999999999999999,0.2,0.8000000000000003,0,0,1,0.07925332318263426,4.0677261073563786e-05,0.0,0.008454663081960856,0.18561261415888491,0.2228408677703283
-0.5499999999999998,0.2,0.8000000000000003,0,0,1,0.06711112572834584,0.0019387383880778758,0.0,0.0,0.19905415143934474,0.22133730316386557
-0.4999999999999998,0.2,0.8000000000000003,0,0,1,0.04678346259794854,0.0019332572928417815,0.0,0.0,0.20918924893391486,0.21607338800445497
-0.44999999999999973,0.2,0.8000000000000003,0,0,1,0.0063040630303415595,0.0018547505264667418,0.0,0.0,0.21652800892486623,0.19849978824407852
-0.3999999999999997,0.2,0.8000000000000003,0,0,1,0.0039429023484965,7.681284772875243e-05,0.0,0.013267441839084793,0.22185105344460027,0.17441307709859033
-0.34999999999999964,0.2,0.8000000000000003,1,1,1,3.353224284296177e-05,8.485256021453875e-05,0.023116021851601998,0.046547436384282825,0.224973569242398,0.1504390588621584
-0.2999999999999996,0.2,0.8000000000000003,1,1,1,4.0804319643650115e-05,0.00010693948392036054,0.09097733168048827,0.09734491797421496,0.22644983367199756,0.12995182629571095
-0.24999999999999956,0.2,0.8000000000000003,1,1,1,3.689612534537103e-05,0.00012842281352412624,0.17590311274001236,0.16127132684031809,0.22707177471659828,0.11688205742822595
-0.1999999999999995,0.2,0.8000000000000003,1,1,1,3.400040256838593e-05,0.0001268608106952888,0.13407256166708825,0.22740695127684818,0.22682104258699945,0.11566174000674179
-0.14999999999999947,0.2,0.8000000000000003,1,1,1,3.193363868358273e-05,0.00016961965096817664,0.03131426271239779,0.28094814267704216,0.22444521221323477,0.12035988672151463
-0.09999999999999942,0.2,0.8000000000000003,1,1,1,0.0015876035219214134,0.0003260293835337908,0.0,0.3170189087293096,0.21762612019703922,0.10306733164283872
-0.09999999999999942,0.15,0.8000000000000003,1,1,1,0.0018855176058885877,0.00010445216618938374,0.0,0.3084017175314462,0.21820206533095046,0.10505087378136987
-0.14999999999999947,0.15,0.8000000000000003,1,1,1,3.842049835928007e-05,0.00028904794099928084,0.0907826247641429,0.29476092950267807,0.22732637497423908,0.09769385908739116
-0.1999999999999995,0.15,0.8000000000000003,1,1,1,3.188594080219935e-05,0.0002963605688652885,0.16630336398853984,0.24851101520455243,0.2280377321990988,0.0855158879292036
-0.24999999999999956,0.15,0.8000000000000003,1,1,1,2.9029903977409142e-05,0.00017349517507670334,0.08594250610032894,0.161181405012762,0.22833426917255817,0.09809207070721268
-0.2999999999999996,0.15,0.8000000000000003,1,1,1,2.8339706825806812e-05,0.00013337407420816648,0.006505037961668236,0.07289366611668502,0.2283944716881201,0.12267567217034937
-0.34999999999999964,0.15,0.8000000000000003,0,0,1,0.0033503465771120753,5.189314523494352e-05,0.0,0.007355877051119286,0.22758763477291302,0.1501701771983773
-0.3999999999999997,0.15,0.8000000000000003,0,0,1,0.0028870712115251643,0.00193187981313414,0.0,0.0,0.22528225547325478,0.18584005962268918
-0.44999999999999973,0.15,0.8000000000000003,0,0,1,0.047706961875999196,0.001969721710058627,0.0,0.0,0.22104231657829573,0.21980345625206366
-0.4999999999999998,0.15,0.8000000000000003,0,0,1,0.1005257693186609,0.0019414490714478353,0.0,0.0,0.21467907880114123,0.2255145716570204
-0.5499999999999998,0.15,0.8000000000000003,0,0,1,0.13652694363129553,0.0013126729003794422,0.0,0.0,0.20559644645895334,0.22747726926167866
-0.5999999999999999,0.15,0.8000000000000003,0,0,1,0.15737030692056136,5.0721328244805093e-05,0.0,0.012335121122166726,0.19310065645549548,0.2281694148331217
-0.6499999999999999,0.15,0.8000000000000003,0,0,1,0.17067387264306147,4.9105666449418924e-05,0.0,0.03624570343370337,0.1764987349530305,0.22789249682939444
-0.7,0.15,0.8000000000000003,0,0,1,0.19304144863657977,4.133799880053571e-05,0.0,0.06709787796022626,0.1551899778874127,0.22652348063184322
-0.75,0.15,0.8000000000000003,0,0,1,0.22485791781926132,3.445910879500881e-05,0.0,0.10098476090442432,0.12657634348501481,0.22368360172969348
-0.75,0.15,0.8500000000000002,0,0,1,0.2494709655485913,4.178970541147553e-05,0.0,0.07427427032330458,0.09594687499046828,0.2116654373955606
-0.7,0.15,0.8500000000000002,0,0,1,0.21859835508412015,2.9676605960940898e-05,0.0,0.04559655862724021,0.13211198131183527,0.21542745064206953
-0.6499999999999999,0.15,0.8500000000000002,0,0,1,0.18619341141482837,3.206551848254629e-05,0.0,0.01939377741586723,0.15698018245107345,0.21751435054292864
-0.5999999999999999,0.15,0.8500000000000002,0,0,1,0.15372566711044094,0.0018468618542288489,0.0,0.0,0.1755131478251349,0.21807811402482521
-0.5499999999999998,0.15,0.8500000000000002,0,0,1,0.1218680234975483,0.001967648811191505,0.0,0.0,0.18964161693798776,0.21738143552206057
-0.4999999999999998,0.15,0.8500000000000002,0,0,1,0.09051400979521484,0.0015222019315512113,0.0,0.0,0.20039999851228588,0.21482477771048952
-0.44999999999999973,0.15,0.8500000000000002,0,0,1,0.05849828360240065,4.611054653108589e-05,0.0,0.01021560680196032,0.20846826786210254,0.21029514488756393
-0.3999999999999997,0.15,0.8500000000000002,0,0,1,0.024172001691359163,4.9678348030972634e-05,0.0,0.03531008617003906,0.2143429448876554,0.20275692045526697
-0.34999999999999964,0.15,0.8500000000000002,0,0,1,0.007432707095121398,6.232641997754701e-05,0.0,0.07774310524795913,0.21840020782280664,0.18173685877299356
-0.2999999999999996,0.15,0.8500000000000002,0,0,1,0.003610920897550739,0.00010716938114398405,0.0,0.14428251090829214,0.22090039673542072,0.14885940683915738
-0.24999999999999956,0.15,0.8500000000000002,1,1,1,0.0002486635605549181,0.0002959532617810952,0.052298067480328836,0.2473039259770533,0.22172910139991087,0.11553367550215853
-0.1999999999999995,0.15,0.8500000000000002,1,1,1,3.028457239128071e-05,0.0012840104519933637,0.12756436760179124,0.40289471308490477,0.22076893932613179,0.08645399907415281
-0.14999999999999947,0.15,0.8500000000000002,1,1,1,3.0322915089862056e-05,3.346351074724666e-05,0.13551457115704368,0.5807160744324182,0.21744241093600053,0.08248186962897983
-0.09999999999999942,0.15,0.8500000000000002,1,1,1,3.2697132205226715e-05,0.0009591110064528138,0.04882044708221278,0.6397900940321315,0.21038303761633373,0.07988175803038106
-0.09999999999999942,0.2,0.8500000000000002,1,1,1,4.206841341809602e-05,0.0002812037972159783,0.07447564209478119,0.6108811006158703,0.206424708580593,0.07232544222992847
-0.14999999999999947,0.2,0.8500000000000002,1,1,1,3.5912147663074894e-05,0.0014023614875463036,0.15681890612166272,0.6507025370115529,0.21310537164399515,0.08448116155234624
-0.1999999999999995,0.2,0.8500000000000002,1,1,1,2.9419669168889294e-05,3.656355475523522e-05,0.18771345928821814,0.6135620272851363,0.21652568212530732,0.07530238129845804
-0.24999999999999956,0.2,0.8500000000000002,1,1,1,2.7702077389655038e-05,0.0014571936116480899,0.11504289238474952,0.4599023165626721,0.21757993959579494,0.10703066064505337
-0.2999999999999996,0.2,0.8500000000000002,1,1,1,2.863447480134138e-05,0.00035927914924453914,0.04508732985132591,0.324862600872863,0.21686011622230741,0.14171756771133195
-0.34999999999999964,0.2,0.8500000000000002,1,1,1,0.0019882722584316673,0.00012405066530937826,0.0,0.2352732236580528,0.21432074624337097,0.17109689468652092
-0.3999999999999997,0.2,0.8500000000000002,1,1,1,0.001994224876261817,6.493583884897818e-05,0.0,0.17603851863646192,0.2096497243586956,0.19114201858633825
-0.44999999999999973,0.2,0.8500000000000002,1,1,1,0.0019948351486808093,4.648136285762894e-05,0.0,0.13829091650556258,0.2029001082179523,0.20210844805481423
-0.4999999999999998,0.2,0.8500000000000002,0,0,1,0.01976687396759413,4.131738386680097e-05,0.0,0.11681636676221085,0.19385564939327501,0.2082962539388779
-0.5499999999999998,0.2,0.8500000000000002,0,0,1,0.053480693946871154,4.044354350079362e-05,0.0,0.10830923224764621,0.18221840010001522,0.21172704965081107
-0.5999999999999999,0.2,0.8500000000000002,0,0,1,0.08614333698324182,4.0113438704990874e-05,0.0,0.11027901140086671,0.1671351723563381,0.21311214411263454
-0.6499999999999999,0.2,0.8500000000000002,0,0,1,0.11789617138111168,3.861823396411087e-05,0.0,0.12043431958741602,0.1473944025862223,0.2127176716112338
-0.7,0.2,0.8500000000000002,0,0,1,0.14788246347249087,3.608407817220016e-05,0.0,0.13641716339653698,0.12059768349302454,0.21059011373804126
-0.75,0.2,0.8500000000000002,0,0,1,0.1730135949499149,3.440010910436682e-05,0.0,0.15581966567829175,0.0797397822558342,0.20663591090232275
-0.75,0.25,0.8500000000000002,0,0,1,0.09082112785136767,2.7165825146396992e-05,0.0,0.23944458866622664,0.054428513064468165,0.19963607868330735
-0.7,0.25,0.8500000000000002,0,0,1,0.07615042245967493,3.3199273798737194e-05,0.0,0.22566518289278603,0.10538278484974781,0.20371889011582658
-0.6499999999999999,0.25,0.8500000000000002,0,0,1,0.04969045375893724,3.583895843269603e-05,0.0,0.215962652223888,0.13531048622729538,0.20579663869729253
-0.5999999999999999,0.25,0.8500000000000002,0,0,1,0.019339288111289505,4.009524458312883e-05,0.0,0.2126246628538846,0.15683497857374243,0.20590227984006176
-0.5499999999999998,0.25,0.8500000000000002,1,1,1,0.0005705141687877784,4.4731267424253554e-05,0.0016509933167281332,0.21805875620260906,0.17355567062346935,0.203900069504706
-0.4999999999999998,0.25,0.8500000000000002,1,1,1,4.2508080966848054e-05,4.9641765759902124e-05,0.02841824088237299,0.23484666438522517,0.18610538806234037,0.19937784442755793
-0.44999999999999973,0.25,0.8500000000000002,1,1,1,3.953258227215549e-05,5.6778433256895364e-05,0.060143102889721245,0.26610909442197883,0.19574967628583897,0.19141785351169996
-0.3999999999999997,0.25,0.8500000000000002,1,1,1,3.773564287000657e-05,7.176137825533356e-05,0.09686332326495206,0.31630407610388156,0.20277409569320304,0.17826878288337192
-0.34999999999999964,0.25,0.8500000000000002,1,1,1,3.6574930449463576e-05,0.00011063994222218907,0.1382881577768753,0.3928591511361721,0.2075397763191323,0.15779430195814678
-0.2999999999999996,0.25,0.8500000000000002,1,1,1,3.5415600789481335e-05,0.00023257624526298775,0.18398352347730462,0.5100363607816991,0.21028349578810057,0.1292849532664287
-0.24999999999999956,0.25,0.8500000000000002,1,1,1,3.423713314411388e-05,0.0007785614812582418,0.20434693341929167,0.7014603490484559,0.21104841524864074,0.09220201705462325
-0.1999999999999995,0.25,0.8500000000000002,1,1,1,3.3430883673058525e-05,0.0005486526104707805,0.10483391941824705,1.126236763611976,0.20960450881992698,0.04028287815348008
-0.14999999999999947,0.25,0.8500000000000002,1,1,1,3.406858836454995e-05,0.0004771010267537976,0.012022675274697803,0.8504703675064693,0.2054375141035207,0.05442162523691231
-0.09999999999999942,0.25,0.8500000000000002,1,1,1,0.0017736604130651546,0.0003008392553960166,0.0,0.4919483919379122,0.19893709428985296,0.052247793859160375
-0.09999999999999942,0.30000000000000004,0.8500000000000002,1,1,1,4.76861066745338e-05,0.000583913510675826,0.045541126946189614,0.4127048457541247,0.19126328488327732,0.026278851154834786
-0.14999999999999947,0.30000000000000004,0.8500000000000002,1,1,1,3.9737667433439194e-05,0.0004783561308575958,0.12304224833512911,0.8272716580715487,0.1980166885530432,0.057405353268052
-0.1999999999999995,0.30000000000000004,0.8500000000000002,1,1,1,3.243228577154079e-05,6.586090725626211e-05,0.2084248142569648,1.152792278425926,0.20184935498976148,0.04521349166547841
-0.24999999999999956,0.30000000000000004,0.8500000000000002,1,1,1,3.0640661249870037e-05,0.0008976894222377944,0.26765516348699947,0.8359524210182534,0.2031596888159692,0.0645013043212457
-0.2999999999999996,0.30000000000000004,0.8500000000000002,1,1,1,3.1638395273393746e-05,6.435800965697559e-05,0.21138099106195352,0.603664158985906,0.20227106163157207,0.11025101997184526
-0.34999999999999964,0.30000000000000004,0.8500000000000002,1,1,1,3.408323000651485e-05,0.00036900843503456446,0.15923020238728913,0.47084002825111604,0.1993080592838186,0.14180524709764908
-0.3999999999999997,0.30000000000000004,0.8500000000000002,1,1,1,3.7542300494846997e-05,0.0001300852258711554,0.11168943572322299,0.3886425549321415,0.19417992003670595,0.16346943197642538
-0.44999999999999973,0.30000000000000004,0.8500000000000002,1,1,1,4.215814225070535e-05,7.65498694350042e-05,0.06928833236021648,0.3365004222303054,0.18662475172697404,0.1776980309206829
-0.4999999999999998,0.30000000000000004,0.8500000000000002,1,1,1,4.897834235695725e-05,5.915069241516206e-05,0.03244613319464085,0.3060441692576732,0.1762444199622448,0.18664394980782362
-0.5499999999999998,0.30000000000000004,0.8500000000000002,1,1,1,5.664232645134894e-05,5.235714956848553e-05,0.001681522277772629,0.29228742043654865,0.16246360979354835,0.19197759268544742
-0.5999999999999999,0.30000000000000004,0.8500000000000002,1,1,1,0.0018290541127428414,4.846152568239753e-05,0.0,0.291728810299023,0.14422358878809816,0.1946146034695217
-0.6499999999999999,0.30000000000000004,0.8500000000000002,1,1,1,0.0016451616519665663,4.4899988717535495e-05,0.0,0.3014657621934651,0.11986865060932854,0.19498273427844892
-0.7,0.30000000000000004,0.8500000000000002,1,1,1,0.0016852609092313422,4.151647975174951e-05,0.0,0.3188295667154488,0.08426860994579452,0.19322536172877144
-0.75,0.30000000000000004,0.8500000000000002,0,0,1,0.015026088895959794,3.960094025410824e-05,0.0,0.341316432268572,0.0009779236026687466,0.18930314473482115
-0.75,0.3500000000000001,0.8500000000000002,0,0,1,0.04921916381308644,3.9549571676842045e-05,0.0,0.43078865652539644,0.04444346951031327,0.17691115489493728
-0.7,0.3500000000000001,0.8500000000000002,1,1,1,0.0008397911823236781,3.845665057592434e-05,0.035105578047950114,0.41429446831074657,0.051624244771989035,0.18095773127511489
-0.6499999999999999,0.3500000000000001,0.8500000000000002,1,1,1,0.0014072819362875254,4.199341210264907e-05,0.052527013988264315,0.40393897777346544,0.10015378507527499,0.18256968986980024
-0.5999999999999999,0.3500000000000001,0.8500000000000002,1,1,1,0.0001819178388239836,4.8141561816258126e-05,0.06759137282913752,0.4021462986297819,0.12748416482370792,0.1817297551701848
-0.5499999999999998,0.3500000000000001,0.8500000000000002,1,1,1,8.77750010320642e-05,5.666980146502695e-05,0.08922250608682702,0.41171918322570367,0.14773261418803177,0.17820756388916634
-0.4999999999999998,0.3500000000000001,0.8500000000000002,1,1,1,5.77703749347484e-05,6.900812544039412e-05,0.11678046779982498,0.436035908147983,0.16289814064574998,0.17147053186159686
-0.44999999999999973,0.3500000000000001,0.8500000000000002,1,1,1,4.616115712918124e-05,9.057797988744015e-05,0.1497415974346641,0.4796814368374984,0.17426713654354362,0.16056872502029668
-0.3999999999999997,0.3500000000000001,0.8500000000000002,1,1,1,4.0861394613808536e-05,0.00013790680060953237,0.18780180409323766,0.5499480407790127,0.18255857958289384,0.14410153484256674
-0.34999999999999964,0.3500000000000001,0.8500000000000002,1,1,1,3.8089604972117236e-05,0.00026827443326065623,0.2306786871234654,0.6606820505915865,0.1882172151149657,0.1204299726644228
-0.2999999999999996,0.3500000000000001,0.8500000000000002,1,1,1,3.6435426754878525e-05,0.0007266487621757364,0.27666667909164255,0.8444252222165933,0.19150723257749103,0.08810939055984433
-0.24999999999999956,0.3500000000000001,0.8500000000000002,1,1,1,3.545546618030823e-05,0.00015586107995952541,0.31280786904662294,1.2069772487677615,0.19252644419522913,0.05358879885045858
-0.1999999999999995,0.3500000000000001,0.8500000000000002,1,1,1,3.530063363059006e-05,8.551694886078882e-05,0.23158684974396804,1.023229358325731,0.19120517258021283,0.05710789787499773
-0.14999999999999947,0.3500000000000001,0.8500000000000002,1,1,1,3.683196073748488e-05,0.001859830161030441,0.15113372183101392,0.7362802510556317,0.18733767573450946,0.04971624899969535
-0.09999999999999942,0.3500000000000001,0.8500000000000002,0,1,0,4.214123535244542e-05,0.02723390599248431,0.07905149149893476,0.16049348624361776,0.18066891851193703,0.020946521695839194
-0.09999999999999942,0.40000000000000013,0.8500000000000002,0,1,0,6.257519525429508e-05,0.23195160266471498,0.14155977661619412,0.5568634294720229,0.16722862683891826,0.03044414168772039
-0.14999999999999947,0.40000000000000013,0.8500000000000002,0,1,0,4.2417280993158324e-05,0.005272348952553182,0.20760490038693225,0.31553048051867055,0.1738829221447865,4.888244030059114e-05
-0.1999999999999995,0.40000000000000013,0.8500000000000002,1,1,1,3.6870828253822783e-05,0.00032975208870895186,0.28266004196536,0.8267479008445249,0.1777615268929489,0.05379630268063277
-0.24999999999999956,0.40000000000000013,0.8500000000000002,1,1,1,3.541111421429459e-05,0.0016392509760973942,0.2996916394821394,1.0446492696335272,0.1790369908219192,0.05706466310599302
-0.2999999999999996,0.40000000000000013,0.8500000000000002,1,1,1,3.657604530391569e-05,0.0002729579664382143,0.2673923629637569,1.1840316999656897,0.17782817303990575,0.037532061341159204
-0.34999999999999964,0.40000000000000013,0.8500000000000002,1,1,1,3.9671775722026246e-05,1.9759616174812826e-06,0.2338375434412674,0.7712659016684285,0.17414094629981994,0.07528190381600726
-0.3999999999999997,0.40000000000000013,0.8500000000000002,1,1,1,4.4907203334758084e-05,0.0008090294517802464,0.2002243918296056,0.6369698476515331,0.16783123044589893,0.10791698062006141
-0.44999999999999973,0.40000000000000013,0.8500000000000002,1,1,1,5.3692280321515986e-05,0.00023046832353540585,0.167603036758615,0.5611901307226659,0.1585737897651168,0.12921285162278884
-0.4999999999999998,0.40000000000000013,0.8500000000000002,1,1,1,7.004082720803718e-05,0.00012150757487432188,0.13684645707313292,0.5191900244429188,0.14579148604641118,0.14338343492996364
-0.5499999999999998,0.40000000000000013,0.8500000000000002,1,1,1,0.00010611725936298323,8.545900781190977e-05,0.10867962616117222,0.5011969261395386,0.1284465605914108,0.1523244937286685
-0.5999999999999999,0.40000000000000013,0.8500000000000002,1,1,1,0.00021127390796184324,6.978984666074696e-05,0.08381585665949132,0.5012771102911255,0.1043780515621541,0.15732634616819632
-0.6499999999999999,0.40000000000000013,0.8500000000000002,1,1,1,0.0007579626972900466,6.132803043847306e-05,0.06350672146763836,0.5154719007659931,0.06738356843454815,0.1591454638710183
-0.7,0.40000000000000013,0.8500000000000002,0,0,1,0.03393722888398235,5.659315436140575e-05,0.0,0.5408018625236761,0.019850688899289926,0.15815737199905777
-0.75,0.40000000000000013,0.8500000000000002,0,0,1,0.0860472360873858,5.5252436015018685e-05,0.0,0.5748673116710439,0.07366974747057213,0.15446114770897965
-0.75,0.45000000000000007,0.8500000000000002,0,0,1,2.833670233994307,0.00015521493131432395,0.0,0.7108715998960711,0.04698323636425582,0.13261192399481406
-0.7,0.45000000000000007,0.8500000000000002,0,0,1,0.33053888066515413,5.679117320811951e-05,0.0,0.6832504165455875,0.01659653069334057,0.1360788852500302
-0.6499999999999999,0.45000000000000007,0.8500000000000002,0,0,1,0.024928759465112783,6.435903633772638e-05,0.0,0.6671548040710333,0.0044459354537453415,0.13641094758535072
-0.5999999999999999,0.45000000000000007,0.8500000000000002,1,1,1,0.0003488408384190342,7.941125171811398e-05,0.10635463230425568,0.6658151453364991,0.06906128741557878,0.13340145764639108
-0.5499999999999998,0.45000000000000007,0.8500000000000002,1,1,1,0.0004478574733153248,0.00010684781018821178,0.12956397804332198,0.6837054024070728,0.10210646678861869,0.1265610294369498
-0.4999999999999998,0.45000000000000007,0.8500000000000002,1,1,1,0.00013102014934402258,0.00016225398158119375,0.15624984932017805,0.7279493695275363,0.12316798085276881,0.11503499890766909
-0.44999999999999973,0.45000000000000007,0.8500000000000002,1,1,1,7.533800615951759e-05,0.0002969271631632079,0.18550019373045634,0.8117949214968703,0.13821259649671563,0.09761830985841137
-0.3999999999999997,0.45000000000000007,0.8500000000000002,1,1,1,5.5500976026084255e-05,0.0006797696264520452,0.2164806210014345,0.9647006801882156,0.14891727864379845,0.07360041983465947
-0.34999999999999964,0.45000000000000007,0.8500000000000002,1,1,1,4.686626578601726e-05,0.0018106915182607738,0.2483345223087592,1.1593366418096782,0.1561617691437778,0.05312345830112551
-0.2999999999999996,0.45000000000000007,0.8500000000000002,1,1,1,4.289119778602121e-05,0.0017430471147781381,0.2800913112167689,1.0213318186469071,0.16041580123283214,0.05857139271486242
-0.24999999999999956,0.45000000000000007,0.8500000000000002,1,1,1,4.150954048417576e-05,0.0013144367723814832,0.31066996545658965,0.8316442963173472,0.1619089099023747,0.05478598102064937
-0.1999999999999995,0.45000000000000007,0.8500000000000002,1,1,1,4.228388742589029e-05,0.0017560189512882602,0.3389268343447651,0.37137426105776156,0.16070187791407242,0.00810882220305488
-0.14999999999999947,0.45000000000000007,0.8500000000000002,0,1,0,4.579858576609356e-05,0.07703145722837137,0.28393903522725195,0.7566333169971737,0.15672852977768062,0.05146630709220718
-0.09999999999999942,0.45000000000000007,0.8500000000000002,0,1,0,5.375813287787494e-05,0.1652656976327818,0.22389422647295187,0.008271833094514458,0.14982657570809643,0.04271631044771291
-0.09999999999999942,0.5000000000000001,0.8500000000000002,0,1,0,0.0001551773595760095,0.9435982704428263,0.3062210431115623,0.0,0.12629736362594124,0.05582672673634614
-0.14999999999999947,0.5000000000000001,0.8500000000000002,0,1,0,5.726363274442681e-05,0.19319636018150307,0.33846239822396784,0.0,0.13395741929093413,0.044778124825406496
-0.1999999999999995,0.5000000000000001,0.8500000000000002,0,1,0,5.064651504447574e-05,0.0829722660369478,0.31596247591279525,0.5483052159033117,0.13829836667355563,0.029221956253813776
-0.24999999999999956,0.5000000000000001,0.8500000000000002,0,1,0,4.933824048082315e-05,0.0038111458713262596,0.29086961553238977,0.31552991165509453,0.1394973026887745,8.837929673297476e-05
-0.2999999999999996,0.5000000000000001,0.8500000000000002,1,1,1,5.2475307961476376e-05,0.00013029581214108642,0.2639141946445003,0.7488467435507196,0.13760027732501695,0.049778720661453946
-0.34999999999999964,0.5000000000000001,0.8500000000000002,1,1,1,6.076328837836285e-05,0.00047695596369994053,0.235930035224031,0.9369757993189165,0.1324645160495145,0.05976047146524882
-0.3999999999999997,0.5000000000000001,0.8500000000000002,1,1,1,7.783880262218505e-05,0.00029780901458831385,0.20776961543172767,1.052670238257483,0.12368861068795556,0.05617874345712709
-0.44999999999999973,0.5000000000000001,0.8500000000000002,1,1,1,0.00011557410200433745,0.0005732605008817072,0.1802613033278968,1.131452831544986,0.11042498406505147,0.042475729327083794
-0.4999999999999998,0.5000000000000001,0.8500000000000002,1,1,1,0.0002217057103259408,0.0007841283996339068,0.15424413357486433,1.1309683068155745,0.09081089580093651,0.036994216873246215
-0.5499999999999998,0.5000000000000001,0.8500000000000002,1,1,1,0.0007366971868789419,0.0004257813826552442,0.13088820679651292,0.9861253049380243,0.05951769986992633,0.05628583568151992
-0.5999999999999999,0.5000000000000001,0.8500000000000002,0,0,1,0.029673868761789558,0.00024042670513003159,0.0,0.9550658721745695,0.012620810747383759,0.06740846138492641
-0.6499999999999999,0.5000000000000001,0.8500000000000002,0,0,1,0.06800513664242905,0.00018397498595795224,0.0,0.9698791279843773,0.0411737632547309,0.07318217513329628
-0.7,0.5000000000000001,0.8500000000000002,0,0,1,0.8826396174920108,0.00015992930504694921,0.0,1.0173290388705998,0.04077224388380819,0.07583497408116784
-0.75,0.5000000000000001,0.8500000000000002,0,0,1,2.8152883541978615,0.0001517412434703626,0.0,1.0883659341844383,0.04709553363337373,0.07699884909524501
-0.75,0.5500000000000002,0.8500000000000002,0,0,1,3.0708381509644447,6.0247797256558915e-05,0.0,0.9024382165709259,0.045571845676607506,0.06500451067004608
-0.7,0.5500000000000002,0.8500000000000002,0,0,1,3.0585227410544222,0.00014698707838789094,0.0,0.975559090775642,0.045571845676607506,0.06607629306931895
-0.6499999999999999,0.5500000000000002,0.8500000000000002,0,0,1,0.09947299079621086,0.0001855385612619821,0.0,1.0157020097831648,0.11111309369028963,0.06453232056097619
-0.5999999999999999,0.5500000000000002,0.8500000000000002,0,0,1,0.11078727720679907,0.00027276364415306767,0.0,1.0283534213319374,0.006744122708389771,0.06266974036158397
-0.5499999999999998,0.5500000000000002,0.8500000000000002,0,0,1,0.044215198437032005,0.0003895645797941529,0.0,1.014979469748235,0.03217822572417284,0.06182903661130857
-0.4999999999999998,0.5500000000000002,0.8500000000000002,1,1,1,0.0019581233152902717,0.0004841069010148364,0.1629403585058289,0.9745514644816546,0.02981946878574528,0.06179940557618963
-0.44999999999999973,0.5500000000000002,0.8500000000000002,1,1,1,0.0007678156411518043,0.000579930253613496,0.1884786391646145,0.9025005717951649,0.06764307761812481,0.06029454568854841
-0.3999999999999997,0.5500000000000002,0.8500000000000002,1,1,1,0.00020396573587176453,0.0008798985376964118,0.21386292845099053,0.785951681828484,0.08720622041060039,0.05355011068626827
-0.34999999999999964,0.5500000000000002,0.8500000000000002,1,1,1,0.00011024078165961712,0.00044164362543050396,0.239881323279596,0.5608648019544251,0.09933478249429388,0.03178885634119382
-0.2999999999999996,0.5500000000000002,0.8500000000000002,0,1,0,8.281677438520283e-05,0.01802539524117977,0.26561369821270286,0.18856548633547765,0.10624677483849339,0.01656724578211264
-0.24999999999999956,0.5500000000000002,0.8500000000000002,0,1,0,7.542540929336477e-05,0.0941843054661332,0.2902202067282693,0.6703735244888482,0.10889967637364618,0.04324106598206083
-0.1999999999999995,0.5500000000000002,0.8500000000000002,0,1,0,7.901466547496237e-05,0.7764796522159831,0.3128819222303765,0.0,0.10762860007193659,0.04352089723531033
-0.14999999999999947,0.5500000000000002,0.8500000000000002,0,1,0,9.456093935714399e-05,2.692150977397468,0.33282773461892345,0.0,0.10235514520869644,0.045571845676607686
-0.09999999999999942,0.5500000000000002,0.8500000000000002,0,1,0,0.00013288773355949935,2.7137274906652227,0.34938037613876727,0.0,0.09254078681446873,0.045571845676607686
-0.09999999999999942,0.6000000000000002,0.8500000000000002,0,1,0,0.0011529817439148852,0.3294000686960028,0.31469809078280253,0.0,0.02412774691870528,0.016103471618012396
-0.14999999999999947,0.6000000000000002,0.8500000000000002,0,1,0,7.035660299842649e-05,2.700128419301981,0.29824483713679406,0.0,0.046434106989826515,0.045571845676607686
-0.1999999999999995,0.6000000000000002,0.8500000000000002,0,1,0,0.0001679773140191957,2.679375575060763,0.2787611983395939,0.0,0.056678690917368865,0.045571845676607686
-0.24999999999999956,0.6000000000000002,0.8500000000000002,0,1,0,0.00017515498314271588,2.496820502813756,0.2577137012339863,0.0,0.058619983132834896,0.04598451832256476
-0.2999999999999996,0.6000000000000002,0.8500000000000002,0,1,0,0.00025675302510136166,0.16311790883092317,0.23551373419790433,0.21860828751364397,0.05338409004217821,0.01274373636595891
-0.34999999999999964,0.6000000000000002,0.8500000000000002,0,1,0,0.0006152139376351354,0.06740937930878653,0.21268978591595689,0.7102247161812798,0.03865124741499579,0.048130449018014165
-0.3999999999999997,0.6000000000000002,0.8500000000000002,0,0,0,0.00988593175844381,0.017890040033607363,0.0,0.18329014050601916,0.0007821662091595248,0.01722677692519895
-0.44999999999999973,0.6000000000000002,0.8500000000000002,0,0,1,0.024318023835914356,0.0017745424669199802,0.0,0.35284229269448925,0.024468691804758642,0.00677410877277321
-0.4999999999999998,0.6000000000000002,0.8500000000000002,0,0,1,0.058442154464723325,0.0011401999908438496,0.0,0.5611857027415317,0.04219321395116857,0.03272955142029431
-0.5499999999999998,0.6000000000000002,0.8500000000000002,0,0,1,0.08283254865453812,2.15150425313274e-05,0.0,0.6635030493430307,0.12564221871803966,0.044146719403978074
-0.5999999999999999,0.6000000000000002,0.8500000000000002,0,0,1,2.4837512337525567,0.00015351011304218196,0.0,0.6898414961901289,0.04557184567660771,0.0471516839958897
-0.6499999999999999,0.6000000000000002,0.8500000000000002,0,0,1,3.047117649818835,0.0002761426056353947,0.0,0.6680336037172065,0.045571845676607506,0.04538992108390573
-0.7,0.6000000000000002,0.8500000000000002,0,0,1,2.7711794814881503,0.0005930502985134151,0.0,0.5913823855775315,0.046564486109256065,0.03748315591756546
-0.75,0.6000000000000002,0.8500000000000002,0,0,1,1.0848601329689558,0.0013921555204585228,0.9729159024515304,0.3804637824242895,0.0935784936740415,0.011592323303838489
-0.75,0.6500000000000002,0.8500000000000002,0,0,0,2.674064768873844,0.09492417769390123,0.0,0.6612018266732445,0.04557184567660761,0.045747951268477825
-0.7,0.6500000000000002,0.8500000000000002,0,0,0,3.0596179123987364,0.0664033717579623,0.0,0.5508626854391223,0.045571845676607506,0.03135741391865889
-0.6499999999999999,0.6500000000000002,0.8500000000000002,0,0,0,1.5647773551476951,0.04188983942134301,0.0,0.654881940414421,0.03599639068041089,0.044201419238101745
-0.5999999999999999,0.6500000000000002,0.8500000000000002,0,0,0,3.0373163460739248,0.04249345272810554,0.0,0.1698215704848512,0.045571845676607506,0.018860276934396944
-0.5499999999999998,0.6500000000000002,0.8500000000000002,0,0,0,1.1529742292635086,0.049712163096665096,0.0,0.1821468705885006,0.03850515840971661,0.0172028488541633
-0.4999999999999998,0.6500000000000002,0.8500000000000002,0,0,0,0.23364857691116098,0.07428713700899683,0.0,0.2185555303360192,0.030244877417907937,0.012352405903534092
-0.44999999999999973,0.6500000000000002,0.8500000000000002,0,0,0,0.6451247331632783,0.0683400181904064,0.0,0.0,0.03267722567948444,0.04241383088201382
-0.3999999999999997,0.6500000000000002,0.8500000000000002,0,0,0,0.09422884247362562,0.19291002326139733,0.0,0.7939863693561726,0.057219586475421,0.057726464625217674
-0.34999999999999964,0.6500000000000002,0.8500000000000002,0,0,0,0.0529746970912408,0.09461285095404912,0.0,0.0,0.040313778369467486,0.04272039787858332
-0.2999999999999996,0.6500000000000002,0.8500000000000002,0,0,0,0.0346588509557179,2.6492999171238094,0.0,0.0,0.05571586534180169,0.045571845676607686
-0.24999999999999956,0.6500000000000002,0.8500000000000002,0,0,0,0.029996754535569468,2.206665580399123,0.0,0.0,0.04898279646793789,0.04560799567577277
-0.1999999999999995,0.6500000000000002,0.8500000000000002,0,0,0,0.07322086505961191,1.9795984471676191,0.0,0.0,0.01627562608054518,0.04557184567660768
-0.14999999999999947,0.6500000000000002,0.8500000000000002,0,0,0,0.08263673968824327,2.7090053666137845,0.0,0.0,0.04179855690756252,0.045571845676607686
-0.09999999999999942,0.6500000000000002,0.8500000000000002,0,0,0,0.08820852833936374,2.7304486966123913,0.0,0.0,0.04141752937709223,0.045571845676607686
-0.09999999999999942,0.7000000000000002,0.8500000000000002,0,0,0,0.4824260860808079,2.7401399016204224,0.0,0.0,0.06436518802196133,0.045571845676607686
-0.14999999999999947,0.7000000000000002,0.8500000000000002,0,0,0,0.15643115611536543,0.5570141056838734,0.0,0.0,0.12363334939200131,0.04068529535000843
-0.1999999999999995,0.7000000000000002,0.8500000000000002,0,0,0,0.15597293470988335,2.6981635724085256,0.0,0.0,0.04019662873375243,0.045571845676607686
-0.24999999999999956,0.7000000000000002,0.8500000000000002,0,0,0,0.7510867447658133,2.678329078918854,0.0,0.0,0.040572545413138296,0.045571845676607686
-0.2999999999999996,0.7000000000000002,0.8500000000000002,0,0,0,0.2556981896246955,2.659286868032912,0.0,0.0,0.02550795406662282,0.045571845676607686
-0.34999999999999964,0.7000000000000002,0.8500000000000002,0,0,0,0.13927518016887896,2.641054077068903,0.0,0.0,0.0776100128523515,0.045571845676607686
-0.3999999999999997,0.7000000000000002,0.8500000000000002,0,0,0,1.2819433879173128,2.6236475810428983,0.0,0.0,0.17615448298354527,0.045571845676607686
-0.44999999999999973,0.7000000000000002,0.8500000000000002,0,0,0,1.442778168859599,2.607083930567298,0.0,0.0,0.20546403292949014,0.045571845676607686
-0.4999999999999998,0.7000000000000002,0.8500000000000002,0,0,0,1.5516606622024138,0.7687642857990581,0.0,0.0,0.2179847401912466,0.04177746415505379
-0.5499999999999998,0.7000000000000002,0.8500000000000002,0,0,0,1.2492933223144382,0.8913110019174536,0.0,0.0,0.10802200012134254,0.0425831313956657
-0.5999999999999999,0.7000000000000002,0.8500000000000002,0,0,0,0.9526959177760504,0.840136365391054,0.1745772283649294,0.0,0.05360120449778574,0.04202662170060231
-0.6499999999999999,0.7000000000000002,0.8500000000000002,0,0,0,1.403254578899889,0.1383229663257811,0.0,1.018692225245289,0.042027850441452935,0.10496949316921358
-0.7,0.7000000000000002,0.8500000000000002,0,0,0,1.6850952174367728,0.6192398325599188,0.0,0.3151846950925545,0.12857762191178795,0.0013174256665643288
-0.75,0.7000000000000002,0.8500000000000002,0,0,0,2.1604740059095446,2.4339322314568723,0.0,0.0,0.19914823442337592,0.04588578575605772
-0.75,0.7500000000000002,0.8500000000000002,0,0,0,3.076271732806941,2.5377279534461876,0.0,0.0,0.045571845676607506,0.045571845676607686
-0.7,0.7500000000000002,0.8500000000000002,0,0,0,1.9469437859843084,2.5488631140554014,0.0,0.0,0.21879836649558734,0.045571845676607686
-0.6499999999999999,0.7500000000000002,0.8500000000000002,0,0,0,1.9291323710480526,2.560926235306714,0.0,0.0,0.20454671656367962,0.045571845676607686
-0.5999999999999999,0.7500000000000002,0.8500000000000002,0,0,0,1.9876515705172564,2.5739042700093258,0.0,0.0,0.12134309009206998,0.045571845676607686
-0.5499999999999998,0.7500000000000002,0.8500000000000002,0,0,0,1.0808523199130937,2.587783453008049,0.0,0.0,0.11183058647276055,0.045571845676607686
-0.4999999999999998,0.7500000000000002,0.8500000000000002,0,0,0,1.449084244724846,2.602549367092252,0.0,0.0,0.2051007484916588,0.045571845676607686
-0.44999999999999973,0.7500000000000002,0.8500000000000002,0,0,0,1.4477919349966553,2.6181870094862023,0.0,0.0,0.18634519489307735,0.045571845676607686
-0.3999999999999997,0.7500000000000002,0.8500000000000002,0,0,0,1.3928675755026887,2.634680858307572,0.0,0.0,0.026315814522694547,0.045571845676607686
-0.34999999999999964,0.7500000000000002,0.8500000000000002,0,0,0,2.2947715772935364,2.652014938423678,0.0,0.0,0.174964711146618,0.045571845676607686
-0.2999999999999996,0.7500000000000002,0.8500000000000002,0,0,0,0.49439056687347877,2.6701728861840324,0.0,0.0,0.04416502590851001,0.045571845676607686
-0.24999999999999956,0.7500000000000002,0.8500000000000002,0,0,0,0.2648712738455667,2.5880193292426728,0.0,0.0,0.04450645343074434,0.045746456862837355
-0.1999999999999995,0.7500000000000002,0.8500000000000002,0,0,0,0.6155478927304104,2.3842562515350028,0.0,0.0,0.007433182987760875,0.037842109703378896
-0.14999999999999947,0.7500000000000002,0.8500000000000002,0,0,0,0.8568530976802472,2.7294217826459928,0.0,0.0,0.050322853949651636,0.045571845676607686
-0.09999999999999942,0.7500000000000002,0.8500000000000002,0,0,0,2.6689431227541456,0.5651036850653879,0.0,0.0,0.10628600577815665,0.12496205751566407
-0.09999999999999942,0.8000000000000003,0.8500000000000002,0,0,0,0.7044125613948455,2.7621368307331413,0.0,0.0,0.044307672271622855,0.045571845676607686
-0.14999999999999947,0.8000000000000003,0.8500000000000002,0,0,0,0.9248262083888378,1.9011767095511054,0.19275090276487084,0.0,0.07301336864962102,0.04393078265706832
-0.1999999999999995,0.8000000000000003,0.8500000000000002,0,0,0,2.286629277078359,2.613643303792244,0.0,0.0,0.13518541976172194,0.046333380100367895
-0.24999999999999956,0.8000000000000003,0.8500000000000002,0,0,0,2.8210551812148585,2.8617329969226284,0.0,0.0,0.13062468343419073,0.16403914418067567
-0.2999999999999996,0.8000000000000003,0.8500000000000002,0,0,0,1.1377404511269764,2.681947023662555,0.0,0.0,0.18286361738413967,0.045571845676607686
-0.34999999999999964,0.8000000000000003,0.8500000000000002,0,0,0,2.178200991217865,2.6638693341157738,0.0,0.0,0.135531708722774,0.045571845676607686
-0.3999999999999997,0.8000000000000003,0.8500000000000002,0,0,0,1.3127900134062358,1.9031678787115218,0.0,0.0,0.05884430097103886,0.04624562209577098
-0.44999999999999973,0.8000000000000003,0.8500000000000002,0,0,0,2.8814100818382555,2.6301938735124404,0.0,0.0,0.012891308569137437,0.045571845676607686
-0.4999999999999998,0.8000000000000003,0.8500000000000002,0,0,0,1.648899339074706,2.6146280431014186,0.0,0.0,0.20198517249613104,0.045571845676607686
-0.5499999999999998,0.8000000000000003,0.8500000000000002,0,0,0,1.6407904423104172,2.5999307289392024,0.0,0.0,0.1287667661138965,0.045571845676607686
-0.5999999999999999,0.8000000000000003,0.8500000000000002,0,0,0,2.14851490886099,2.586116738817548,0.0,0.0,0.1606109298302987,0.045571845676607686
-0.6499999999999999,0.8000000000000003,0.8500000000000002,0,0,0,2.5861146076968557,2.573200298908402,0.0,0.0,0.14162838631719984,0.045571845676607686
-0.7,0.8000000000000003,0.8500000000000002,0,0,0,3.3071188827064297,2.5611949886356307,0.0,0.0,0.13416714051745307,0.045571845676607686
-0.75,0.8000000000000003,0.8500000000000002,0,0,0,2.6888384069242734,2.5501136761568586,0.0,0.0,0.12260486398904356,0.045571845676607686
-0.75,0.8500000000000002,0.8500000000000002,0,0,0,3.004240007207288,2.121285626294625,0.0,0.0,0.02567601082476367,0.12746446765547212
-0.7,0.8500000000000002,0.8500000000000002,0,0,0,3.114046301557239,2.574439038981568,0.0,0.0,0.175347266786666,0.045571845676607686
-0.6499999999999999,0.8500000000000002,0.8500000000000002,0,0,0,2.951854308991371,2.58638287458032,0.0,0.0,0.04413812122971158,0.045571845676607686
-0.5999999999999999,0.8500000000000002,0.8500000000000002,0,0,0,2.249939261177966,2.5992338068000698,0.0,0.0,0.13923433659919848,0.045571845676607686
-0.5499999999999998,0.8500000000000002,0.8500000000000002,0,0,0,2.0951765480517257,2.6129784520547434,0.0,0.0,0.19002772644281787,0.045571845676607686
-0.4999999999999998,0.8500000000000002,0.8500000000000002,0,0,0,1.4344940688194643,2.201002082406577,0.0,0.0,0.10591989944595302,0.04555889673477062
-0.44999999999999973,0.8500000000000002,0.8500000000000002,0,0,0,1.285840404004595,2.6430922057095256,0.0,0.0,0.177873366168752,0.045571845676607686
-0.3999999999999997,0.8500000000000002,0.8500000000000002,0,0,0,1.301024115036792,2.6594315964830653,0.0,0.0,0.09918938501351697,0.045571845676607686
-0.34999999999999964,0.8500000000000002,0.8500000000000002,0,0,0,1.1690237566721737,2.676605392070801,0.0,0.0,0.17250578430093177,0.045571845676607686
-0.2999999999999996,0.8500000000000002,0.8500000000000002,0,0,0,0.9924231229623579,2.6945976384893733,0.5124703620890259,0.0,0.06371243406396555,0.045571845676607686
-0.24999999999999956,0.8500000000000002,0.8500000000000002,0,0,0,0.9803437224836608,3.199814835136378,0.0,0.0,0.18724432097510574,0.17053366417687466
-0.1999999999999995,0.8500000000000002,0.8500000000000002,0,0,0,1.0265433020095642,2.7329720910270106,0.0,0.0,0.09002107379680653,0.045571845676607686
-0.14999999999999947,0.8500000000000002,0.8500000000000002,0,0,0,2.354522741111326,2.753320987248412,0.0,0.0,0.13492154395,0.045571845676607686
-0.09999999999999942,0.8500000000000002,0.8500000000000002,0,0,0,1.1121933717339592,2.774421825770658,0.0,0.0,0.05577663444929899,0.045571845676607686
-0.09999999999999942,0.9000000000000002,0.8500000000000002,0,0,0,1.8345428080005917,2.7875496521017635,0.0,0.0,0.1965961231611239,0.045571845676607686
-0.14999999999999947,0.9000000000000002,0.8500000000000002,0,0,0,1.8244140948680794,2.7665489430773933,0.0,0.0,0.039680363212092944,0.045571845676607686
-0.1999999999999995,0.9000000000000002,0.8500000000000002,0,0,0,1.7625952075526239,3.184680255196275,0.0,0.0,0.2046811573097354,0.043233971070935774
-0.24999999999999956,0.9000000000000002,0.8500000000000002,0,0,0,2.248640897288342,2.72681371521096,0.0,0.0,0.17936534909710083,0.045571845676607686
-0.2999999999999996,0.9000000000000002,0.8500000000000002,0,0,0,2.346304641150442,2.7081124476233587,0.0,0.0,0.04300322760201115,0.045571845676607686
-0.34999999999999964,0.9000000000000002,0.8500000000000002,0,0,0,2.761415812677416,2.690210590359528,0.0,0.0,0.1318369831222867,0.045571845676607686
-0.3999999999999997,0.9000000000000002,0.8500000000000002,0,0,0,0.6980924829554074,2.6731242043707093,0.0,0.0,0.12844728991720245,0.045571845676607686
-0.44999999999999973,0.9000000000000002,0.8500000000000002,0,0,0,1.291451796863145,2.656869022647243,0.0,0.0,0.028332604660190636,0.045571845676607686
-0.4999999999999998,0.9000000000000002,0.8500000000000002,0,0,0,2.5017672481311126,2.6414603905817886,0.0,0.0,0.12132030351474385,0.045571845676607686
-0.5499999999999998,0.9000000000000002,0.8500000000000002,0,0,0,2.2847485399961704,2.626913204984602,0.0,0.0,0.035678707254805896,0.045571845676607686
-0.5999999999999999,0.9000000000000002,0.8500000000000002,0,0,0,2.040436700781433,2.6132418521890495,0.0,0.0,0.1355662461369084,0.045571845676607686
-0.6499999999999999,0.9000000000000002,0.8500000000000002,0,0,0,2.665781148589269,2.513104301777087,0.0,0.0,0.10362438199467036,0.04583222476678044
-0.7,0.9000000000000002,0.8500000000000002,0,0,0,2.2909721829990075,2.395749691648484,0.0,0.2590445192069346,0.1862674651775305,0.07284559332659413
-0.75,0.9000000000000002,0.8500000000000002,0,0,0,1.9953117627158579,2.3747844594173992,0.0,0.0,0.17055008391694168,0.04253145555208288
-0.75,0.9500000000000003,0.8500000000000002,0,0,0,2.425684638022633,3.2946582502261665,0.0,0.0,0.1167076019945888,0.10265226707538562
-0.7,0.9500000000000003,0.8500000000000002,0,0,0,2.335406137412501,1.8774082952980327,0.0,0.0,0.17161296083668623,0.036497256886885224
-0.6499999999999999,0.9500000000000003,0.8500000000000002,0,0,0,1.9366369030218684,2.5864550485895275,0.0,0.0,0.2202372852288672,0.046381218916090344
-0.5999999999999999,0.9500000000000003,0.8500000000000002,0,0,0,1.6102516884316573,2.628126628161688,0.0,0.0,0.21598753100269244,0.045571845676607686
-0.5499999999999998,0.9500000000000003,0.8500000000000002,0,0,0,1.3538548975969402,2.6406044921267267,0.0,0.0,0.16600543574113183,0.04411512634234597
-0.4999999999999998,0.9500000000000003,0.8500000000000002,0,0,0,2.5926890123834543,2.6561870398434984,0.0,0.0,0.0209577844529371,0.045571845676607686
-0.44999999999999973,0.9500000000000003,0.8500000000000002,0,0,0,2.9673117075478537,2.671510733484443,0.0,0.0,0.10100335442007781,0.045571845676607686
-0.3999999999999997,0.9500000000000003,0.8500000000000002,0,0,0,2.8755453704540233,2.687677363005576,0.0,0.0,0.08444889455002595,0.045571845676607686
-0.34999999999999964,0.9500000000000003,0.8500000000000002,0,0,0,1.3941609344208683,1.9365218272673075,0.0,0.0,0.11969502065160245,0.06825185570377272
-0.2999999999999996,0.9500000000000003,0.8500000000000002,0,0,0,3.1444265119513357,2.722478581108151,0.0,0.0,0.14095617182861772,0.045571845676607686
-0.24999999999999956,0.9500000000000003,0.8500000000000002,0,0,0,2.475735692698211,3.084746792683178,0.0,0.0,0.12891486288965273,0.04526690390543707
-0.1999999999999995,0.9500000000000003,0.8500000000000002,0,0,0,2.433643829104396,2.61594281697752,0.43623645159798974,0.0,0.1821878627893538,0.11901961525171958
-0.14999999999999947,0.9500000000000003,0.8500000000000002,0,0,0,1.9400658804771849,2.7806131787903747,0.0,0.0,0.04557184567660786,0.045571845676607686
-0.09999999999999942,0.9500000000000003,0.8500000000000002,0,0,0,2.3454047810224767,1.6264739951724665,0.0,0.0,0.13328302561532002,0.10994649371103463
-0.09999999999999942,1.0000000000000002,0.8500000000000002,0,0,0,2.5613077408014453,2.8162858970943994,0.0,0.0,0.1115005984222742,0.045571845676607686
-0.14999999999999947,1.0000000000000002,0.8500000000000002,0,0,0,2.7773523227292864,2.7300783990236495,0.0,0.0,0.2074249887362643,0.04557184567660768
-0.1999999999999995,1.0000000000000002,0.8500000000000002,0,0,0,2.003558507819975,1.5316591538478126,0.0,0.0,0.05008236442712548,0.1354623661159416
-0.24999999999999956,1.0000000000000002,0.8500000000000002,0,0,0,1.3296274128750416,2.7561832719728097,0.0,0.0,0.04514708516993455,0.045571845676607686
-0.2999999999999996,1.0000000000000002,0.8500000000000002,0,0,0,3.234612451287786,2.737682636868766,0.0,0.0,0.1945169445102536,0.045571845676607686
-0.34999999999999964,1.0000000000000002,0.8500000000000002,0,0,0,3.202275246655934,2.7199754064554886,0.0,0.0,0.12334234144908711,0.045571845676607686
-0.3999999999999997,1.0000000000000002,0.8500000000000002,0,0,0,1.7032739400320749,2.703077173007215,0.0,0.0,0.06965858351670717,0.045571845676607686
-0.44999999999999973,1.0000000000000002,0.8500000000000002,0,0,0,2.542275700559301,2.393908001990945,0.0,0.0,0.1302707537472321,0.057717806353611706
-0.4999999999999998,1.0000000000000002,0.8500000000000002,0,0,0,1.598287710266438,2.671768363135666,0.0,0.0,0.12707511291932336,0.045571845676607686
-0.5499999999999998,1.0000000000000002,0.8500000000000002,0,0,0,2.824575912917954,2.657387095957722,0.0,0.0,0.13069655438675326,0.045571845676607686
-0.5999999999999999,1.0000000000000002,0.8500000000000002,0,0,0,2.763101965430347,2.643873327009559,0.0,0.0,0.12714139387109508,0.04557184567660765
-0.6499999999999999,1.0000000000000002,0.8500000000000002,0,0,0,2.4228864200160967,3.3251258338143215,0.0,0.0,0.12966507851458722,0.13017345452491483
-0.7,1.0000000000000002,0.8500000000000002,0,0,0,2.4182358845604157,2.533762472874905,0.0,0.0,0.12021149868915293,0.12926087133121394
-0.75,1.0000000000000002,0.8500000000000002,0,0,0,3.2077746495891413,1.9581238274856367,0.0,0.006720642260140686,0.159306443391485,0.008229724128815757
-0.75,1.0000000000000002,0.9000000000000002,0,0,0,2.6160464972508177,1.692006548831999,0.0,0.0,0.045550822884789816,0.12758650965637844
-0.7,1.0000000000000002,0.9000000000000002,0,0,0,2.2455606466861693,1.4678176167088712,0.0,0.0,0.13092560252678273,0.12096964767977023
-0.6499999999999999,1.0000000000000002,0.9000000000000002,0,0,0,1.8507663976540032,2.8772466284744893,0.0,0.0,0.17498043257181828,0.13392251146606626
-0.5999999999999999,1.0000000000000002,0.9000000000000002,0,0,0,1.3360924643643775,2.659563124001315,0.0,0.0,0.14139153780342578,0.045571845676607686
-0.5499999999999998,1.0000000000000002,0.9000000000000002,0,0,0,2.2803135746166228,2.672997571835346,0.0,0.0,0.208630497455163,0.045571845676607686
-0.4999999999999998,1.0000000000000002,0.9000000000000002,0,0,0,2.3852602663430065,2.6872952996512454,0.0,0.0,0.15701334114587245,0.045571845676607686
-0.44999999999999973,1.0000000000000002,0.9000000000000002,0,0,0,2.9555221781550127,2.7024426054992725,0.0,0.0,0.20209644207247046,0.045571845676607686
-0.3999999999999997,1.0000000000000002,0.9000000000000002,0,0,0,2.7152287071869106,2.333806181678715,0.0,0.0,0.13613691382215665,0.10920993443757677
-0.34999999999999964,1.0000000000000002,0.9000000000000002,0,0,0,1.3828749733684556,1.948173792993077,0.0,0.0,0.1226241109698938,0.13574754295929145
-0.2999999999999996,1.0000000000000002,0.9000000000000002,0,0,0,2.5404679525772753,2.752837819684945,0.0,0.0,0.019971232649397548,0.045571845676607686
-0.24999999999999956,1.0000000000000002,0.9000000000000002,0,0,0,2.785922254900183,2.7712372814282396,0.0,0.0,0.04554623426226761,0.045571845676607686
-0.1999999999999995,1.0000000000000002,0.9000000000000002,0,0,0,2.0555634551168085,2.7904114532569926,0.0,0.0,0.13196170977096272,0.045571845676607686
-0.14999999999999947,1.0000000000000002,0.9000000000000002,0,0,0,2.733277261067008,2.81034447834386,0.0,0.0,0.1845942673510081,0.045571845676607686
-0.09999999999999942,1.0000000000000002,0.9000000000000002,0,0,0,2.0751343361732935,2.8310203276288646,0.0,0.0,0.0471480681352918,0.045571845676607686
-0.09999999999999942,0.9500000000000003,0.9000000000000002,0,0,0,2.1074436966978967,2.8163202054858343,0.0,0.0,0.1330687380418925,0.045571845676607686
-0.14999999999999947,0.9500000000000003,0.9000000000000002,0,0,0,2.0746639989577482,2.795535635855453,0.0,0.0,0.09691349734070599,0.045571845676607686
-0.1999999999999995,0.9500000000000003,0.9000000000000002,0,0,0,2.292665812240112,3.0946662396978204,0.0,0.0,0.1322400041776588,0.1301793752308253
-0.24999999999999956,0.9500000000000003,0.9000000000000002,0,0,0,2.2573277817851243,2.7562183284997053,0.0,0.0,0.1426047917545999,0.045571845676607686
-0.2999999999999996,0.9500000000000003,0.9000000000000002,0,0,0,2.3174671464176124,2.7377179302966343,0.0,0.0,0.13793391543315678,0.045571845676607686
-0.34999999999999964,0.9500000000000003,0.9000000000000002,0,0,0,1.561730816626687,2.7200109296430535,0.0,0.0,0.010996970538632708,0.045571845676607686
-0.3999999999999997,0.9500000000000003,0.9000000000000002,0,0,0,2.7423943316159365,2.7031129182643565,0.0,0.0,0.2141287645332708,0.045571845676607686
-0.44999999999999973,0.9500000000000003,0.9000000000000002,0,0,0,2.9882764977604004,3.5543705315877543,0.0,0.0,0.08864844186529548,0.04533486269907806
-0.4999999999999998,0.9500000000000003,0.9000000000000002,0,0,0,1.7697657034800784,2.6718045272638498,0.0,0.0,0.12329074744558013,0.045571845676607686
-0.5499999999999998,0.9500000000000003,0.9000000000000002,0,0,0,2.7740752066884857,2.657423455796532,0.0,0.0,0.007382631783516138,0.045571845676607686
-0.5999999999999999,0.9500000000000003,0.9000000000000002,0,0,0,3.2685386580670857,3.3325013283843554,0.0,0.0,0.1121931240952017,0.04557184567660772
-0.6499999999999999,0.9500000000000003,0.9000000000000002,0,0,0,1.3791538191277184,2.6312771436010958,0.0,0.0,0.029731679261325705,0.045571845676607686
-0.7,0.9500000000000003,0.9000000000000002,0,0,0,2.2837199817504152,3.0326774563063856,0.0,0.0,0.21402079795348797,0.16736389390219095
-0.75,0.9500000000000003,0.9000000000000002,0,0,0,2.8904686293065645,1.820354731052149,0.0,0.0,0.15469149618006167,0.04726616583348397
-0.75,0.9000000000000002,0.9000000000000002,0,0,0,1.5607389699511571,2.5991870066153338,0.0,0.0,0.1793924263662314,0.016648463986503867
-0.7,0.9000000000000002,0.9000000000000002,0,0,0,2.548114137855343,2.6046041546322254,0.0,0.0,0.12966216155000537,0.045571845676607686
-0.6499999999999999,0.9000000000000002,0.9000000000000002,0,0,0,3.2655813216729532,3.0002808683766564,0.0,0.0,0.13110204762889657,0.14620542593746086
-0.5999999999999999,0.9000000000000002,0.9000000000000002,0,0,0,2.983843795499229,2.8894252441490647,0.0,0.0,0.13029466077240057,0.10619228455746033
-0.5499999999999998,0.9000000000000002,0.9000000000000002,0,0,0,1.6582439472886836,2.64270369655728,0.0,0.0,0.16686614968953306,0.045571845676607686
-0.4999999999999998,0.9000000000000002,0.9000000000000002,0,0,0,3.179652128846995,2.6571644353121116,0.0,0.0,0.04394659423966555,0.045571845676607686
-0.44999999999999973,0.9000000000000002,0.9000000000000002,0,0,0,1.21271704145604,2.6724825246907704,0.0,0.0,0.10766830509389717,0.045571845676607686
-0.3999999999999997,0.9000000000000002,0.9000000000000002,0,0,0,1.3085577626273135,2.1256064262056307,0.0,0.0,0.04681598819017792,0.05820578491899
-0.34999999999999964,0.9000000000000002,0.9000000000000002,0,0,0,1.169209238789952,2.7056316936637175,0.0,0.0,0.18017577427241172,0.045571845676607686
-0.2999999999999996,0.9000000000000002,0.9000000000000002,0,0,0,2.624819425712541,2.319339752322492,0.0,0.0,0.1306929639771888,0.20656905122369562
-0.24999999999999956,0.9000000000000002,0.9000000000000002,0,0,0,2.680058024364308,2.665256725623371,0.0,0.0,0.13590424957008443,0.20816086583171714
-0.1999999999999995,0.9000000000000002,0.9000000000000002,0,0,0,0.5300512088237282,2.7614059620468083,0.0,0.0,0.10359102910910825,0.045571845676607686
-0.14999999999999947,0.9000000000000002,0.9000000000000002,0,0,0,2.2944801203558653,2.7815468530509566,0.0,0.0,0.07978929802031393,0.045571845676607686
-0.09999999999999942,0.9000000000000002,0.9000000000000002,0,0,0,1.496100449280591,3.022338838127877,0.0,0.0,0.016075428829924007,0.05678431131090668
-0.09999999999999942,0.8500000000000002,0.9000000000000002,0,0,0,1.5633600746430503,2.7893774051905615,0.0,0.0,0.01305540498101055,0.045571845676607686
-0.14999999999999947,0.8500000000000002,0.9000000000000002,0,0,0,1.3876797185566248,2.5315200727049914,0.5234450086814846,0.0,0.13375101966453903,0.041780324672184184
-0.1999999999999995,0.8500000000000002,0.9000000000000002,0,0,0,1.1670168612121088,3.2456752258732364,0.09054883644934186,0.0,0.1676319417933869,0.22282962347269633
-0.24999999999999956,0.8500000000000002,0.9000000000000002,0,0,0,3.22367945567745,2.72868215135394,0.0,0.0,0.0878088832265419,0.045571845676607686
-0.2999999999999996,0.8500000000000002,0.9000000000000002,0,0,0,2.9847486662956695,2.709993777599415,0.0,0.0,0.08229617131344225,0.045571845676607686
-0.34999999999999964,0.8500000000000002,0.9000000000000002,0,0,0,2.5805868730342123,2.6921044307636963,0.0,0.0,0.13565448510553035,0.045571845676607686
-0.3999999999999997,0.8500000000000002,0.9000000000000002,0,0,0,1.1038643406686135,2.6750301414465416,0.0,0.0,0.08041421670225812,0.045571845676607686
-0.44999999999999973,0.8500000000000002,0.9000000000000002,0,0,0,2.713883120936459,2.6587866121893806,0.0,0.0,0.12925093234275303,0.045571845676607686
-0.4999999999999998,0.8500000000000002,0.9000000000000002,0,0,0,1.5004078404127512,2.6433891580067175,0.0,0.0,0.04109336101894832,0.045571845676607686
-0.5499999999999998,0.8500000000000002,0.9000000000000002,0,0,0,2.8901779174637,2.6507206079490224,0.0,0.0,0.10181390052699223,0.017665528293805542
-0.5999999999999999,0.8500000000000002,0.9000000000000002,0,0,0,2.059419513914483,1.1459090897926454,0.0,0.0,0.1915401369558147,0.1304223114982627
-0.6499999999999999,0.8500000000000002,0.9000000000000002,0,0,0,2.6954549497457347,1.2005900455834475,0.0,0.0,0.11714817929768076,0.045321655996006356
-0.7,0.8500000000000002,0.9000000000000002,0,0,0,2.2564559412609255,3.2979254916450667,0.0,0.0,0.19544917876926035,0.0969022737597444
-0.75,0.8500000000000002,0.9000000000000002,0,0,0,1.1125325305538276,2.5795941925460593,0.0,0.0,0.12375562122337633,0.045571845676607686
-0.75,0.8000000000000003,0.9000000000000002,0,0,0,3.1872807291981644,2.5663767460365765,0.0,0.0,0.08548204255399379,0.045571845676607686
-0.7,0.8000000000000003,0.9000000000000002,0,0,0,2.370223328994599,2.5773881374537493,0.0,0.0,0.043771674869340145,0.045571845676607686
-0.6499999999999999,0.8000000000000003,0.9000000000000002,0,0,0,2.9691195363311866,2.589318369682903,0.0,0.0,0.04503121028137506,0.045571845676607686
-0.5999999999999999,0.8000000000000003,0.9000000000000002,0,0,0,2.0420416977765097,2.6021548047853242,0.0,0.0,0.22048729218908747,0.045571845676607686
-0.5499999999999998,0.8000000000000003,0.9000000000000002,0,0,0,3.1139782515284353,2.61588410227926,0.0,0.0,0.14746226823131917,0.045571845676607686
-0.4999999999999998,0.8000000000000003,0.9000000000000002,0,0,0,1.5119964527280023,2.6304922818832583,0.0,0.0,0.009931941899685123,0.045571845676607686
-0.44999999999999973,0.8000000000000003,0.9000000000000002,0,0,0,0.9354417236962128,2.64596478690428,0.0,0.0,0.18822588464594,0.045571845676607686
-0.3999999999999997,0.8000000000000003,0.9000000000000002,0,0,0,2.525754644091937,2.359685202560254,0.0,0.0,0.21760759565575494,0.044106338744024344
-0.34999999999999964,0.8000000000000003,0.9000000000000002,0,0,0,1.248507896638606,2.679442044627473,0.0,0.0,0.04111203620240542,0.045571845676607686
-0.2999999999999996,0.8000000000000003,0.9000000000000002,0,0,0,1.9707077770857138,2.6974153701288714,0.0,0.0,0.022999919392810653,0.045571845676607686
-0.24999999999999956,0.8000000000000003,0.9000000000000002,0,0,0,3.135226537924747,2.7161902892650023,0.0,0.0,0.04557184567660773,0.045571845676607686
-0.1999999999999995,0.8000000000000003,0.9000000000000002,0,0,0,1.0081885614320232,2.7357502985447186,0.0,0.0,0.11997855084308767,0.045571845676607686
-0.14999999999999947,0.8000000000000003,0.9000000000000002,0,0,0,2.6529506953011035,2.273886231602423,0.0,0.0,0.13646540123084497,0.04528975559257238
-0.09999999999999942,0.8000000000000003,0.9000000000000002,0,0,0,1.5636825908038066,2.6772317053407835,0.0,0.0,0.1954591062290017,0.04638026486843059
-0.09999999999999942,0.7500000000000002,0.9000000000000002,0,0,0,2.6108408870248336,2.7657897818430612,0.0,0.0,0.13657720311991228,0.045571845676607686
-0.14999999999999947,0.7500000000000002,0.9000000000000002,0,0,0,0.7441072189841119,2.7446225804028987,0.0,0.0,0.04540328241328481,0.045571845676607686
-0.1999999999999995,0.7500000000000002,0.9000000000000002,0,0,0,1.0415108112646771,2.724208710867698,0.0,0.0,0.08275686153522305,0.045571845676607686
-0.24999999999999956,0.7500000000000002,0.9000000000000002,0,0,0,0.4483950791236756,2.7045652315811175,0.0,0.0,0.04003669477662546,0.045571845676607686
-0.2999999999999996,0.7500000000000002,0.9000000000000002,0,0,0,0.789701616249405,2.8363079418021373,0.0,0.0,0.10182413248271417,0.04557184567660772
-0.34999999999999964,0.7500000000000002,0.9000000000000002,0,0,0,1.3174842376923621,2.667656851039388,0.0,0.0,0.05128421853183382,0.045571845676607686
-0.3999999999999997,0.7500000000000002,0.9000000000000002,0,0,0,1.0319468583074813,2.650425072777452,0.0,0.0,0.016558104373445712,0.045571845676607686
-0.44999999999999973,0.7500000000000002,0.9000000000000002,0,0,0,2.0839421011490713,2.6340298134070808,0.0,0.0,0.1305664037182872,0.045571845676607686
-0.4999999999999998,0.7500000000000002,0.9000000000000002,0,0,0,2.610516844185126,2.618486786185357,0.0,0.0,0.13497203098098615,0.045571845676607686
-0.5499999999999998,0.7500000000000002,0.9000000000000002,0,0,0,2.601762585823943,2.6038112529400625,0.0,0.0,0.04523786676533801,0.045571845676607686
-0.5999999999999999,0.7500000000000002,0.9000000000000002,0,0,0,2.2036119922996127,2.590017959869637,0.0,0.0,0.04557184567660761,0.045571845676607686
-0.6499999999999999,0.7500000000000002,0.9000000000000002,0,0,0,1.8578057803441461,2.5771210728169636,0.0,0.0,0.12815203755242507,0.045571845676607686
-0.7,0.7500000000000002,0.9000000000000002,0,0,0,2.7759205742958066,2.5651341125694063,0.0,0.0,0.046686233938090495,0.045571845676607686
-0.75,0.7500000000000002,0.9000000000000002,0,0,0,3.089767716733107,2.5540698907777006,0.0,0.0,0.045571845676607506,0.045571845676607686
-0.75,0.7000000000000002,0.9000000000000002,0,0,0,3.0872017001167973,2.5426868488583376,0.0,0.0,0.045571845676607506,0.045571845676607686
-0.7,0.7000000000000002,0.9000000000000002,0,0,0,1.4392062813496904,2.5538003876276556,0.0,0.0,0.037565033542903685,0.045571845676607686
-0.6499999999999999,0.7000000000000002,0.9000000000000002,0,0,0,2.518721287482349,2.565840296732668,0.0,0.0,0.046216964228776296,0.045571845676607686
-0.5999999999999999,0.7000000000000002,0.9000000000000002,0,0,0,2.4675189174711316,2.57879360105209,0.0,0.0,0.04557184567660769,0.045571845676607686
-0.5499999999999998,0.7000000000000002,0.9000000000000002,0,0,0,3.04283945841994,2.592646610187595,0.0,0.0,0.045571845676607506,0.045571845676607686
-0.4999999999999998,0.7000000000000002,0.9000000000000002,0,0,0,1.4534755995798698,2.0349216106762156,0.0,0.0,0.20413670938257605,0.1296348250604387
-0.44999999999999973,0.7000000000000002,0.9000000000000002,0,0,0,1.9622415585510298,2.6229937976093787,0.0,0.0,0.1292288030084587,0.045571845676607686
-0.3999999999999997,0.7000000000000002,0.9000000000000002,0,0,0,1.426851755354979,2.6394576092044537,0.0,0.0,0.042274932176454436,0.045571845676607686
-0.34999999999999964,0.7000000000000002,0.9000000000000002,0,0,0,0.3549940963528173,2.6567605235092815,0.26835082397658283,0.0,0.10818449762374067,0.045571845676607686
-0.2999999999999996,0.7000000000000002,0.9000000000000002,0,0,0,2.784173003671971,2.6748862569775436,0.0,0.0,0.15224173115968834,0.045571845676607686
-0.24999999999999956,0.7000000000000002,0.9000000000000002,0,0,0,0.42917963005516296,2.6938182002981113,0.0,0.0,0.044283844371347705,0.045571845676607686
-0.1999999999999995,0.7000000000000002,0.9000000000000002,0,0,0,2.0454836141599273,2.7135394791208354,0.0,0.0,0.05823297122844438,0.045571845676607686
-0.14999999999999947,0.7000000000000002,0.9000000000000002,0,0,0,0.24330476934797354,2.7340330124629797,0.0,0.0,0.19234877619968785,0.045571845676607686
-0.09999999999999942,0.7000000000000002,0.9000000000000002,0,0,0,1.1330204674758324,2.0976621577008907,0.0,0.0,0.04092196880183822,0.02360635991465661
-0.09999999999999942,0.6500000000000002,0.9000000000000002,0,0,0,0.14637426907703668,2.745643809037754,0.0,0.0,0.09893334458285254,0.045571845676607686
-0.14999999999999947,0.6500000000000002,0.9000000000000002,0,0,0,0.17249019471612975,2.724320083546962,0.0,0.0,0.11759992739108761,0.045571845676607686
-0.1999999999999995,0.6500000000000002,0.9000000000000002,0,0,0,0.1483074368537051,3.2958108193061246,0.0,0.0,0.0389098790413989,0.12778286850705292
-0.24999999999999956,0.6500000000000002,0.9000000000000002,0,0,0,0.13932540343205252,1.4723580873736244,0.0,0.0,0.03858215142311819,0.10287546644541395
-0.2999999999999996,0.6500000000000002,0.9000000000000002,0,0,0,0.6824371843321227,2.664957765546625,0.0,0.0,0.030059987612977974,0.045571845676607686
-0.34999999999999964,0.6500000000000002,0.9000000000000002,0,0,0,0.14492142549942147,2.6467640400415826,0.0,0.0,0.03689657158706213,0.045571845676607686
-0.3999999999999997,0.6500000000000002,0.9000000000000002,0,0,0,0.1657437461411835,2.6293953440225035,0.0,0.0,0.14330441831080612,0.045571845676607686
-0.44999999999999973,0.6500000000000002,0.9000000000000002,0,0,0,3.023582408305078,2.6128681303650207,0.0,0.0,0.045571845676607506,0.045571845676607686
-0.4999999999999998,0.6500000000000002,0.9000000000000002,0,0,0,1.5551503983404067,0.34788417631313934,0.0,0.4874010719298238,0.21515759018151046,0.023043793573334564
-0.5499999999999998,0.6500000000000002,0.9000000000000002,0,0,0,0.9739411296301368,0.16253700846325397,0.0,1.176535154431072,0.15343735247061355,0.08473407836444372
-0.5999999999999999,0.6500000000000002,0.9000000000000002,0,0,0,3.0509846534237033,0.690716651213504,0.0,0.0,0.045571845676607506,0.03968439457006445
-0.6499999999999999,0.6500000000000002,0.9000000000000002,0,0,0,2.8964595279778647,0.2810492325355343,0.0,0.44060714668391215,0.046672739801311904,0.017482311033265613
-0.7,0.6500000000000002,0.9000000000000002,0,0,0,3.073187032897656,0.1589107011823568,0.0,1.1969314737049472,0.045571845676607506,0.09475301295674368
-0.75,0.6500000000000002,0.9000000000000002,0,0,0,2.8335356732019736,0.37997784351099495,0.0,0.8365119952105919,0.04698269758717482,0.06110302576098572
-0.75,0.6000000000000002,0.9000000000000002,0,0,0,3.0844957326733162,0.06706081161346661,0.0,0.7150731852280241,0.045571845676607506,0.05048793114257143
-0.7,0.6000000000000002,0.9000000000000002,0,0,0,2.544838239018397,0.04472630829585598,0.0,0.6324519139536224,0.04557184567660765,0.040396441709653244
-0.6499999999999999,0.6000000000000002,0.9000000000000002,0,0,0,1.5175938380026859,0.032469601727757424,0.0,0.5272683658113979,0.22870172172007905,0.027202797311268265
-0.5999999999999999,0.6000000000000002,0.9000000000000002,0,0,0,2.5198781762939655,0.02842412898028348,0.0,0.1364733271856447,0.045571845676607686,0.02259958993928735
-0.5499999999999998,0.6000000000000002,0.9000000000000002,0,0,0,0.28217387466094046,0.035437456973194226,0.0,0.13388490988516355,0.042936408789583394,0.022887064770187145
-0.4999999999999998,0.6000000000000002,0.9000000000000002,0,0,0,0.3118476759256051,0.05663219450472742,0.0,0.6393782621570534,0.07679505936869355,0.039282732034974226
-0.44999999999999973,0.6000000000000002,0.9000000000000002,0,0,0,0.4604344184604565,0.09159069567646486,0.0,0.7805424913063426,0.008793621441243354,0.05328502753700338
-0.3999999999999997,0.6000000000000002,0.9000000000000002,0,0,0,0.06334111184145017,0.14441174738114052,0.0,0.7888616806972544,0.04832768823224633,0.05385349385727531
-0.34999999999999964,0.6000000000000002,0.9000000000000002,0,0,0,0.0544354781921858,0.20143397668194296,0.0,0.9436601103307847,0.028610365762899114,0.06731736034838529
-0.2999999999999996,0.6000000000000002,0.9000000000000002,0,0,0,0.03009911991687664,2.6559336016789254,0.0,0.0,0.03958627913370958,0.045571845676607686
-0.24999999999999956,0.6000000000000002,0.9000000000000002,0,0,0,0.026699582010410602,2.6749996831807685,0.0,0.0,0.02345470306854366,0.045571845676607686
-0.1999999999999995,0.6000000000000002,0.9000000000000002,0,0,0,0.06965930228930821,2.443265608064349,0.0,0.0,0.03187837748214453,0.03489918108299042
-0.14999999999999947,0.6000000000000002,0.9000000000000002,0,0,0,0.08724593290699645,2.71549320050654,0.0,0.0,0.04070849609234924,0.045571845676607686
-0.09999999999999942,0.6000000000000002,0.9000000000000002,0,0,0,0.11879396938141165,2.736885699200329,0.0,0.0,0.011208245460675927,0.045571845676607686
-0.09999999999999942,0.5500000000000002,0.9000000000000002,0,1,0,0.0016990286268993905,2.7290157080653095,0.2877960969841191,0.0,0.03327234046641111,0.045571845676607686
-0.14999999999999947,0.5500000000000002,0.9000000000000002,0,1,0,0.00015205918926942215,2.707561029114059,0.26727535396392277,0.0,0.050904944919161754,0.045571845676607686
-0.1999999999999995,0.5500000000000002,0.9000000000000002,0,1,0,0.00015683050881909078,0.29260138127317376,0.24700466678148159,0.19560367495303727,0.06021298208637015,0.01641570761686039
-0.24999999999999956,0.5500000000000002,0.9000000000000002,0,1,0,0.00016092447933536492,2.344822879270117,0.22616991340655002,0.0,0.06214593196931731,0.04464707926497332
-0.2999999999999996,0.5500000000000002,0.9000000000000002,0,1,0,0.00022668360708406857,0.04785787473773533,0.20454980430384273,0.0006430829990340392,0.05736237134972611,0.04045109186467615
-0.34999999999999964,0.5500000000000002,0.9000000000000002,0,1,0,0.0004931931812813167,0.05723332520718873,0.18244637307345357,0.11838480082496083,0.04397108853354934,0.02677551106388183
-0.3999999999999997,0.5500000000000002,0.9000000000000002,0,1,0,0.0018912989651676687,0.013063166746799413,0.15949245827842962,0.4062879097029041,0.006770248420809727,0.011344385034519329
-0.44999999999999973,0.5500000000000002,0.9000000000000002,0,0,1,0.02125052215217262,0.0019283330682002711,0.0,0.44764070166981723,0.022172787034563022,0.018295044866693883
-0.4999999999999998,0.5500000000000002,0.9000000000000002,0,0,1,0.04845035051893242,0.0007435310905301468,0.0,0.5980104335671053,0.0550344391846063,0.03483911644352006
-0.5499999999999998,0.5500000000000002,0.9000000000000002,0,0,1,0.0987497892570331,3.470252189169903e-05,0.0,0.6846776069706508,0.04064580447310058,0.04278726042202724
-0.5999999999999999,0.5500000000000002,0.9000000000000002,0,0,1,2.6270892163272586,0.00012174620155798316,0.0,0.7085042630073759,0.044626803882380266,0.044898619903502045
-0.6499999999999999,0.5500000000000002,0.9000000000000002,0,0,1,0.21583648204126343,0.0002652558511337084,0.0,0.687812571443839,0.04427832727719113,0.04377585657308215
-0.7,0.5500000000000002,0.9000000000000002,0,0,1,3.072096698811116,0.0005580250443559424,0.0,0.6168670887143544,0.045571845676607506,0.03807079671820052
-0.75,0.5500000000000002,0.9000000000000002,0,0,1,1.6741999976769721,0.0019796811128442466,0.0,0.46047259050324735,0.21754449424046154,0.021485095605641446
-0.75,0.5000000000000001,0.9000000000000002,0,0,1,3.0850305529371593,0.0004004053424591223,0.0,0.879690008480265,0.045571845676607506,0.05126443365381175
-0.7,0.5000000000000001,0.9000000000000002,0,0,1,1.935877096025679,8.621220687828502e-05,0.0,0.9506530875632451,0.21415439284539767,0.045308187248860855
-0.6499999999999999,0.5000000000000001,0.9000000000000002,0,0,1,0.576708186551245,0.00020656987702205023,0.0,0.9914386172827212,0.04236925130689733,0.03725701391156289
-0.5999999999999999,0.5000000000000001,0.9000000000000002,0,0,1,0.1134878731115371,0.0006619014124529514,0.0,1.0065938135101409,0.003844757921838831,0.03247316001369395
-0.5499999999999998,0.5000000000000001,0.9000000000000002,0,0,1,0.03191001942329849,0.0015095007054805928,0.0,0.9970685303062148,0.021211811220299387,0.035799958265429616
-0.4999999999999998,0.5000000000000001,0.9000000000000002,1,1,1,0.00026382817385592854,0.001488737448469591,0.11371858356249387,0.9573433988332167,0.017726412467379007,0.04409278735470469
-0.44999999999999973,0.5000000000000001,0.9000000000000002,1,1,1,0.0005447982227434246,0.0011227556134068973,0.14244137483667485,0.8862684071225797,0.06527160178481785,0.04943943100075742
-0.3999999999999997,0.5000000000000001,0.9000000000000002,1,1,1,0.00022199864872045891,0.001325063866555453,0.16617134677481804,0.7716177970477403,0.0855106253466989,0.04736658569306635
-0.34999999999999964,0.5000000000000001,0.9000000000000002,1,1,1,0.00011509840114819606,0.0006436360072105158,0.19031616795970896,0.5413979023366315,0.0977073049694383,0.028152351383703977
-0.2999999999999996,0.5000000000000001,0.9000000000000002,0,1,0,8.651631928756119e-05,0.021527631791747513,0.2140054680292569,0.4540618004578297,0.10459462437213146,0.01696944534802295
-0.24999999999999956,0.5000000000000001,0.9000000000000002,0,1,0,7.92831255169519e-05,0.10292323161951314,0.23643182167023635,0.8266058156462355,0.10714187481810987,0.05524525940200994
-0.1999999999999995,0.5000000000000001,0.9000000000000002,0,1,0,8.385711115879068e-05,0.7779331313647038,0.2568337942132759,0.0,0.10568441814899338,0.04248127961498143
-0.14999999999999947,0.5000000000000001,0.9000000000000002,0,1,0,0.0001016160241107928,1.9319991616090735,0.27455686725921424,0.0,0.10014473626637072,0.06469824757266396
-0.09999999999999942,0.5000000000000001,0.9000000000000002,0,1,0,0.00014502944905512896,2.722041538854088,0.2891830673547857,0.0,0.09000132152912357,0.045571845676607686
-0.09999999999999942,0.45000000000000007,0.9000000000000002,0,1,0,0.00028359599722300164,2.715970092550185,0.30341642276616254,0.0,0.12124079522466301,0.045571845676607686
-0.14999999999999947,0.45000000000000007,0.9000000000000002,0,1,0,6.3469408735376e-05,0.7421953072429809,0.2923875127596216,0.0,0.12936761133552463,0.04250460652357673
-0.1999999999999995,0.45000000000000007,0.9000000000000002,0,1,0,5.508284879757809e-05,0.09600633562059933,0.27314971205547867,0.7611979342692188,0.13408226063880446,0.049222769723588876
-0.24999999999999956,0.45000000000000007,0.9000000000000002,0,1,0,5.293482336199321e-05,0.007854218879469034,0.2511749858678991,0.31541846956061825,0.13549340109945382,3.1051496464544305e-05
-0.2999999999999996,0.45000000000000007,0.9000000000000002,1,1,1,5.5969514254052515e-05,0.0009461119901185501,0.22710087848868588,0.7073133091791686,0.13366376182118084,0.04283566944765177
-0.34999999999999964,0.45000000000000007,0.9000000000000002,1,1,1,6.485917597453487e-05,0.0010108348785470209,0.2017271684860118,0.8948116196074685,0.12845740860035934,0.04913565810478444
-0.3999999999999997,0.45000000000000007,0.9000000000000002,1,1,1,8.388468419367524e-05,0.0015802891270945338,0.17589386012829822,1.0066552445745833,0.11945524314647661,0.035707652730475034
-0.44999999999999973,0.45000000000000007,0.9000000000000002,1,1,1,0.0001275957812449364,0.0016977949577277988,0.1504193060300496,1.0855949504879918,0.10573345118590091,0.03632774897637542
-0.4999999999999998,0.45000000000000007,0.9000000000000002,1,1,1,0.00025851339112755795,0.0008564537755306253,0.12612138219882052,1.0676740061897563,0.08516677329799399,0.06638364545649737
-0.5499999999999998,0.45000000000000007,0.9000000000000002,1,1,1,0.0009966125540853004,0.0002697086636508441,0.10414520124585014,0.9805869938386853,0.05114123606587222,0.08275806639469264
-0.5999999999999999,0.45000000000000007,0.9000000000000002,0,0,1,0.037084959807627514,0.000165120654522812,0.0,0.8753396403439959,0.02170781038690434,0.09297658159831404
-0.6499999999999999,0.45000000000000007,0.9000000000000002,0,0,1,0.2567721038186009,0.00013218661637659352,0.0,0.7840916134368423,0.03557572630129566,0.0983139980581993
-0.7,0.45000000000000007,0.9000000000000002,0,0,1,2.5764915279923444,0.00012756056353164467,0.0,0.7059633354673049,0.044672010993470596,0.09954262961819514
-0.75,0.45000000000000007,0.9000000000000002,0,0,1,3.086513130766445,0.0001429891444046731,0.0,0.6411083641931077,0.045571845676607506,0.09702105396185813
-0.75,0.40000000000000013,0.9000000000000002,0,0,1,3.088804477501224,0.00034022922261692327,0.0,0.4902326881797605,0.045571845676607506,0.12453096520169264
-0.7,0.40000000000000013,0.9000000000000002,0,0,1,0.08688386974930333,7.573207448800715e-05,0.0,0.5524986328381754,0.07480774289947623,0.12855529527833479
-0.6499999999999999,0.40000000000000013,0.9000000000000002,0,0,1,0.03721269332728011,7.816462153972528e-05,0.0,0.6252851697560098,0.02388792014276585,0.12974415571128067
-0.5999999999999999,0.40000000000000013,0.9000000000000002,1,1,1,0.0004342817533462813,8.626095578030781e-05,0.06491128272422086,0.7072714951603527,0.05560829679616663,0.1279785332796122
-0.5499999999999998,0.40000000000000013,0.9000000000000002,1,1,1,0.0007497882571386518,0.00010185947526345653,0.08603795439957418,0.7969746842554075,0.09357569578468862,0.1231461689903275
-0.4999999999999998,0.40000000000000013,0.9000000000000002,1,1,1,0.00015812495391251437,0.00012874959478479793,0.11008745441211287,0.786550552142534,0.11591897365637609,0.11514805761085602
-0.44999999999999973,0.40000000000000013,0.9000000000000002,1,1,1,8.502613194170146e-05,0.00017140790071474668,0.136302990687017,0.77907456786805,0.13174367746216034,0.10412733663044121
-0.3999999999999997,0.40000000000000013,0.9000000000000002,1,1,1,6.0450118075643635e-05,0.00022125196888230324,0.16382821864449681,0.7752072437170199,0.1429065452400907,0.09113450832735764
-0.34999999999999964,0.40000000000000013,0.9000000000000002,1,1,1,5.039027250179327e-05,0.00024176468402074114,0.1918117148065024,0.7670010533389844,0.1504081804102536,0.07905079701964614
-0.2999999999999996,0.40000000000000013,0.9000000000000002,1,1,1,4.6163826786107674e-05,0.0003855113829065793,0.21928372779851735,0.7374062715250544,0.1547555127092369,0.06933689780650522
-0.24999999999999956,0.40000000000000013,0.9000000000000002,1,1,1,4.5164948318037944e-05,0.0011795092441219672,0.2451582930521874,0.6727825735296751,0.1561774529991092,0.05213181331709377
-0.1999999999999995,0.40000000000000013,0.9000000000000002,0,1,0,4.684712447611796e-05,0.01432135652078888,0.2682787665835895,0.0,0.15471344444647475,0.007517950872220352
-0.14999999999999947,0.40000000000000013,0.9000000000000002,0,1,0,5.1959726809862276e-05,0.06492431121299379,0.2766841728213123,0.07560501059846025,0.1502636284035253,0.051279456154845415
-0.09999999999999942,0.40000000000000013,0.9000000000000002,0,1,0,6.287385628314166e-05,2.710807434696716,0.2171341613030423,0.0,0.1426293491320125,0.045571845676607686
-0.09999999999999942,0.3500000000000001,0.9000000000000002,0,1,0,5.534857156652231e-05,0.0628072180479522,0.15194627742976663,0.0,0.15887307370812576,0.042901691120565855
-0.14999999999999947,0.3500000000000001,0.9000000000000002,0,1,0,4.816432735168347e-05,0.019104905924317708,0.21705928601805002,0.0,0.1662987014242563,0.023735356222085686
-0.1999999999999995,0.3500000000000001,0.9000000000000002,1,1,1,4.0729673469960385e-05,0.0007030913399055913,0.28422585065125805,0.65942416104247,0.17065193381815696,0.04775418840736696
-0.24999999999999956,0.3500000000000001,0.9000000000000002,1,1,1,3.841529572734878e-05,0.000985734910114011,0.25967576902308,0.789078111315968,0.17216653845612412,0.07143672322395161
-0.2999999999999996,0.3500000000000001,0.9000000000000002,1,1,1,3.918393204100162e-05,0.00019076815855527832,0.23206886941955895,0.8542005225994471,0.1710004186813485,0.08088024830740369
-0.34999999999999964,0.3500000000000001,0.9000000000000002,1,1,1,4.2283016572160746e-05,7.103130947135691e-05,0.20268850724443022,0.8834625043459066,0.16718167244144164,0.09595956808379162
-0.3999999999999997,0.3500000000000001,0.9000000000000002,1,1,1,4.811461658845994e-05,0.00011803306968656339,0.1658086495018707,0.8881632405059028,0.16057141359937835,0.11591526440374729
-0.44999999999999973,0.3500000000000001,0.9000000000000002,1,1,1,5.8603157301466985e-05,0.00011662975410488787,0.12938234563718742,0.891630255781019,0.15082235828817941,0.13363798344747504
-0.4999999999999998,0.3500000000000001,0.9000000000000002,1,1,1,7.928260030054806e-05,8.429570683567977e-05,0.09831566060748687,0.9007861014256513,0.1372787796785566,0.1473461532246437
-0.5499999999999998,0.3500000000000001,0.9000000000000002,1,1,1,0.00012824233848270598,6.33839110049105e-05,0.0732867587285515,0.8608349557578419,0.1186840914335627,0.15720327983850466
-0.5999999999999999,0.3500000000000001,0.9000000000000002,1,1,1,0.00029057608626288287,5.18072120977612e-05,0.05603978295595091,0.7628205823355012,0.09218146436546816,0.1635516915152131
-0.6499999999999999,0.3500000000000001,0.9000000000000002,1,1,1,0.0014804977793767562,4.5709594246575056e-05,0.04750035793620411,0.6683284494219413,0.04788065872724093,0.16654735705890142
-0.7,0.3500000000000001,0.9000000000000002,0,0,1,0.029466943955391865,4.363641941091112e-05,0.0,0.5775578476178045,0.04919943740587754,0.16608125872791255
-0.75,0.3500000000000001,0.9000000000000002,0,0,1,0.07497609372456805,4.6291923425336875e-05,0.0,0.4906985350578017,0.13757160637037558,0.16178772343878273
-0.75,0.30000000000000004,0.9000000000000002,0,0,1,0.08406382230754349,5.102887537798085e-05,0.0,0.4208316674864877,0.04401599064645643,0.17558700324531443
-0.7,0.30000000000000004,0.9000000000000002,0,0,1,0.008509287040840982,3.718451929851743e-05,0.0,0.5081930592384372,0.0009339746832903133,0.18059011459945618
-0.6499999999999999,0.30000000000000004,0.9000000000000002,1,1,1,0.0017132579058688432,3.6491295923430413e-05,0.0,0.5984962270229246,0.08161133843301853,0.18201491729902353
-0.5999999999999999,0.30000000000000004,0.9000000000000002,1,1,1,0.000344240488214495,3.9571051800675604e-05,0.009411794123102446,0.6915161976880675,0.1147567819760474,0.18039213140376562
-0.5499999999999998,0.30000000000000004,0.9000000000000002,1,1,1,0.00011128105434358692,4.533977657534766e-05,0.028939166429591268,0.7869440395224601,0.1368031027863055,0.17601138820128573
-0.4999999999999998,0.30000000000000004,0.9000000000000002,1,1,1,6.623183417980563e-05,5.397513250634834e-05,0.054494301701284,0.8240826197043891,0.1530924667229064,0.16892013307585374
-0.44999999999999973,0.30000000000000004,0.9000000000000002,1,1,1,4.9917078579515755e-05,6.698117424348341e-05,0.0854402193223387,0.7996170666822704,0.16521837065755224,0.15899130747048
-0.3999999999999997,0.30000000000000004,0.9000000000000002,1,1,1,4.2802269738956534e-05,8.738358584284376e-05,0.1214614770673359,0.7794532635313907,0.17403830022110284,0.1460531434050886
-0.34999999999999964,0.30000000000000004,0.9000000000000002,1,1,1,3.9388665654453314e-05,0.00011845166461362512,0.16234744250895083,0.7646558344596293,0.18004026549784163,0.13015098702114664
-0.2999999999999996,0.30000000000000004,0.9000000000000002,1,1,1,3.7797269763778e-05,0.00015762200196661993,0.20073571771063037,0.7541892307481337,0.18348654492482383,0.11205975412401425
-0.24999999999999956,0.30000000000000004,0.9000000000000002,1,1,1,3.744594243318547e-05,0.00022651730300458014,0.2290845019367329,0.7416641841773215,0.18445417096893868,0.09342001561717242
-0.1999999999999995,0.30000000000000004,0.9000000000000002,1,1,1,3.845360473569539e-05,0.0005795125908200299,0.22958851242359413,0.7131510558150542,0.18284447598446818,0.07259771085382494
-0.14999999999999947,0.30000000000000004,0.9000000000000002,1,1,1,4.172094217010623e-05,0.000957773093967305,0.15038980672624713,0.4779534448222333,0.178406330615785,0.026548926286044272
-0.09999999999999942,0.30000000000000004,0.9000000000000002,0,1,0,4.960056340513759e-05,0.04542536513164092,0.07990399993326125,0.04855984965976301,0.17080102907080957,0.034486705371449676
-0.09999999999999942,0.25,0.9000000000000002,0,1,0,3.643163324322263e-05,0.03791533850490976,0.0327851871901671,0.0,0.1803031918376093,0.020492320000428506
-0.14999999999999947,0.25,0.9000000000000002,1,1,1,4.4362973920498346e-05,0.000351452864514725,0.10836049864220199,0.7271695348493328,0.18807407760577396,0.05824890225541915
-0.1999999999999995,0.25,0.9000000000000002,1,1,1,3.5532417912133737e-05,0.0009230842978227013,0.19247495714573848,0.8198290400461337,0.1925304870923091,0.0856863498749342
-0.24999999999999956,0.25,0.9000000000000002,1,1,1,3.287539968681189e-05,0.0001760269336739125,0.1956711244660343,0.8655406149572604,0.1941569284832382,0.10303221987224201
-0.2999999999999996,0.25,0.9000000000000002,1,1,1,3.321967964348615e-05,8.87989047987753e-05,0.14387492387386125,0.8881735004906988,0.19330333433231242,0.12334245441008206
-0.34999999999999964,0.25,0.9000000000000002,1,1,1,3.52734540619729e-05,8.735762988532295e-05,0.09632063953243675,0.9022785123980934,0.19012268946080202,0.14414296107596228
-0.3999999999999997,0.25,0.9000000000000002,1,1,1,3.879865189185437e-05,7.025383390497137e-05,0.05319219772782757,0.9199518125106725,0.18456564045009868,0.16191655436814328
-0.44999999999999973,0.25,0.9000000000000002,1,1,1,4.426381855521371e-05,5.079488532045729e-05,0.01482209142826063,0.9440254151169536,0.17640160535476704,0.17583166908554332
-0.4999999999999998,0.25,0.9000000000000002,1,1,1,0.0018994997998544308,3.905301552747341e-05,0.0,0.9734789291332795,0.1650922055988889,0.1860454529834012
-0.5499999999999998,0.25,0.9000000000000002,0,0,1,0.007318125107536424,3.29787170800108e-05,0.0,0.9213828263634862,0.1501494163965267,0.19283170260769078
-0.5999999999999999,0.25,0.9000000000000002,0,0,1,0.039192730768642645,3.0347985191300718e-05,0.0,0.8248764729521307,0.13061850532695554,0.1963145815200587
-0.6499999999999999,0.25,0.9000000000000002,0,0,1,0.06765749930362852,3.0527403862650293e-05,0.0,0.7284719953729855,0.10339887432788893,0.19637144931564518
-0.7,0.25,0.9000000000000002,0,0,1,0.08685165675064933,3.442470344049923e-05,0.0,0.6318185764573345,0.05829387972678289,0.19260366671771048
-0.75,0.25,0.9000000000000002,0,0,1,0.050754423532447544,4.5161377326092656e-05,0.0,0.5341546296303321,0.01840408014301222,0.18436420965570008
-0.75,0.2,0.9000000000000002,0,0,1,0.17022534627136995,2.5036593231640127e-05,0.0,0.5037728881555132,0.0011386033843017516,0.19167969532956644
-0.7,0.2,0.9000000000000002,0,0,1,0.1670833201321109,3.3009851002095664e-05,0.0,0.5976995052992589,0.08276269442710223,0.19970036772883265
-0.6499999999999999,0.2,0.9000000000000002,0,0,1,0.139555957696925,2.8326584004879327e-05,0.0,0.6906776542889284,0.11904792527915986,0.20354657916809085
-0.5999999999999999,0.2,0.9000000000000002,0,0,1,0.10837815683521289,2.8067575065188998e-05,0.0,0.7834038096915359,0.14320169342667083,0.20397948822457673
-0.5499999999999998,0.2,0.9000000000000002,0,0,1,0.07574164419901101,2.9979770383076114e-05,0.0,0.8761269910437335,0.16092669650262167,0.2014898068386728
-0.4999999999999998,0.2,0.9000000000000002,0,0,1,0.04207763678107202,3.346086698334833e-05,0.0,0.8990256288598479,0.17434070890832945,0.19627935859555382
-0.44999999999999973,0.2,0.9000000000000002,0,0,1,0.007024189304428222,3.870728339389653e-05,0.0,0.887450709545802,0.18454903224264405,0.18831011569869074
-0.3999999999999997,0.2,0.9000000000000002,1,1,1,0.0005564506029190393,4.685687041543082e-05,0.003696712998248586,0.8520130816744202,0.1925440874211197,0.17740021582520768
-0.34999999999999964,0.2,0.9000000000000002,1,1,1,3.459841068529346e-05,6.041696558437582e-05,0.043541137696514465,0.8226796818973909,0.1976291673395769,0.1633485307307598
-0.2999999999999996,0.2,0.9000000000000002,1,1,1,3.400903660409973e-05,8.307526629251788e-05,0.08731276283099687,0.800445888997257,0.20062361098107326,0.14611537990344733
-0.24999999999999956,0.2,0.9000000000000002,1,1,1,3.344360841432512e-05,0.00012062282365823447,0.1348365957843516,0.784814367601081,0.20140673243847862,0.12608021768000247
-0.1999999999999995,0.2,0.9000000000000002,1,1,1,3.390695358113241e-05,0.0002115607225832881,0.13606887026387127,0.771735365649393,0.19977962680663552,0.10382225654308601
-0.14999999999999947,0.2,0.9000000000000002,1,1,1,3.629020181112032e-05,0.0006169264392507077,0.04824644214528662,0.7515652240001929,0.19528689605145474,0.07670503365687614
-0.09999999999999942,0.2,0.9000000000000002,1,1,1,0.001996108277355123,0.0013551527880185283,0.0,0.353102133385969,0.18762558764800197,0.010754582182441219
-0.09999999999999942,0.15,0.9000000000000002,1,1,1,0.0019109081852609973,0.001661248890917166,0.0,0.5694941893615189,0.1933012601569036,0.040824222814567886
-0.14999999999999947,0.15,0.9000000000000002,1,1,1,4.057388819222759e-05,0.00014453275627998382,0.08179993345820091,0.8585194923976447,0.20120816376359327,0.0857876236556249
-0.1999999999999995,0.15,0.9000000000000002,1,1,1,3.186345951021761e-05,0.00028430183711090337,0.11241169817324304,0.8999030460309683,0.20553447619406873,0.10917928503972762
-0.24999999999999956,0.15,0.9000000000000002,1,1,1,2.9246600694698807e-05,0.000109605963395672,0.05176097921890577,0.925836884895632,0.2070587236072967,0.1306023843474397
-0.2999999999999996,0.15,0.9000000000000002,0,0,1,0.00485646810443501,7.436139606876187e-05,0.0,0.946180837589419,0.20628392223121106,0.15178010194511754
-0.34999999999999964,0.15,0.9000000000000002,0,0,1,0.0118226012022507,5.474733422097202e-05,0.0,0.9431319520641533,0.20308774659659576,0.17039469752262104
-0.3999999999999997,0.15,0.9000000000000002,0,0,1,0.04683198164583241,3.936620282264839e-05,0.0,0.902272255696762,0.19831888303827078,0.1853412793815349
-0.44999999999999973,0.15,0.9000000000000002,0,0,1,0.08063783566035058,3.058056355277746e-05,0.0,0.8681671956482101,0.19147595481366023,0.19651801402285254
-0.4999999999999998,0.15,0.9000000000000002,0,0,1,0.11311763259444484,2.680516323594651e-05,0.0,0.8436452519328386,0.18215243420013208,0.20416191397984246
-0.5499999999999998,0.15,0.9000000000000002,0,0,1,0.14529989957553321,2.564831326185684e-05,0.0,0.8306205659237569,0.16972502193453265,0.208573816567241
-0.5999999999999999,0.15,0.9000000000000002,0,0,1,0.17779510456647357,2.5963183253583056e-05,0.0,0.8303330367221436,0.15323089854060085,0.20999190077123647
-0.6499999999999999,0.15,0.9000000000000002,0,0,1,0.21046162869874746,2.7706824160018763e-05,0.0,0.8433346470092317,0.13095702943527396,0.20849949974785162
-0.7,0.15,0.9000000000000002,0,0,1,0.24229011647864807,3.128732886258107e-05,0.0,0.8006993071946917,0.09884992686638634,0.20396542284483962
-0.75,0.15,0.9000000000000002,0,0,1,0.267867275836677,3.7879139679849184e-05,0.0,0.712543859771043,0.03465883865321562,0.19603671836358644
