t,phase,object_pos_x,object_pos_y,object_pos_z,object_quat_w,object_quat_x,object_quat_y,object_quat_z,object_linvel_x,object_linvel_y,object_linvel_z,object_angvel_x,object_angvel_y,object_angvel_z,F_meas_left_Fx,F_meas_left_Fy,F_meas_left_Fz,F_meas_left_Tx,F_meas_left_Ty,F_meas_left_Tz,F_meas_right_Fx,F_meas_right_Fy,F_meas_right_Fz,F_meas_right_Tx,F_meas_right_Ty,F_meas_right_Tz,F_star_left_Fx,F_star_left_Fy,F_star_left_Fz,F_star_left_Tx,F_star_left_Ty,F_star_left_Tz,F_star_right_Fx,F_star_right_Fy,F_star_right_Fz,F_star_right_Tx,F_star_right_Ty,F_star_right_Tz,qdot_left_j1,qdot_left_j2,qdot_left_j3,qdot_left_j4,qdot_left_j5,qdot_left_j6,qdot_left_j7,qdot_right_j1,qdot_right_j2,qdot_right_j3,qdot_right_j4,qdot_right_j5,qdot_right_j6,qdot_right_j7,torque_left_j1,torque_left_j2,torque_left_j3,torque_left_j4,torque_left_j5,torque_left_j6,torque_left_j7,torque_right_j1,torque_right_j2,torque_right_j3,torque_right_j4,torque_right_j5,torque_right_j6,torque_right_j7,torque_clipped_left_j1,torque_clipped_left_j2,torque_clipped_left_j3,torque_clipped_left_j4,torque_clipped_left_j5,torque_clipped_left_j6,torque_clipped_left_j7,torque_clipped_right_j1,torque_clipped_right_j2,torque_clipped_right_j3,torque_clipped_right_j4,torque_clipped_right_j5,torque_clipped_right_j6,torque_clipped_right_j7,vel_clipped_left,vel_clipped_right,release_actual_pos_x,release_actual_pos_y,release_actual_pos_z,release_actual_vel_x,release_actual_vel_y,release_actual_vel_z,x_ref_x,x_ref_y,x_ref_z,v_ref_x,v_ref_y,v_ref_z,v_obj_cmd_x,v_obj_cmd_y,v_obj_cmd_z,ee_cmd_left_vx,ee_cmd_left_vy,ee_cmd_left_vz,ee_cmd_left_wx,ee_cmd_left_wy,ee_cmd_left_wz,ee_cmd_right_vx,ee_cmd_right_vy,ee_cmd_right_vz,ee_cmd_right_wx,ee_cmd_right_wy,ee_cmd_right_wz,ee_actual_left_vx,ee_actual_left_vy,ee_actual_left_vz,ee_actual_left_wx,ee_actual_left_wy,ee_actual_left_wz,ee_actual_right_vx,ee_actual_right_vy,ee_actual_right_vz,ee_actual_right_wx,ee_actual_right_wy,ee_actual_right_wz
0.0,APPROACH_PREGRASP,-0.42,0.25,0.39996076,0.7071067811865476,0.0,0.0,0.7071067811865476,0.0,0.0,-0.019620000000000002,0.0,0.0,0.0,4.574377784859577e-32,-1.5951762783838367e-32,1.961999999999994,-1.1102230246251532e-16,9.586095741334994e-34,-2.3242760527440572e-48,2.848080248279278e-32,1.563091037178985e-33,1.9619999999999962,8.673617379884017e-19,2.2491514777151924e-35,1.359971330789718e-50,-3.0,0.0,0.0,0.0,0.0,0.0,3.0,0.0,0.0,0.0,0.0,0.0,0.0,0.0,0.0,0.0,0.0,0.0,0.0,0.0,0.0,0.0,0.0,0.0,0.0,0.0,0.0,-31.05852778554683,0.0,23.33944079688844,0.8312436327940776,2.4658456373408004,1.2069392366078366e-17,0.0,-31.058527785546822,0.0,23.339440796888443,0.8312436327940784,2.4658456373408075,-2.803779342487487e-18,False,False,False,False,False,False,False,False,False,False,False,False,False,False,False,False,,,,,,,,,,,,,,,,,,,,,,,,,,,,0.0,0.0,0.0,0.0,0.0,0.0,0.0,0.0,0.0,0.0,0.0,0.0
0.02,APPROACH_PREGRASP,-0.42,0.25,0.3989806395817627,0.7071067811865476,6.595449411192944e-19,6.595449411192944e-19,0.7071067811865476,-3.37174129809527e-18,-3.700743415417187e-18,-0.03646907952653403,-3.975407965780184e-17,7.806255641895634e-17,5.7824115865893634e-18,-0.7133762285843467,-0.01541920177354414,1.9064286144504312,0.01428027012983864,0.015094819678906007,-0.01710660231316226,-0.6500212494688802,0.5696434118573643,1.3153959435876066,0.013977842720934443,0.010750468119975862,-0.021948964797820457,-3.0,0.0,0.0,0.0,0.0,0.0,3.0,0.0,0.0,0.0,0.0,0.0,0.265073598330321,-0.12066580876188554,-0.23414030180324524,-0.22662810716177184,0.29470631748311316,0.4129362527029713,0.3901660432568567,0.20148868420564403,0.04021774742198549,-0.17495318024853962,-0.09659655087731449,-0.29400219649887444,0.4172462460503366,0.389682229839843,10.663293456663656,-39.10854635869452,3.3642191380841453,19.0925917538985,3.7893843318964984,4.5979753137003145,1.8465451057031947,-1.7681121684732803,-11.603534212911224,-7.926300608419445,11.754933452175283,-2.059766041299481,4.4231947402927725,1.8530474923253986,False,False,False,False,False,False,False,False,False,False,False,False,False,False,False,False,,,,,,,,,,,,,,,,,,,,,,,,,,,,-0.05277884306988948,0.007920984212218325,-0.003561971634399516,0.3058931977986066,0.2963704313342489,-0.3605947467293207,-0.0581040350081138,0.020887934603545613,-0.03099684004661197,0.29292265112271976,0.28160549356865083,-0.36171488644924316
0.04,APPROACH_PREGRASP,-0.42,0.25,0.3987735041703325,0.7071067811865476,9.964693147192263e-19,9.964693147192263e-19,0.7071067811865476,-2.3663403061624956e-18,3.0839528461810093e-19,0.0021638257351221063,-3.108046227791778e-17,8.67361737988403e-18,1.1564823173178722e-17,-0.8398077228926496,-0.04837700325952848,1.9465423186368094,0.013916782692037624,0.01610863554586501,-0.01633149865309564,-0.7105394619911719,1.1492106307415502,0.8076489745906529,0.014445642094510089,0.0058746620094851055,-0.026485002395422976,-3.0,0.0,0.0,0.0,0.0,0.0,3.0,0.0,0.0,0.0,0.0,0.0,0.5574394761566619,-0.26875818928073675,-0.44435428840931673,-0.48445243432235574,0.5934506890287162,0.8121843717629982,0.7909850494075814,0.24662941160436117,0.13682307874004346,-0.3269164356911921,-0.2619224215420367,-0.5847098376711288,0.8267322438889477,0.7895605294517232,12.702196106745944,-39.93463656707883,4.880742558633467,19.409150154922035,4.007670581605346,4.700265227729359,1.9245649689388504,-10.960541558554981,-1.342176641101478,-15.3628995517366,5.220272211964058,-2.853519433503467,3.8275776864652267,1.9652473607649414,False,False,False,False,False,False,False,False,False,False,False,False,False,False,False,False,,,,,,,,,,,,,,,,,,,,,,,,,,,,-0.1322660016960907,0.004256615787465222,-0.006997399349405505,0.5866081813324184,0.6079235717174803,-0.6893179017449307,-0.12695456478232556,0.1139442099371531,-0.12570580034575213,0.5782933680705519,0.43686585071206674,-0.8570253720590432
0.06,APPROACH_PREGRASP,-0.42,0.25,0.3988737024941216,0.7071067811865476,1.8611784329272663e-18,1.8611784329272663e-18,0.7071067811865476,-3.178084078184698e-18,-6.167905692361959e-19,0.004976300824713265,-2.9634859381270446e-17,-7.806255641895633e-17,2.3129646346357444e-17,-0.8501711687306943,-0.08328774991578834,1.985860893982235,0.013036806710711573,0.017597235715816097,-0.016779118596902683,-0.2091608340066134,1.3769643711252757,0.2629191031870344,0.014727240058789713,-0.015332324064216876,-0.027852588251900547,-3.0,0.0,0.0,0.0,0.0,0.0,3.0,0.0,0.0,0.0,0.0,0.0,0.858311804807407,-0.41938859154324787,-0.645001104465814,-0.7399304559130997,0.8940315817743212,1.211593464021228,1.1916098434681375,0.2609614507663828,0.2645878630880878,-0.5142123356212086,-0.45245006840999835,-0.8824909909450818,0.9842967670319571,1.190073805635655,12.853026376373094,-40.2836699461893,4.947816676632896,19.641146807997735,4.10040353448651,4.805551949681593,2.009174762355348,-14.212203725414764,4.124107435653528,-18.575434928863196,0.06136547331593789,-3.2128230228892973,0.9228928808685171,2.056006711364606,False,False,False,False,False,False,False,False,False,False,False,False,False,False,False,False,,,,,,,,,,,,,,,,,,,,,,,,,,,,-0.21740355457440488,-0.002536559064203447,-0.006361965090452613,0.8550847669676317,0.9444296500912482,-1.0171191861167301,-0.16876884448211107,0.24296801368541407,-0.27177206952399247,0.8682816911237138,0.29493354995930704,-1.4027640316170895
0.08,APPROACH_PREGRASP,-0.42,0.25,0.39893662731792284,0.7071067811865476,2.46489796772947e-18,2.46489796772947e-18,0.7071067811865476,-5.7792083347625914e-18,6.167905692362002e-19,0.0017174259934836396,-6.14381231075119e-17,2.8912057932947144e-18,5.782411586589356e-18,-0.795040396747771,-0.12987711051228704,2.0215276133710685,0.011480589621085764,0.01962156720537513,-0.01792851596653314,-0.11465949050709523,1.4616961742988073,0.012749338201435643,0.015788500330303486,-0.018212670381553563,-0.007457785033031614,-3.0,0.0,0.0,0.0,0.0,0.0,3.0,0.0,0.0,0.0,0.0,0.0,1.1630668477847683,-0.571157802383509,-0.8417695099867308,-0.9932282747105728,1.195449317035968,1.611294668650486,1.5921356345472715,0.2619715315973166,0.40385528745318117,-0.7148308651577684,-0.6817982476445726,-1.1835036130416485,0.9891080789708442,1.453746329840383,12.09553606864385,-40.35309464980698,4.115599993770258,19.738954263942667,4.131046182969036,4.897622414083436,2.0974691552353395,-15.43378207091618,7.685603267663112,-19.744011578337222,-3.1219489732088945,-3.3848671459971778,0.4240663787854646,0.5929546493173246,False,False,False,False,False,False,False,False,False,False,False,False,False,False,False,False,,,,,,,,,,,,,,,,,,,,,,,,,,,,-0.2997352229991658,-0.01347830830410927,-0.001990657483330682,1.0987290663129468,1.3166016885160094,-1.3622032130015689,-0.1848902750740672,0.3859046699877216,-0.4567049691723036,1.1711691062786356,-0.04160340379451422,-1.8186334731409135
0.1,APPROACH_PREGRASP,-0.42,0.25,0.3989501091506948,0.7071067811865476,3.07235746154325e-18,3.07235746154325e-18,0.7071067811865476,-6.7896615984560946e-18,-6.167905692361956e-19,0.00011453623543156399,-1.0769741580022677e-16,-3.758567531283078e-17,1.734723475976808e-17,-0.693360988944338,-0.1856438282443027,2.052262600665385,0.00917230702728376,0.022141262239803762,-0.01950300497195996,0.05433519081136557,1.4594230728068973,-0.1226869968187272,0.01573865768867026,-0.01988214227193813,-0.006075624216815271,-3.0,0.0,0.0,0.0,0.0,0.0,3.0,0.0,0.0,0.0,0.0,0.0,1.4695327933341864,-0.7235759700471758,-1.036764484999656,-1.2449323158111896,1.4972498067715105,2.011202442814863,1.9926039954837849,0.2578706530395259,0.5566385218248658,-0.9206570802781855,-0.9337014772096465,-1.4848232185979173,0.9913678683491297,1.4539372255585106,10.76419537563225,-40.14936062402511,2.700532150904847,19.690440138562217,4.126197301390037,4.979584560218351,2.188232940023889,-15.81797055350718,8.74149975834601,-20.05372800777423,-4.916798554844011,-3.3763933245224846,0.013999470294531857,0.5825955304715305,False,False,False,False,False,False,False,False,False,False,False,False,False,False,False,False,,,,,,,,,,,,,,,,,,,,,,,,,,,,-0.3739249027656474,-0.02962574526991981,0.00571542720312708,1.303278265190036,1.7348018541157528,-1.7353443141738298,-0.18774828766304932,0.53269389707639,-0.6597664035182318,1.4917728597352218,-0.42524919343825396,-1.9524792011301675
0.12,APPROACH_PREGRASP,-0.42,0.25,0.398948310599381,0.7071067811865476,4.031108615306732e-18,4.031108615306732e-18,0.7071067811865476,-9.891497732555689e-18,2.311115933264683e-33,-0.000149010243263745,-1.2793585635328952e-16,-6.649773324577756e-17,1.734723475976808e-17,-0.7983768285508855,-0.4824797149939499,2.351893738247186,-0.0065104597111583585,0.023043586766061063,-0.01701198630891971,0.05885043123957014,1.164099663398772,0.31535251151196997,0.0023235800569668323,-0.015023882873848978,-0.006714969193527919,-3.0,0.0,0.0,0.0,0.0,0.0,3.0,0.0,0.0,0.0,0.0,0.0,1.7551158460497005,-0.8471306863894669,-1.2066590893183784,-1.3882137791629137,1.7946254344407588,2.106339386359136,2.3935178417179825,0.2462507120567959,0.7532829090597682,-1.1340630586716212,-1.0935970938450623,-1.4869514961362476,0.9759865238993345,1.4538088745207411,11.456662424297576,-43.3345730592721,5.169256150371376,25.63882219026665,4.304614320114314,3.4887965104214533,2.2685986853359656,-15.111891543691685,3.27377758958238,-19.25363022088214,1.7564309704411727,-1.677248660174302,0.5845448216676599,0.5901863554027303,False,False,False,False,False,False,False,False,False,False,False,False,False,False,False,False,,,,,,,,,,,,,,,,,,,,,,,,,,,,-0.4406192547637676,-0.07299835600109533,0.021456475427431954,1.228018539136907,2.191353843832536,-2.107565385911187,-0.18418361862019367,0.6519249046698684,-0.8472720085486589,1.5286903394631328,-0.77748058675867,-2.096684859778823
0.14,APPROACH_PREGRASP,-0.42,0.25,0.39894607722589726,0.7071067811865476,4.992460886251429e-18,4.992460886251429e-18,0.7071067811865476,-9.83098954489972e-18,2.3111117537292135e-33,-7.170134355859323e-05,-1.1492543028346345e-16,2.0238440553062838e-17,1.734723475976808e-17,-1.3092423922186658,-0.6314211808567279,2.622403885770774,-0.00787183095260134,0.02546151350843521,-0.011404503976023418,0.29857815476552096,1.1175177484464485,0.6243567972737277,0.0029677466407968898,-0.01223494236384779,-0.005900517923879735,-3.0,0.0,0.0,0.0,0.0,0.0,3.0,0.0,0.0,0.0,0.0,0.0,2.0139437629140304,-0.9729092163213575,-1.2504886872526586,-1.433728466587652,2.089003632576821,2.1043086022626944,2.7948120867875685,0.2386282953705088,0.9520737674752945,-1.3435013743043605,-1.1689608141962076,-1.4901311580107761,0.9699604672945902,1.453886440558528,18.40907324886514,-47.55888358739667,12.754902211664197,28.62121038474769,4.858282493718536,3.645240211404926,2.326053612907878,-14.836123154919981,-4.581644669106765,-18.89869317674194,5.499375906801745,-1.612422656734835,0.7389970437708087,0.5919445286305681,False,False,False,False,False,False,False,False,False,False,False,False,False,False,False,False,,,,,,,,,,,,,,,,,,,,,,,,,,,,-0.5533595320666727,-0.13018053904649474,0.07630836498759778,1.0864115356505193,2.678129296393328,-2.37698628595139,-0.16562887788421046,0.7656734438126871,-0.9940500011244077,1.5825730957378124,-1.0445386925506752,-2.221712254263801
0.16,APPROACH_PREGRASP,-0.42,0.25,0.39894539998897083,0.7071067811865476,6.2585918267240675e-18,6.2585918267240675e-18,0.7071067811865476,-1.3068384209557074e-17,9.251858538542992e-19,-1.1423647307573493e-05,-1.4528309111305757e-16,-1.0697461435190305e-16,5.782411586589356e-18,-0.6323416758305298,-0.6958468904095387,2.7301884926001745,-0.005146293678999203,0.009112597416987368,0.0069000818362110325,0.8170700891756606,1.06193023568748,1.193384308271835,0.0029116535023445502,-0.008531830040220055,-0.005226015123898633,-3.0,0.0,0.0,0.0,0.0,0.0,3.0,0.0,0.0,0.0,0.0,0.0,2.229778296101231,-1.1151599704777462,-1.2070770886531643,-1.4526823768938366,2.2557793657769536,2.1011846251601636,2.8857557904580435,0.23456198555840746,1.052088601010578,-1.5491859147788138,-1.278134350544314,-1.4930243416883562,0.9638555807405196,1.4537049843619703,10.629424615983055,-49.17115490571125,8.118043346921558,30.10906645701302,3.046045487781857,3.8222572408954223,0.8163999890584217,-15.08775418691878,-22.742738442163464,-19.122424062968037,11.378914839949935,-1.5459533186527457,0.8614017757454941,0.6020816490989134,False,False,False,False,False,False,False,False,False,False,False,False,False,False,False,False,,,,,,,,,,,,,,,,,,,,,,,,,,,,-0.6669569840961705,-0.1988010509074055,0.15037524559524032,0.9688735426021937,3.024255446522677,-2.286795651511517,-0.09987966982316206,0.8739470946046352,-1.0971763018618135,1.640485944251883,-1.2527949764844415,-2.330698534549578
0.18,APPROACH_PREGRASP,-0.42,0.25,0.3989453854688488,0.7071067811865476,7.425849566045993e-18,7.425849566045993e-18,0.7071067811865476,-1.4667543253338198e-17,-3.0839528461809645e-19,3.602317662454457e-06,-1.7419514904600439e-16,-1.0697461435190305e-16,-3.469446951953618e-17,0.15054062748317856,-0.6651864822937146,2.7488648955118773,-0.00562658757302214,0.00964244534691665,0.0016012374606175755,0.820830185685482,1.0287617291032385,1.689412501666884,0.0036144999743371185,0.0024924508488764997,-0.0033009385455113277,-3.0,0.0,0.0,0.0,0.0,0.0,3.0,0.0,0.0,0.0,0.0,0.0,2.290970473475263,-1.2631398894077122,-1.1438136962268035,-1.456081327613233,2.263221880464233,2.0969761154439697,2.884586015009893,0.2316158751750186,1.099043255080562,-1.7536357059988632,-1.3551643198723868,-1.4948496665037772,0.972609350444983,1.4535983718523802,0.16393245763288977,-49.598080946683865,-2.714476171815216,30.531899398134115,2.6004530808490918,4.142753941924848,0.8475521385291251,-15.509939907087322,-32.47252765967261,-19.638001400490886,16.259807773138768,-1.5362862988755928,2.125676598130375,0.6100507347314565,False,False,False,False,False,False,False,False,False,False,False,False,False,False,False,False,,,,,,,,,,,,,,,,,,,,,,,,,,,,-0.6820544285630269,-0.2669181984791594,0.22868981110446016,0.8614488596472989,3.212516205321549,-2.2170872571266247,-0.009361026253167799,0.9781808889164888,-1.1472997691917963,1.7022033856079344,-1.3670898057007361,-2.4284177110154253
0.2,APPROACH_PREGRASP,-0.42,0.25,0.39894545631129635,0.7071067811865476,8.52287281218306e-18,8.52287281218306e-18,0.7071067811865476,-1.2773784258582734e-17,6.167905692362007e-19,2.711870236213652e-06,-2.464752938783714e-16,-5.493291007259881e-17,-1.7347234759768093e-17,0.5838535962127422,-0.626339047629396,2.7299545305108217,-0.006345297269610729,0.01000995366129478,-0.0019273897371822838,0.9546782977185407,0.9851521799044006,2.0008184014908768,0.0038587807004393736,0.004580702708802169,-0.002832082627626293,-3.0,0.0,0.0,0.0,0.0,0.0,3.0,0.0,0.0,0.0,0.0,0.0,2.29362157702371,-1.415309091075445,-1.1070939507865827,-1.4539513742899002,2.2678152763720067,2.094662271382764,2.883975487062049,0.22890525304691783,1.1240156575713895,-1.9574370129558567,-1.3947928657984012,-1.4961174228588392,0.9688185015160592,1.4535560877920513,-8.758431909815965,-48.92088587559182,-4.879678849317104,30.480200035107302,2.5393722357350685,4.354176262048363,0.8579211629098158,-15.897548102958565,-38.930215147610156,-20.224582804234213,19.300414385719513,-1.5421900039590746,2.245672349836229,0.6175620373243822,False,False,False,False,False,False,False,False,False,False,False,False,False,False,False,False,,,,,,,,,,,,,,,,,,,,,,,,,,,,-0.6417712186740355,-0.3311838723992738,0.30682934239163495,0.7422701644615444,3.4138186963889146,-2.212841205596092,0.09784603798669629,1.0781895470993699,-1.1602969735952666,1.7667849150924837,-1.4399428601747524,-2.523341730914677
0.22,APPROACH_PREGRASP,-0.42,0.25,0.3989454858848132,0.7071067811865476,1.0164339473817958e-17,1.0164339473817958e-17,0.7071067811865476,-1.7560588774565037e-17,-3.0839528461809563e-19,6.619681926093788e-07,-2.7972416050126024e-16,2.602085213965221e-17,-3.469446951953619e-17,0.8080225682237921,-0.5832317113997066,2.681420463542466,-0.007673251418900604,0.0114396617278383,-0.0016600489892669666,1.0580262271972056,0.9222623942632662,2.261668750478187,0.004246961746933837,0.008713015447402762,-0.0014641965767505085,-3.0,0.0,0.0,0.0,0.0,0.0,3.0,0.0,0.0,0.0,0.0,0.0,2.3084567357701347,-1.570819540647365,-1.1142399038948045,-1.4479865546509134,2.2682513160613893,2.0937487723730652,2.8837661345469168,0.22636171352605042,1.129483551072104,-2.1608856970302566,-1.4149500780393012,-1.4973418766315043,0.9686827904542936,1.453502982148936,-10.088184945634403,-47.365467172286316,-9.110076577206149,30.08433175786901,2.539496093120883,4.423078093627804,0.8574902096791126,-16.16325862331935,-45.05587058543891,-20.907985936859003,21.066780054520752,-1.5685787857006523,2.5983978649800488,0.6258430611773457,False,False,False,False,False,False,False,False,False,False,False,False,False,False,False,False,,,,,,,,,,,,,,,,,,,,,,,,,,,,-0.5745189851661877,-0.391253570705082,0.38184360649651444,0.6088221515848966,3.630393390251344,-2.2180895388439392,0.2180665564264684,1.1726867400013081,-1.1436645446614726,1.8335721182920697,-1.4755856138752559,-2.614282716691091
0.24,APPROACH_PREGRASP,-0.42,0.25,0.39894548953576536,0.7071067811865476,1.1779991948418642e-17,1.1779991948418642e-17,0.7071067811865476,-2.4973421860507536e-17,1.5419764230904988e-18,-4.5598243292299215e-08,-2.117808243588353e-16,-3.1803263726241394e-17,1.1564823173178707e-17,0.8960535806830794,-0.5504997713390027,2.6119640117133103,-0.008696857152286727,0.011788382304983119,-0.0003528247225309523,1.153484825573812,0.8550911275140844,2.4353717685669967,0.004361543478834371,0.007900987415457613,-0.0015622998985966809,-3.0,0.0,0.0,0.0,0.0,0.0,3.0,0.0,0.0,0.0,0.0,0.0,2.3084740583864045,-1.728083822657966,-1.11716611043732,-1.4400846669697234,2.2678650328500716,2.094457918697264,2.883737257160085,0.2232259942028295,1.1314668124694185,-2.3644874622137624,-1.4041903171679921,-1.4981590830858664,0.9676992600982725,1.453534179493856,-10.244513667742586,-45.20283508469579,-10.204442850062382,29.39955779274111,2.52094986127666,4.422991360039669,0.8550529745977533,-16.277267224463934,-47.60218913518403,-21.514430029698122,22.38248898773497,-1.5781529121677036,2.372726840205969,0.6313064927692663,False,False,False,False,False,False,False,False,False,False,False,False,False,False,False,False,,,,,,,,,,,,,,,,,,,,,,,,,,,,-0.49360867493049637,-0.4474779391208845,0.4511647785226469,0.4586056694591447,3.8585637734162717,-2.2104778975750667,0.3448844185817993,1.2611518881923809,-1.1009292081584698,1.9053010239008876,-1.4828329058624121,-2.7044490544367425
0.26,APPROACH_PREGRASP,-0.42,0.25,0.3989454876317287,0.7071067811865476,1.3767828118257815e-17,1.3767828118257815e-17,0.7071067811865476,-2.88526612656391e-17,1.8503717077085977e-18,-9.281976495065622e-08,-2.8550657208784967e-16,2.6020852139652193e-17,-5.7824115865893796e-18,0.9663990224194297,-0.5052130661021015,2.5257968563076036,-0.009539867355180946,0.012279573059789403,0.0013931226334645795,1.154285300438079,0.5625871478376067,2.590015994801276,0.0037107408522321548,0.007233866813794881,0.0004094585345232321,-3.0,0.0,0.0,0.0,0.0,0.0,3.0,0.0,0.0,0.0,0.0,0.0,2.3090832236242145,-1.8861877507909066,-1.1214089595378522,-1.4307444200806398,2.267094113418672,2.0956399332525626,2.883725064094511,0.19804459892475293,1.1281722786611947,-2.537427211295556,-1.3929444497801744,-1.5015838797956327,0.9646285890302699,1.4538684606820145,-9.688007826038103,-42.62818026207794,-11.528004140740357,28.48596349607744,2.48300804071697,4.422371429452593,0.8533541530009137,-14.031109055119279,-49.1873306480796,-18.148509859061765,23.60651630188203,-1.4521981734076421,2.2696073432888517,0.6299743434448605,False,False,False,False,False,False,False,False,False,False,False,False,False,False,False,True,,,,,,,,,,,,,,,,,,,,,,,,,,,,-0.4042809815544393,-0.4999435668187042,0.512592784999642,0.2880717010217193,4.097288154074006,-2.177865134526079,0.4811905807901359,1.3372922447347952,-1.0455638135290604,1.9738784059910492,-1.4915955456534737,-2.78600943589423
0.28,APPROACH_PREGRASP,-0.42,0.25,0.39894548646822997,0.7071067811865476,1.5798422436369977e-17,1.5798422436369977e-17,0.7071067811865476,-3.1336171972866965e-17,-6.167905692361949e-19,-3.1441873662676266e-08,-3.534499082302746e-16,-1.4456028966473326e-17,3.469446951953616e-17,1.0118798445671682,-0.45262504888416333,2.4233182879233737,-0.010209518123928984,0.01243077992421712,0.003598641783765282,1.1000443069531085,-0.05011910321929916,2.6261540334388385,0.0021886183198477818,0.003334849011357265,0.0037921991280780304,-3.0,0.0,0.0,0.0,0.0,0.0,3.0,0.0,0.0,0.0,0.0,0.0,2.3086739215146563,-2.0445407813617646,-1.1273400489540324,-1.4208916307226847,2.2659831629548077,2.0973924809507496,2.8837453733200786,0.14433424747292792,1.1157631958613383,-2.586162519904989,-1.3850088480866714,-1.5071477378003895,0.960463862023217,1.4546155005060735,-8.59938509989826,-39.70193364001641,-12.573897561241473,27.376892885751918,2.391580888025807,4.392481259538082,0.8524080856111301,-5.162042571830467,-48.58614954128529,-10.618081266253991,23.495568247941055,-1.1100221852801595,1.917762551291414,0.6102721539404302,False,False,False,False,False,False,False,False,False,False,False,False,False,False,False,True,,,,,,,,,,,,,,,,,,,,,,,,,,,,-0.3057280839649808,-0.5475860906540962,0.5639932717473891,0.09522142632422015,4.343941864391619,-2.120574895204233,0.6083707655592081,1.3541911728154836,-0.9828370569487898,2.015141823706667,-1.500979777950157,-2.7746723361248677
0.3,APPROACH_PREGRASP,-0.42,0.25,0.39894548622475134,0.7071067811865476,1.86587145282889e-17,1.86587145282889e-17,0.7071067811865476,-3.8243571457039593e-17,3.083952846181023e-19,-1.9028849212277353e-09,-3.9826359802634213e-16,1.1853943752508193e-16,1.1564823173178716e-17,1.0712990182318818,-0.3966270211247824,2.2979665599744954,-0.011405813709487315,0.012559105902791712,0.0052049631355050455,1.073182480306018,-0.38358164926834787,2.6691146312534157,0.001884782488679119,-0.0008192982776415971,0.003999421943723198,-3.0,0.0,0.0,0.0,0.0,0.0,3.0,0.0,0.0,0.0,0.0,0.0,2.3072841664390413,-2.202810349285487,-1.130131811884707,-1.4109829146172022,2.26600279731558,2.098796664107243,2.883711258352019,0.1346896748367309,1.1050794933472219,-2.617102670219015,-1.3767614024192432,-1.508512519414191,0.9581181971905166,1.4548952795555306,-8.567671404888523,-36.44238535381558,-12.800028868692584,26.108747334962313,2.363524606592261,4.293767335750978,0.8496062346710598,1.3345736372712904,-47.45291437003834,-7.97479274117099,23.31426925492475,-0.9560562769897076,1.4541868802361604,0.6028268526150815,False,False,False,False,False,False,False,False,False,False,False,False,False,False,False,True,,,,,,,,,,,,,,,,,,,,,,,,,,,,-0.20119782185872256,-0.5902398672676002,0.6036696373507278,-0.12158662833758216,4.595463998401005,-2.03177651319743,0.7212212838253481,1.3298551165797567,-0.915857055506423,2.041851324899792,-1.5103151290366499,-2.7045178164082504
0.32,APPROACH_PREGRASP,-0.42,0.25,0.3989454862602957,0.7071067811865476,2.1867167428661083e-17,2.1867167428661083e-17,0.7071067811865476,-4.1814320078238196e-17,-1.850371707708591e-18,2.8045020996987733e-09,-4.633157283754725e-16,2.0238440553062832e-17,1.7347234759768083e-17,1.1292277204349248,-0.32715194624653154,2.1567559961124587,-0.012598320960564319,0.012496215385374905,0.006825939208012705,0.9349102420612607,-0.6141473989072073,2.565078070219721,-0.009980786488496728,0.005373434453563955,-0.006734680151165049,-3.0,0.0,0.0,0.0,0.0,0.0,3.0,0.0,0.0,0.0,0.0,0.0,2.306480275974648,-2.360706089891013,-1.1322432163036333,-1.4012886028019773,2.2661034559590814,2.1001391399420886,2.883663837589187,0.13714304178200548,1.1020195777995379,-2.6298992519415814,-1.3681019786893274,-1.4775744035984077,0.958271013398116,1.4544492887385225,-8.429510128633746,-32.940281534615494,-13.01856476634884,24.696843334084903,2.3236570471971367,4.172175250882538,0.8475287325289613,4.572490474100843,-44.12110597771165,-9.926369575293723,23.17139823892938,0.9914341764691754,1.4467237798235129,0.58356582090792,False,False,False,False,False,False,False,False,False,False,False,False,False,False,False,True,,,,,,,,,,,,,,,,,,,,,,,,,,,,-0.09066161934760873,-0.6266014369611985,0.6299382519811577,-0.3624478411559282,4.8476044747392955,-1.9108172686669977,0.8205478769251283,1.2813961360001298,-0.8500300703652803,2.033766052141383,-1.5120086365557535,-2.622264457302016
0.34,APPROACH_PREGRASP,-0.42,0.25,0.39894548630183757,0.7071067811865476,2.5240870431150438e-17,2.5240870431150438e-17,0.7071067811865476,-4.974133335630305e-17,3.4666738998970245e-33,1.3208989975999929e-09,-4.95118992101714e-16,-1.5901631863120733e-16,-1.7347234759768093e-17,1.1653939503611819,-0.16437103372841935,1.9976494146385184,-0.013938685402187855,0.011922298308951883,0.00813462664848522,0.8849148861945585,-0.6919968488485967,2.546308437266332,-0.009393893650250049,0.007910107729642497,-0.00578174195987537,-3.0,0.0,0.0,0.0,0.0,0.0,3.0,0.0,0.0,0.0,0.0,0.0,2.3051806258386294,-2.5154948334394667,-1.1339665262019034,-1.3897956021007025,2.266575145518142,2.101078751726345,2.8836451244925754,0.1394888088866504,1.0972180295190055,-2.631980812695164,-1.3639638328485988,-1.478213735422254,0.9622301209590144,1.4543552422706616,-8.100403927909571,-27.297116302413517,-13.153689171292426,23.157058015584788,2.2750111801628954,4.025538245458551,0.8460553285490928,5.254465103184497,-43.505536680090884,-10.328782465104734,21.63899049348567,0.9602107037706669,1.605698478352481,0.58537263739246,False,False,False,False,False,False,False,False,False,False,False,False,False,False,True,True,,,,,,,,,,,,,,,,,,,,,,,,,,,,0.02515304474619428,-0.6545001824334545,0.6412949149320648,-0.6271621910728205,5.095802745413163,-1.7577214284517666,0.9112278623415198,1.2254848698157057,-0.7806881362390702,2.0409855524650387,-1.521893827005366,-2.5165117681638445
0.36,APPROACH_PREGRASP,-0.42,0.25,0.3989454863141981,0.7071067811865476,2.89147226579452e-17,2.89147226579452e-17,0.7071067811865476,-6.045666430015909e-17,9.25185853854301e-19,2.037343528566131e-10,-5.818551659005544e-16,-5.4932910072598826e-17,-2.891205793294682e-17,0.945979086564852,0.21851304680853614,1.6402261965469387,-0.01588311983905696,0.009698093005752676,0.010216736780620163,0.7155941720926225,-0.7165285515010147,2.5577976479193505,-0.008592950336711357,0.012029766833897542,-0.004002965881538889,-3.0,0.0,0.0,0.0,0.0,0.0,3.0,0.0,0.0,0.0,0.0,0.0,2.30680120811913,-2.57681385310725,-1.1463740966748426,-1.3251592186590655,2.2666761382791436,2.110413206058408,2.8837224195114715,0.14222798973181092,1.0933956095564532,-2.6305295132544075,-1.3586550047655266,-1.4788918372131503,0.9637011990634329,1.4542489371882246,-3.7418136821727286,-13.795469685723159,-12.285618218088175,18.53230495911045,2.0519516848018764,3.597908169553296,0.8424057579792696,4.948960826149728,-42.59927131754557,-10.409805522372665,21.314597832850726,0.9133299394612151,2.042006362728691,0.5874342531268718,False,False,False,False,False,False,False,False,False,False,False,False,False,False,True,True,,,,,,,,,,,,,,,,,,,,,,,,,,,,0.13414236345881225,-0.6445289122001752,0.6249542945030584,-0.9330089386318512,5.302634368207194,-1.593766349043081,0.9930423851307204,1.163665689612199,-0.7085436438026145,2.041196650302209,-1.531591622072651,-2.4111163162049847
0.38,APPROACH_PREGRASP,-0.42,0.25,0.398945486314375,0.7071067811865476,3.289364535321676e-17,3.289364535321676e-17,0.7071067811865476,-6.715047096658363e-17,4.622231866529366e-33,-6.900764649909842e-11,-5.616167253474917e-16,1.0119220276531389e-16,4.047688110612553e-17,0.8268550017942536,0.35089750911565337,1.2469229305786769,-0.018734225654944148,0.006837745217090777,0.011774730356260388,0.6461654965610866,-0.7417147762588023,2.5810806329791336,-0.007867440249556861,0.012788636010699099,-0.004364979334208087,-3.0,0.0,0.0,0.0,0.0,0.0,3.0,0.0,0.0,0.0,0.0,0.0,2.300005095969417,-2.6033441769412393,-1.1488564814660256,-1.287608607277391,2.2671252081008006,2.1175880044372963,2.8834842680399886,0.1458319411308174,1.09005802460917,-2.6298770256275072,-1.3532674616917324,-1.478979907299021,0.9648623674763802,1.4541233286527762,-1.8025568258345013,-6.760803753259978,-11.071011219845605,13.798319312204786,1.8772487148384713,2.999063250539175,0.847827752369996,5.185886827988926,-41.47700223337959,-11.124793509786679,20.971377996897793,0.8849329149815871,1.9897766101164536,0.5898667659177532,False,False,False,False,False,False,False,False,False,False,False,False,False,False,True,True,,,,,,,,,,,,,,,,,,,,,,,,,,,,0.22908496780186594,-0.6158174858217645,0.5700213205256148,-1.299949981385737,5.457375203255328,-1.3995668264616934,1.066702416289986,1.0981784995655024,-0.6340799197055046,2.0354272637624122,-1.5388610602616952,-2.3097311854299414
0.4,APPROACH_PREGRASP,-0.42,0.25,0.39894548631304744,0.7071067811865476,3.7652057209876636e-17,3.7652057209876636e-17,0.7071067811865476,-7.781549383670119e-17,-1.233581138472391e-18,-5.024594072987464e-11,-7.596643221881774e-16,-1.1853943752508174e-16,-6.938893903907235e-17,0.6890956726864853,0.4935895414359806,1.0519951854479268,-0.020238113728176823,0.004447475858299404,0.012272948342351245,0.573672871196802,-0.7637438964108841,2.600149102322848,-0.007079201028796753,0.01352145386863042,-0.004656451178184071,-3.0,0.0,0.0,0.0,0.0,0.0,3.0,0.0,0.0,0.0,0.0,0.0,2.2953377797627303,-2.6193687424172767,-1.1513580005990123,-1.2874359880051125,2.2681634860396134,2.119352089527207,2.8833646266757222,0.1490295568025688,1.0869418065842722,-2.629241044199513,-1.3486601087100578,-1.479077490406886,0.9659410771609955,1.4540055317827079,-0.5447255350992419,-1.0263822230765207,-8.94838466553364,11.485514440355267,1.8333119212924371,2.5719023507114827,0.8465265583054471,5.454587383254385,-40.18016675066433,-11.834056903802413,20.621779996779033,0.8583452685768974,1.9381412851570112,0.5920981989368426,False,False,False,False,False,False,False,False,False,False,False,False,False,False,True,True,,,,,,,,,,,,,,,,,,,,,,,,,,,,0.30858115243021494,-0.5740231098730996,0.4826985239476997,-1.71480367651457,5.564116685881557,-1.1727479600664081,1.1325279195576021,1.0295773725574255,-0.5581959527579338,2.0239218104884973,-1.5438984722132343,-2.21295493543165
0.42,APPROACH_PREGRASP,-0.42,0.25,0.3989454863125038,0.7071067811865476,4.345188412712019e-17,4.345188412712019e-17,0.7071067811865476,-8.681266980854806e-17,-1.5419764230904901e-18,-1.20109995907562e-11,-9.663855364087471e-16,9.540979117872458e-17,1.7347234759768086e-17,0.5496480620566268,0.5971954770986918,0.9417400907548232,-0.020849204850520185,0.0021087281640175194,0.01271927727083956,0.46734402625941796,-0.7940244266155636,2.545942518425235,-0.006239022746224324,0.01769291390821143,-0.0020302985428889767,-3.0,0.0,0.0,0.0,0.0,0.0,3.0,0.0,0.0,0.0,0.0,0.0,2.2930045200391715,-2.619444738869593,-1.1531356786437492,-1.2831218984628576,2.268795097965884,2.1192543432662223,2.883280074081525,0.1528108367389688,1.0834439518880563,-2.629474267823575,-1.3479686271204046,-1.4796097912965454,0.9702695679508017,1.4539003095111007,0.6303345704718404,3.2159014329110467,-6.789983982874145,10.153873706625975,1.765418831758726,2.1974181671628665,0.8461588282479267,5.76977498366611,-38.84943857149332,-12.622933600323535,19.074847153727266,0.8285427046660695,2.3746338222805656,0.5936334830170706,False,False,False,False,False,False,False,False,False,False,False,False,False,False,True,True,,,,,,,,,,,,,,,,,,,,,,,,,,,,0.37193759295876794,-0.5194108033837491,0.38474572971667526,-2.134634350510213,5.6286253235818275,-0.9258791999354056,1.1909505113965766,0.9578164354967441,-0.48227198131928284,2.0063694607299016,-1.5457690074446289,-2.119436969719692
0.44,APPROACH_PREGRASP,-0.42,0.25,0.39894548631243953,0.7071067811865476,4.6141271533896213e-17,4.576101476655873e-17,0.7071067811865476,-9.213544869977193e-17,6.021554011580458e-19,9.479651747161986e-13,-9.981888001349887e-16,8.673617379884183e-18,5.782411586589355e-18,0.4038247289060662,0.6491826821160013,0.8762562484842452,-0.020635501085489543,0.0005087168243162427,0.013564462980618544,0.3493122196749276,-0.7692928782163556,2.602084925748667,-0.004869330319738787,0.017982949752623018,-0.0026489377228657244,-3.0,0.0,0.0,0.0,0.0,0.0,3.0,0.0,0.0,0.0,0.0,0.0,2.2918536376869842,-2.6191811920920687,-1.15364720656437,-1.284509542898505,2.2684089886852856,2.1189908568262497,2.883199062826746,0.15475737242901463,1.0813995133729286,-2.6283956885669864,-1.3411787126828774,-1.4794009859673698,0.9692011243063748,1.4537691146730845,2.305839235565408,5.834512700280286,-5.0089427330848615,9.132712044727226,1.676474395625325,1.8806684066279669,0.8480267949968361,6.070496938257569,-37.1661408381576,-13.316990550117277,19.807089709892598,0.8069632957777347,2.320758741022029,0.5952857041313218,False,False,False,False,False,False,False,False,False,False,False,False,False,False,True,True,,,,,,,,,,,,,,,,,,,,,,,,,,,,0.4200401581342699,-0.4575482233529313,0.2789909538635094,-2.551058002881631,5.656153838125074,-0.6617454658140449,1.240256795997696,0.884287132767077,-0.40430287542471316,1.98642012142512,-1.5444335836231837,-2.033176292457033
0.46,APPROACH_PREGRASP,-0.42,0.25,0.39894548631247573,0.7071067811865476,4.4614494499511664e-17,4.3686340884612664e-17,0.7071067811865476,-9.191184017549241e-17,2.4143395307668802e-18,1.732401887833072e-12,-9.750591537886312e-16,-1.4166908387143916e-16,-5.782411586589372e-18,0.2475007022137764,0.6958648977710542,0.8395871108140531,-0.020062914520090788,-0.0011262624730796148,0.01408321845902124,0.25956010358228054,-0.7878433949846888,2.5750897315129846,-0.004733394822595145,0.018460925599883504,-0.0025730442096201576,-3.0,0.0,0.0,0.0,0.0,0.0,3.0,0.0,0.0,0.0,0.0,0.0,2.2908891030304597,-2.6192916360144953,-1.153976119380416,-1.2885596313597165,2.2680032961549763,2.1184043324231054,2.8831405910337606,0.15710581865389478,1.078776687244453,-2.6264184766969545,-1.3368799499168171,-1.4800480011955222,0.9695924706695309,1.4537200928490435,3.981653627324924,8.44433200172123,-3.1395445195375546,8.311160199029695,1.5606303321555053,1.5707272466726658,0.8510888602388464,5.684309666407543,-35.580440788821896,-13.420671842819742,19.37689685281413,0.7689745353070423,2.237709821506033,0.5974540777575715,False,False,False,False,False,False,False,False,False,False,False,False,False,False,True,True,,,,,,,,,,,,,,,,,,,,,,,,,,,,0.4527088722036235,-0.3901506008621637,0.16837420469991105,-2.958429273019756,5.649861977011964,-0.3850304348869219,1.2814640058916307,0.807856437209576,-0.32720370598228665,1.961641171383,-1.539736070482151,-1.9496134070588302
0.48,APPROACH_PREGRASP,-0.42,0.25,0.3989454863124972,0.7071067811865476,4.5754628558429e-17,4.449937234797089e-17,0.7071067811865476,-8.64781441332063e-17,3.2724305132960712e-18,5.789467786290118e-13,-9.707223450986892e-16,-1.0119220276531367e-16,5.782411586589361e-17,0.07997177478742458,0.7208534647053996,0.8213654884446103,-0.01931955080328967,-0.0026983899802097908,0.01448431648556075,0.20933284005419966,-0.7879529171274584,2.5983993973113115,-0.0031455770177222153,0.019136255763498936,-0.0025906432220097557,-3.0,0.0,0.0,0.0,0.0,0.0,3.0,0.0,0.0,0.0,0.0,0.0,2.2899741251669203,-2.6192981536002597,-1.154426237826825,-1.2931223426056309,2.267640887268444,2.117809118838403,2.883088404742629,0.1595604224121901,1.0766298553527966,-2.6266941416804346,-1.3342891274848874,-1.4796725760709561,0.971503231023391,1.4535732362500646,5.632208140474846,10.89304748651725,-1.14191759948762,7.549453256969668,1.432197539226764,1.2385642385952251,0.8551516626025515,6.637226783030199,-33.68375753607664,-14.745635071039057,18.923600085283585,0.7677663027500352,2.215839186275882,0.5978085028287534,False,False,False,False,False,False,False,False,False,False,False,False,False,False,True,True,,,,,,,,,,,,,,,,,,,,,,,,,,,,0.4691267848452572,-0.31911655186063265,0.05508434208987313,-3.3524773688198812,5.611467500432793,-0.09917023664026081,1.3157245134110551,0.7300887067843356,-0.2512333894755387,1.9333287880489691,-1.5305624130833677,-1.8730143953860674
0.5,APPROACH_PREGRASP,-0.42,0.25,0.39894548631250165,0.7071067811865476,4.411511557236989e-17,4.294981257569053e-17,0.7071067811865476,-9.058595206602025e-17,-4.933656569705153e-19,3.245059698752479e-14,-9.779503595819256e-16,2.602085213965223e-17,-1.7347234759768102e-17,-0.0931493868054479,0.7213330829892677,0.8191791124929084,-0.01845377192581209,-0.004193412592531317,0.01477311540992534,0.16800225369217422,-0.8513274999433484,2.5039989881970905,-0.003699898486094969,0.019825762965061056,-0.0021924782390101366,-3.0,0.0,0.0,0.0,0.0,0.0,3.0,0.0,0.0,0.0,0.0,0.0,2.2891784657131886,-2.6191687943613124,-1.1548517899014696,-1.2976578470383255,2.267307288556488,2.1172286925822146,2.8830384059118845,0.16235795085990692,1.073773359442664,-2.6259329014093917,-1.3324195319229024,-1.4805501174952882,0.9736774048103312,1.4535660887893196,7.208288801056052,13.145903897277346,0.934101635529297,6.8168042176700325,1.2945943195861145,0.8883591834058469,0.8602453004534651,6.330427648968284,-32.00558732780811,-14.805753134676797,17.27504570341318,0.7455825445877333,2.1146542504696813,0.599802684893419,False,False,False,False,False,False,False,False,False,False,False,False,False,False,True,True,,,,,,,,,,,,,,,,,,,,,,,,,,,,0.46847290235724776,-0.24680401827334908,-0.05920940956602459,-3.7303610213241956,5.542395014872758,0.19358967358716056,1.3416881124069502,0.6502599446147461,-0.1766603916410932,1.9021219283758422,-1.517183626133165,-1.7992636528609867
0.52,APPROACH_PREGRASP,-0.42,0.25,0.39894548631250093,0.7071067811865476,4.4070542076235454e-17,4.2238767541104396e-17,0.7071067811865476,-8.835850796049915e-17,4.96814593322855e-18,-5.151433678373733e-14,-9.548207132355683e-16,-4.915049848600945e-17,5.782411586589339e-18,-0.2581235207365044,0.650952117343973,0.8336622947668342,-0.017250319709330587,-0.005232235182014602,0.015446299944535814,0.1220461574521421,-0.86857915351904,2.5154875758784216,-0.002521126925532183,0.020146764168868438,-0.0020939842200892534,-3.0,0.0,0.0,0.0,0.0,0.0,3.0,0.0,0.0,0.0,0.0,0.0,2.289244133936688,-2.620851258826114,-1.1551412177676312,-1.303039447649088,2.2666740153933755,2.1168369512883474,2.8829727606667186,0.1639917829577886,1.0731495108443883,-2.6256130481438906,-1.329007412996911,-1.4804899944715224,0.975187354139786,1.4534565004766846,8.675387355133019,14.05925875099599,3.0547351721950653,6.105521137641189,1.151173843039877,0.5261310718961845,0.8662217466102915,7.093685621149845,-30.26382730016638,-15.848149071525851,16.70686695657546,0.72031611660841,2.0415372871544144,0.5992470591273493,False,False,False,False,False,False,False,False,False,False,False,False,False,False,True,True,,,,,,,,,,,,,,,,,,,,,,,,,,,,0.45052230234647805,-0.17616688362655447,-0.1729241794331698,-4.089458650507792,5.444999523019664,0.4919985391699729,1.3602602439074138,0.5699552248927244,-0.1039045268956431,1.870114947001308,-1.5002322367989351,-1.7323715384748348
0.54,APPROACH_PREGRASP,-0.42,0.25,0.39894548631250015,0.7071067811865476,4.51091569461045e-17,4.321196189186162e-17,0.7071067811865476,-9.229400404972512e-17,6.412327667305533e-18,-2.185657905258398e-14,-1.1355210753164854e-15,-1.474514954580285e-16,5.7824115865893395e-18,-0.42935903011558296,0.6010548103106981,0.8632010198079736,-0.016196019928504498,-0.00654203686217701,0.015547832179160753,-0.010628317670540455,-0.8124177686074019,2.520349248132362,-0.0013460559472351337,0.020505954406901682,-0.0023675722178339268,-3.0,0.0,0.0,0.0,0.0,0.0,3.0,0.0,0.0,0.0,0.0,0.0,2.2886140252589113,-2.620827885181925,-1.1555319304660474,-1.3068927052478352,2.266380451168038,2.1163629932916477,2.8829262978371317,0.16477679203054385,1.071198242992269,-2.6240704873063714,-1.3250443095389792,-1.4806185091011832,0.9733376338796869,1.4533745679789605,10.023354262161547,15.931853115978441,5.208240998967155,5.40237219491353,1.004965386214822,0.15520079095188888,0.8728622117769683,6.965181574151073,-28.189614759287593,-16.034332525010413,17.49714175490126,0.722478903011289,2.0101402690244536,0.6009102613310568,False,False,False,False,False,False,False,False,False,False,False,False,False,False,True,True,,,,,,,,,,,,,,,,,,,,,,,,,,,,0.4154476235977626,-0.10884967878596227,-0.2844323337207679,-4.428897619308072,5.3198913310721805,0.7917406443360946,1.3713926202013202,0.4886656669478555,-0.03313926552621605,1.8365289093032313,-1.4794659255078073,-1.6719146191273944
0.56,APPROACH_PREGRASP,-0.42,0.25,0.39894548631250004,0.7071067811865476,4.4707120970178456e-17,4.28712576526029e-17,0.7071067811865476,-9.274099184734321e-17,4.457921470240343e-18,-4.184295662828435e-15,-9.08561420542853e-16,-1.0697461435190299e-16,3.469446951953616e-17,-0.5972286698767786,0.5923488416204028,0.9172489315728379,-0.015179022732956854,-0.008186985286636353,0.014279882360784904,-0.009234171485307875,-0.8843081305945266,2.4692840396650633,-0.0009881206744674052,0.020909201927459237,-0.0020931498500039404,-3.0,0.0,0.0,0.0,0.0,0.0,3.0,0.0,0.0,0.0,0.0,0.0,2.285886332140644,-2.6193643109845,-1.1555416721324694,-1.3103395841839225,2.2660724919430786,2.1163441701938894,2.882913786035915,0.16686692749450355,1.0701981504925457,-2.6242580629452315,-1.3236841456130741,-1.4808264028444185,0.9764734201551425,1.453306615615578,11.66622461745083,18.79829308336807,7.211717325363418,4.787028895283573,0.8168194748361618,-0.10030248801774477,0.880051992610142,7.629400063314245,-26.42584896632404,-16.923590262276775,15.736768663000493,0.7064735593921451,1.897502277140258,0.6001624665442092,False,False,False,False,False,False,False,False,False,False,False,False,False,False,True,True,,,,,,,,,,,,,,,,,,,,,,,,,,,,0.36407805853094377,-0.04759555726267313,-0.3924562963586225,-4.74758334256601,5.167872542202966,1.0895631834405464,1.3755655352734208,0.4066527441637512,0.03401629471418695,1.8019977468392245,-1.4525973179794325,-1.6138270773736831
0.58,APPROACH_PREGRASP,-0.42,0.25,0.39894548631250004,0.7071067811865476,4.2861522302424405e-17,4.082121986262439e-17,0.7071067811865476,-9.249241156199307e-17,6.49649277274439e-19,-1.9243750171470065e-15,-9.649399335120987e-16,4.915049848600971e-17,5.7824115865893395e-18,-0.7399992390399888,0.4276285056434839,0.9695038708815503,-0.013948098732412598,-0.008878342929964865,0.015479810653779652,-0.08252584024250337,-0.8707664739617825,2.408910122426392,-0.0004074305978003514,0.021236515047460325,-0.002142001702540273,-3.0,0.0,0.0,0.0,0.0,0.0,3.0,0.0,0.0,0.0,0.0,0.0,2.2875052671982488,-2.620797388701721,-1.1560323177807468,-1.3138150049375537,2.265822456365041,2.1154993757988345,2.882837095535878,0.16882613933340848,1.0674426330566777,-2.6236393641685587,-1.3209343960826134,-1.4811063644405897,0.9765899716701653,1.4532631878835973,12.22953676145957,19.03345385610495,9.433617795650216,4.061497408408854,0.7231745158398921,-0.5764048072924504,0.8871598700453814,7.416975228112248,-24.24655151957922,-17.0629640371675,15.283994326300332,0.7091971800536234,1.8355155889848342,0.602068865964482,False,False,False,False,False,False,False,False,False,False,False,False,False,False,True,True,,,,,,,,,,,,,,,,,,,,,,,,,,,,0.2966845271670092,0.00420156717342648,-0.49498692812160705,-5.043348897901909,4.994406329890115,1.391085437501969,1.3722602872866867,0.3244923158324802,0.09850475561126018,1.7679599314529129,-1.4204991534501812,-1.5610216958289362
0.6,APPROACH_PREGRASP,-0.42,0.25,0.39894548631250004,0.7071067811865476,4.3643054921773795e-17,4.2158826894424294e-17,0.7071067811865476,-9.174330975065907e-17,5.561203426773107e-19,-1.6455856798522455e-15,-1.053121710207587e-15,7.228014483236713e-17,-9.25185853854298e-17,-0.869863349618843,0.3069444206506672,1.0453324305074632,-0.012779605671663584,-0.009908746939869586,0.015344187547905027,-0.143099034602834,-0.8699194903226144,2.3749398207756136,0.0004415016890786384,0.02154192447329485,-0.00205015232009474,-3.0,0.0,0.0,0.0,0.0,0.0,3.0,0.0,0.0,0.0,0.0,0.0,2.2869700872439265,-2.6207826624096193,-1.1561709305216392,-1.3169051416960829,2.2655568181860066,2.115116173863899,2.882794007322183,0.16986852898575716,1.0662298185577264,-2.623196019954717,-1.3189695744227958,-1.4812486075996985,0.9770771220024392,1.4531961998274092,13.048148600285964,20.251287669078867,11.4572494099484,3.4255481354749704,0.5955394366035192,-0.9249521114641608,0.8942590940668673,7.662832993043594,-22.3020372390494,-17.492117493715092,14.827225077424753,0.7065949310120225,1.7766710293312662,0.6020503959973776,False,False,False,False,False,False,False,False,False,False,False,False,False,False,True,True,,,,,,,,,,,,,,,,,,,,,,,,,,,,0.21577928841745847,0.04510789993499817,-0.5910538703860159,-5.316830692247065,4.797304486224529,1.6872600620516018,1.3630466630263531,0.24257465748237972,0.1587307486707827,1.734459205016717,-1.385020354463289,-1.5135811497078888
0.62,APPROACH_PREGRASP,-0.42,0.25,0.39894548631250004,0.7071067811865476,4.757612897654931e-17,4.617367659808959e-17,0.7071067811865476,-9.366786148985214e-17,-4.475054740353772e-19,-1.6529871666830799e-15,-9.822871682718674e-16,-1.358866722848498e-16,2.312964634635744e-17,-0.9508429478823109,0.2099406937873344,1.097885317687109,-0.012253339347630924,-0.011886059357316011,0.014099063982382939,-0.2036018035323252,-0.8637711610271531,2.33552689652746,0.00129729036501602,0.02200867524325047,-0.0017898531435993727,-3.0,0.0,0.0,0.0,0.0,0.0,3.0,0.0,0.0,0.0,0.0,0.0,2.283656134103921,-2.6189938103715145,-1.1561468183187922,-1.3199588150890829,2.2664518071258914,2.1124849621124033,2.882769063494473,0.17088982520250812,1.0652785976162555,-2.6226479167187158,-1.3171785622814192,-1.4813961758618346,0.977594524213295,1.4531319431208032,12.26495129580168,22.658571999555,13.36355182906052,2.842637580070317,0.5020145567213161,-1.2530398835782266,0.9013247897699309,7.859326057808782,-20.412440394192874,-17.90093792887076,14.384678220712848,0.7068917923831612,1.7483283797560696,0.6012052703791981,False,False,False,False,False,False,False,False,False,False,False,False,False,False,True,True,,,,,,,,,,,,,,,,,,,,,,,,,,,,0.12322233207928156,0.07280547346731223,-0.6793577259425164,-5.5678259036515385,4.578288431027075,1.9790564636330488,1.3474688178022927,0.1611232634318456,0.21467024171156107,1.7023138783520821,-1.3449360386240585,-1.4699496530664076
0.64,APPROACH_PREGRASP,-0.42,0.25,0.39894548631250004,0.7071067811865476,4.622577046342445e-17,4.403009429073386e-17,0.7071067811865476,-9.211813025523276e-17,-8.639514104127062e-19,-1.6209140570827977e-15,-9.447014929590367e-16,-6.071532165918811e-17,-1.1564823173178728e-17,-1.0653294415775176,0.06327538036141166,1.2270978793716627,-0.010983571346716042,-0.012334607376623147,0.014288031722748581,-0.2553560735253778,-0.8539136489312725,2.292088102081322,0.00215756102894382,0.022214531762898587,-0.0017107441011958075,-3.0,0.0,0.0,0.0,0.0,0.0,3.0,0.0,0.0,0.0,0.0,0.0,2.2856202159929775,-2.6198621173291317,-1.156426141224298,-1.3221570025628364,2.2657399119987045,2.11380349796013,2.8827170858997837,0.17205920877289632,1.0641533647630055,-2.6219601619902293,-1.315243043594557,-1.4815378377524928,0.9780434349954051,1.4530744451535953,13.858925439441546,23.468490461395945,15.17440728916205,2.272586006217522,0.4055422101986883,-1.5559621853772223,0.9073407026561464,7.940056390530458,-18.509785864203725,-18.242105346595107,13.9527702135444,0.7072669835744179,1.688878866480405,0.600490802242449,False,False,False,False,False,False,False,False,False,False,False,False,False,False,True,True,,,,,,,,,,,,,,,,,,,,,,,,,,,,0.02125687827367657,0.08543591382492362,-0.757921942790715,-5.794643425224972,4.341635955961747,2.2662506572733974,1.3256626426221458,0.0805443563299039,0.26608410441505803,1.672271566846653,-1.299852614289786,-1.4294719963332663
0.66,APPROACH_PREGRASP,-0.42,0.25,0.39894548631250004,0.7071067811865476,4.647170967003147e-17,4.342965553133165e-17,0.7071067811865476,-9.151692641364445e-17,1.1426552142748895e-18,-1.6258483816366873e-15,-9.70722345098689e-16,-1.1275702593849236e-16,5.782411586589348e-18,-1.079110571025321,-0.11647231108274188,1.307259055077216,-0.00983026313231054,-0.013615649585528137,0.013576253055237108,-0.30786437663815147,-0.8459659507518559,2.242893222399188,0.0029937386174897405,0.02240149299855261,-0.0015684288368221302,-3.0,0.0,0.0,0.0,0.0,0.0,3.0,0.0,0.0,0.0,0.0,0.0,2.2831720161543543,-2.618897557472537,-1.156563499690304,-1.3250329398031755,2.26603645902259,2.111734285085831,2.882689637571825,0.1726350801008832,1.0631208236188225,-2.62174106328373,-1.3131524662750125,-1.481676155549131,0.9783402003726261,1.4530227812420111,12.704803121990071,24.02187292748401,16.886198301180084,1.6696641479891783,0.3259648093758183,-1.8147965606232561,0.9123173392353481,8.079702617837453,-16.671436077233402,-18.458841784385708,13.517724488091178,0.7095628875165362,1.6399017777281149,0.5996039179168287,False,False,False,False,False,False,False,False,False,False,False,False,False,False,True,True,,,,,,,,,,,,,,,,,,,,,,,,,,,,-0.08665758389448823,0.08159049292809052,-0.8264583082811662,-5.997941143357064,4.085318972042761,2.5468725993430197,1.2986318342419556,0.0013677908387282054,0.3127750325078975,1.6452506725496976,-1.2502298657456428,-1.3930308433257914
0.68,APPROACH_PREGRASP,-0.42,0.25,0.39894548631250004,0.7071067811865476,4.2294284804555493e-17,3.8442651741846854e-17,0.7071067811865476,-8.804097942068442e-17,7.097726989479885e-18,-1.6924617631141966e-15,-9.1578943502609e-16,2.8912057932948593e-18,-1.1564823173178735e-17,-1.3008910260862814,-0.20907321433078643,1.367261888100364,-0.024551771109203025,-0.011955090361621507,0.006887271063170422,-0.3523810743470756,-0.8349855885761304,2.1705953334659274,0.0035315755727374117,0.021590040659267055,-0.00238976492711187,-3.0,0.0,0.0,0.0,0.0,0.0,3.0,0.0,0.0,0.0,0.0,0.0,2.2702238850563705,-2.521475889498716,-1.1562499837146791,-1.297451632368877,2.2726300636995505,2.1216841605360766,2.8819649643010354,0.17357119162970716,1.0620296311379258,-2.62217905428815,-1.310875839030119,-1.481880444108408,0.9774245090277603,1.453010191407253,15.80548707645737,32.28853847871341,21.77683803318005,-0.1451122787930368,1.9483026446814011,-1.0684202681795925,0.8881280484944041,7.8333680791759095,-14.979203810721188,-18.142783877952358,13.149932848635622,0.7031603720358576,1.4365476865663744,0.6027790250376666,False,False,False,False,False,False,False,False,False,False,False,False,False,False,False,True,,,,,,,,,,,,,,,,,,,,,,,,,,,,-0.2114718629673009,0.07172313998532194,-0.883860510421625,-6.1953414817240615,3.7409603771492015,2.779001388764008,1.2665002591427275,-0.07622466477646614,0.35458170154793955,1.6219100714555483,-1.1968648364173213,-1.3600822084952078
0.7000000000000001,APPROACH_PREGRASP,-0.42,0.25,0.39894548631250004,0.7071067811865476,4.464263283733201e-17,4.106494819840412e-17,0.7071067811865476,-8.921045788099184e-17,4.1165282987918606e-18,-1.7714109559764297e-15,-9.606031248221573e-16,-4.9150498486009366e-17,1.7347234759768083e-17,-1.3677605905927575,-0.47997956231696715,1.423099869280804,-0.023764989837942462,-0.015588235427052427,0.007286431894469021,-0.4391119185190135,-0.7581842758150013,2.1609273001331415,0.0048333110168036104,0.021380829114720924,-0.0024402596995533672,-3.0,0.0,0.0,0.0,0.0,0.0,3.0,0.0,0.0,0.0,0.0,0.0,2.2634425225539685,-2.369519595287374,-1.1567464901307263,-1.2767531988153487,2.271291307424492,2.1231104031678143,2.8819557990137974,0.17294520463591875,1.0627985482805036,-2.6209707558729156,-1.3079600380170044,-1.482149560656694,0.9755852853675954,1.4529617026382546,16.154830393542547,33.39354409404968,23.611486814998486,-1.8461721805175753,1.9550050621869528,-1.30747326331058,0.8903967823568997,7.856135897979385,-13.682509684176347,-18.16614334949722,14.001690323770296,0.7017462091656508,1.3613001774289388,0.6007633894761547,False,False,False,False,False,False,False,False,False,False,False,False,False,False,False,True,,,,,,,,,,,,,,,,,,,,,,,,,,,,-0.3528112874209133,0.04228426051892567,-0.9340043966637953,-6.365816828523167,3.3212072806809942,3.0033272531204993,1.2296097555130354,-0.15177260447077226,0.39072852526139745,1.6018662285023622,-1.1418254856543804,-1.3297226054733033
0.72,APPROACH_PREGRASP,-0.42,0.25,0.39894548631250004,0.7071067811865476,4.465590477890438e-17,4.055076720463742e-17,0.7071067811865476,-8.865861765415462e-17,3.9119536082708165e-18,-1.5937752720364049e-15,-1.077696959450592e-15,-8.962737959213484e-17,-4.0476881106125534e-17,-1.283253786018287,-0.7090281824479019,1.5304982365553066,-0.01687219738119466,-0.022781161969371633,0.00535632491380959,-0.4773286768718814,-0.7278642729931283,2.109526854834594,0.005940147314058442,0.02161476313883862,-0.0018484808903374928,-3.0,0.0,0.0,0.0,0.0,0.0,3.0,0.0,0.0,0.0,0.0,0.0,2.2624738058239284,-2.2115628430783936,-1.1564983325312115,-1.273142570006785,2.268807637752941,2.1230114147798314,2.8822715854002636,0.17350996497424626,1.060689788025888,-2.620931588336107,-1.3064114172140016,-1.4822076704897602,0.9764184048428403,1.4528987486119365,15.428146639208654,33.12823133574907,25.03898788157613,-2.5726626244553454,1.068643844778601,-1.4063974284446357,0.9008598420653522,7.909140407163701,-11.747892884211828,-18.308817853149165,13.665017054695998,0.7214175349324281,1.3959181188855447,0.5994415597495002,False,False,False,False,False,False,False,False,False,False,False,False,False,False,False,True,,,,,,,,,,,,,,,,,,,,,,,,,,,,-0.4928353406237994,-0.012908696398041465,-0.9748403644497284,-6.506798737776741,2.8684823948120344,3.218723397701777,1.1881627462921545,-0.22530569722081908,0.42096843750027774,1.5850309492316024,-1.078298181708324,-1.299676229852263
0.74,APPROACH_PREGRASP,-0.42,0.25,0.39894548631250004,0.7071067811865476,4.132112321527605e-17,3.7849746919904894e-17,0.7071067811865476,-8.49212486349096e-17,4.317952376825952e-18,-1.7270020349914232e-15,-1.0704689449673552e-15,5.493291007259914e-17,-1.734723475976809e-17,-1.1083589649989525,-0.8994263361938285,1.655938695786966,-0.009524924651670173,-0.028868657661381702,0.0030793959493415784,-0.48844965616963854,-0.7806419434988995,2.015802933196564,0.006314509736044731,0.022571569962539624,-0.0012929569056757558,-3.0,0.0,0.0,0.0,0.0,0.0,3.0,0.0,0.0,0.0,0.0,0.0,2.2640970393350286,-2.0518761034129245,-1.1561066403289713,-1.2785192496974345,2.2664134202672668,2.122323875498877,2.882575535876267,0.1744232699738378,1.061092792659667,-2.620961225097059,-1.3069994403048102,-1.4821686868806163,0.9782098422000572,1.4528569472809598,14.11462991792281,32.30903278847798,26.20062148142728,-2.6984404489074194,0.18603626934161932,-1.4046180518125153,0.9094658070077442,8.180141640268735,-10.487772359801532,-18.605890673945936,12.177087945103825,0.7223055672381677,1.4188951284743276,0.5942018363841624,False,False,False,False,False,False,False,False,False,False,False,False,False,False,False,True,,,,,,,,,,,,,,,,,,,,,,,,,,,,-0.6211129169956806,-0.09160767300353546,-1.0043016742009068,-6.61658476858965,2.393132654679805,3.4158153132842344,1.1431724432972439,-0.2968343465619803,0.44479795667577393,1.5712250125650433,-1.0131022914631285,-1.2711691321716045
0.76,APPROACH_PREGRASP,-0.42,0.25,0.39894548631250004,0.7071067811865476,4.4875887102601553e-17,4.155988454012098e-17,0.7071067811865476,-8.928981738080558e-17,1.357356372361651e-18,-1.7097318990528095e-15,-8.796493626099066e-16,1.8792837656415441e-16,-5.782411586589367e-18,-0.8921530673254215,-1.088218531333017,1.7659231982386678,-0.007661833354043006,-0.030379047218708606,0.002475679069696915,-0.5166344800777136,-0.7410059884116723,1.9450471870884702,0.007204128054514512,0.021946343188419093,-0.0014940934214812776,-3.0,0.0,0.0,0.0,0.0,0.0,3.0,0.0,0.0,0.0,0.0,0.0,2.2667003548665217,-1.8916524260715737,-1.155234892779983,-1.2871101010836399,2.26609109142017,2.121353142268114,2.882552990954135,0.1753846027829244,1.0592186866876534,-2.6216698988116396,-1.3057487608508256,-1.482200742175055,0.9779280314700561,1.4528282457348847,12.457595316173691,31.223445790715402,27.11532920718098,-2.4731064271737173,0.17547264809878227,-1.3249820327541981,0.90724096778133,7.841752583284777,-8.843326294532861,-18.192732074530127,11.978072531497661,0.7400698103082592,1.34272768408902,0.596195216794504,False,False,False,False,False,False,False,False,False,False,False,False,False,False,False,True,,,,,,,,,,,,,,,,,,,,,,,,,,,,-0.7304303691815104,-0.19035796474527142,-1.0218339376244363,-6.695038228508549,1.9019233872014105,3.589441294026268,1.0945012756390584,-0.36490138328659516,0.4634323129396174,1.5635810350200559,-0.9433861843143491,-1.24409427401473
0.78,APPROACH_PREGRASP,-0.42,0.25,0.39894548631250004,0.7071067811865476,4.745945133525264e-17,4.377136957032357e-17,0.7071067811865476,-9.724369227025588e-17,3.3270687593842936e-18,-1.657921491236969e-15,-9.996344030316357e-16,-5.4932910072598665e-17,-3.4694469519536167e-17,-0.636294339960007,-1.233882532225135,1.8649393041237283,-0.005649678505278403,-0.0316992811341341,0.0018517749507435594,-0.5484006024567081,-0.7176078138446581,1.880941567736547,0.007991496891534762,0.021634252146122065,-0.0017283854796397683,-3.0,0.0,0.0,0.0,0.0,0.0,3.0,0.0,0.0,0.0,0.0,0.0,2.2696801928181003,-1.7319287663306637,-1.1544154175193069,-1.2967873596294541,2.2659912856817517,2.120355171959179,2.8825255271456327,0.17553231433896357,1.0597892110921088,-2.62172830848364,-1.304283833645483,-1.4822452345301,0.9772685114219495,1.4528055322595481,10.666865976259272,30.007221934457547,27.742319573268173,-2.104201839076966,0.17756286020343026,-1.1799210096827861,0.903730013210704,7.784265075890692,-7.890023281661311,-17.946010703041722,11.764062583987657,0.7442842073389278,1.2457992931060469,0.5943690518796869,False,False,False,False,False,False,False,False,False,False,False,False,False,False,False,True,,,,,,,,,,,,,,,,,,,,,,,,,,,,-0.8160568780850321,-0.3050173325060822,-1.0285404299340644,-6.741208400304938,1.3972867530628796,3.73779721357882,1.0428927979260696,-0.4295916059405242,0.4761760298908812,1.5607885799363168,-0.8734249154894457,-1.2175683502963317
0.8,APPROACH_PREGRASP,-0.42,0.25,0.39894548631250004,0.7071067811865476,4.6042696082948886e-17,4.197026876823786e-17,0.7071067811865476,-9.208174863146665e-17,3.728461420777078e-18,-1.6307827061905764e-15,-9.461470958556843e-16,-6.649773324577736e-17,1.7347234759768083e-17,-0.36042380247978023,-1.2833832008635495,1.890686478654264,-0.0038219513640443898,-0.03257549629101809,0.00138135839887277,-0.5742744859962616,-0.6787013166221053,1.8240713376176354,0.009002523449359243,0.021613062227202506,-0.0011064200774485028,-3.0,0.0,0.0,0.0,0.0,0.0,3.0,0.0,0.0,0.0,0.0,0.0,2.272287215910651,-1.5725363657604945,-1.1560226765886132,-1.3063128977886027,2.2652472556410816,2.117488619986675,2.882514276871688,0.17579064881659845,1.0579760681629742,-2.6218469315808797,-1.3026080951649366,-1.482277940794638,0.9778165188021158,1.4527525667074996,8.84968548689869,28.750942897674708,26.973791863705966,-1.6658449457559854,0.19438708758517365,-0.9813575951031139,0.8990611451296286,7.662956770781625,-6.399155496502283,-17.760146927567504,11.567172929372301,0.7616092718307971,1.2969089576875903,0.592738094414079,False,False,False,False,False,False,False,False,False,False,False,False,False,False,False,True,,,,,,,,,,,,,,,,,,,,,,,,,,,,-0.8750184053930075,-0.430648890280453,-1.0264291655431872,-6.755338927514416,0.8817440561620175,3.8611329351457395,0.9884481944945976,-0.4904239700327372,0.4826593869495392,1.5626488607540807,-0.7977534801679607,-1.1895257619459016
0.8200000000000001,APPROACH_PREGRASP,-0.42,0.25,0.39894548631250004,0.7071067811865476,4.709820251176585e-17,4.3074840586388685e-17,0.7071067811865476,-9.233986669350803e-17,2.2679784516469182e-18,-1.635717030744466e-15,-9.736135508919836e-16,1.445602896647368e-17,-1.5407439555097887e-32,-0.06168508984400463,-1.3897457440726835,2.033538889520675,-0.001011699291366236,-0.03376983806244847,0.0007463245114235347,-0.6034097585335995,-0.6412391769776594,1.7794736226822623,0.01004986078292844,0.02215223092111287,-0.0003624974322855039,-3.0,0.0,0.0,0.0,0.0,0.0,3.0,0.0,0.0,0.0,0.0,0.0,2.2755548355902935,-1.4150561432725153,-1.1536953234314569,-1.3153594183228197,2.2662356398508154,2.118765429489993,2.8824613018483394,0.1757789705419691,1.0586970472160087,-2.6203753648564487,-1.3029045672781836,-1.4824403531150445,0.9780986615748609,1.4526953166414638,7.070092721043517,27.52649796901343,28.38251497851506,-1.203735188416748,0.219481458064279,-0.7559367542398672,0.8933178999081504,7.7058704471556485,-5.641760400888655,-17.89768672781903,11.518809508145788,0.7649490031305842,1.3485996028346818,0.5867550978353782,False,False,False,False,False,False,False,False,False,False,False,False,False,False,False,True,,,,,,,,,,,,,,,,,,,,,,,,,,,,-0.905463676462809,-0.5640156960481508,-1.015397840574413,-6.735262984577813,0.35526553139516565,3.959608430875362,0.9319720955592806,-0.5478661496139253,0.4824506344363839,1.5672299316766374,-0.7226787321003684,-1.1612346284231319
0.84,APPROACH_PREGRASP,-0.42,0.25,0.39894548631250004,0.7071067811865476,4.370848727162024e-17,3.769797707822143e-17,0.7071067811865476,-8.816863823071917e-17,5.386251861194497e-18,-1.672724464898638e-15,-9.403646842690944e-16,-1.7058114180438585e-16,-4.6259292692714913e-17,0.224738398614633,-1.3440816907166346,2.028331186854978,0.000928299579659229,-0.034264234041955006,0.00030610458277069576,-0.6221156646675964,-0.5921617702262161,1.7220759515592423,0.01099078096744628,0.022148204863893732,0.00041679700304597585,-3.0,0.0,0.0,0.0,0.0,0.0,3.0,0.0,0.0,0.0,0.0,0.0,2.2776578561742378,-1.257410769412102,-1.1554879175161912,-1.3234828105941683,2.265682867698716,2.116026501235207,2.8824271735180287,0.17616532000899526,1.0570156158957207,-2.6203649685929666,-1.3016319104833318,-1.4825292513609936,0.9786449920731959,1.4526498324902954,5.393045284209169,26.33972218025753,27.158602110193325,-0.7167161542642262,0.26424212629327837,-0.47561622110768975,0.8867873447126018,7.460243661252788,-4.406315824541205,-17.593734027529642,11.437182064688638,0.781008398285618,1.4300442358019292,0.5841320450970522,False,False,False,False,False,False,False,False,False,False,False,False,False,False,False,True,,,,,,,,,,,,,,,,,,,,,,,,,,,,-0.9069804762272423,-0.6986628810141203,-0.998790997727863,-6.681089992894501,-0.1781226427142522,4.035313443330059,0.8737275897052721,-0.6004067735795663,0.47693580171358485,1.578598189317682,-0.6432189965061881,-1.1310354366784836
0.86,APPROACH_PREGRASP,-0.42,0.25,0.39894548631250004,0.7071067811865476,4.5000578842252776e-17,3.8842872480852374e-17,0.7071067811865476,-8.840100948651473e-17,4.121552798126988e-18,-1.6776587894525275e-15,-1.0184272406880506e-15,4.915049848600981e-17,2.8912057932946793e-17,1.0527989942467597,-0.9558797714342349,2.0840674510453914,0.037700636533247914,-0.0364485326261755,-0.015418754177144736,-0.6348763832061944,-0.5499296598370383,1.664002483254575,0.011848501867610483,0.021639541301299997,0.00021616413694387746,-3.0,0.0,0.0,0.0,0.0,0.0,3.0,0.0,0.0,0.0,0.0,0.0,2.1732119905890896,-1.0895451011445623,-1.1620239717240783,-1.3794368863682018,2.1010586455087177,2.099058789795169,2.8158664967089018,0.17635791189832922,1.0577525909677161,-2.6202201525597264,-1.3008315747822354,-1.482533433480308,0.9779072958515145,1.4526260216929692,-11.6394940945553,23.841593900769332,28.569056669706214,2.337542462187799,-2.033705361295231,-0.40984586771394915,-0.6036013961324452,7.286316082607701,-3.936581121873473,-17.17422108885806,11.44137787890892,0.7937726640696199,1.347025597181369,0.582178608717373,False,False,False,False,False,False,False,False,False,False,False,False,False,False,False,True,,,,,,,,,,,,,,,,,,,,,,,,,,,,-0.8534432785030294,-0.8172993223155723,-0.983098604930805,-6.3661898945507716,-0.7886746173398517,3.9559497426861006,0.8144656291586121,-0.6485745428015718,0.46602895630459384,1.5949649477406274,-0.5655613470387315,-1.1005085711620393
0.88,APPROACH_PREGRASP,-0.42,0.25,0.39894548631250004,0.7071067811865476,4.587949044768078e-17,3.995893346806074e-17,0.7071067811865476,-8.651294790152978e-17,5.022858895784154e-18,-1.7714109559764293e-15,-9.880695798584562e-16,5.493291007259918e-17,-5.7824115865893796e-18,1.4958920021308886,-0.3499897768273505,2.2419275210722014,0.04089481620483386,-0.029167262474536965,-0.020718156831263847,-0.6457978172073615,-0.49982034091769395,1.60833372608828,0.012699049980256482,0.02128796218798825,0.0005380882117768632,-3.0,0.0,0.0,0.0,0.0,0.0,3.0,0.0,0.0,0.0,0.0,0.0,1.8982109482890697,-0.9232837727353804,-1.165553583770374,-1.4218650679588842,1.8112133951732114,2.09676248853342,2.416933304758666,0.1764821260953581,1.057267531597026,-2.6202963930051606,-1.2996831498591395,-1.4825620507056514,0.9777469952363238,1.4525953268310683,-18.28354405180966,20.612777202012406,28.44268611798214,8.611822062455984,-2.7494560370452454,0.06394998238647065,-0.7674304986621203,7.073113150915205,-3.243217090889387,-16.706281345964598,11.46122179378239,0.8100916963612678,1.355767546677424,0.5796771762623552,False,False,False,False,False,False,False,False,False,False,False,False,False,False,False,True,,,,,,,,,,,,,,,,,,,,,,,,,,,,-0.7179224374439387,-0.8732816979999185,-0.9591264851453043,-5.576808046210459,-1.4327436108029443,3.5684812875307794,0.754410837608982,-0.6916373164931426,0.4495579381308618,1.6162973315781908,-0.4855010100064037,-1.0673559339373122
0.9,APPROACH_PREGRASP,-0.42,0.25,0.39894548631250004,0.7071067811865476,4.577260574374489e-17,3.9398193912786565e-17,0.7071067811865476,-9.174800991351358e-17,9.00807245925618e-18,-1.6554543289600243e-15,-1.06757773917406e-15,-1.24321849111671e-16,-6.360652745248301e-17,1.4436159692894928,0.1241705022967406,3.4864027309848638,0.051793023495956825,-0.0003315577171674182,-0.020136892989774734,-0.6514870393565659,-0.44504145761349106,1.5571511828887945,0.013545804861794108,0.020909818694681524,0.0008668447751509352,-3.0,0.0,0.0,0.0,0.0,0.0,3.0,0.0,0.0,0.0,0.0,0.0,1.6038348087832512,-0.7723769219287973,-1.0615681384823952,-1.4243695776596734,1.5281000026954432,2.0050865426261058,2.0175319992889715,0.17671528324142652,1.0568912364657082,-2.620231022570238,-1.2989125578962466,-1.4826038889457098,0.9776035982988892,1.4525634841282995,-20.95617380673307,20.09651979293496,37.147614945398,16.039158378295845,-3.7807043162673564,-2.8407527982113674,-0.8554931680126998,6.824261272032062,-2.6844585956605167,-16.214796926683483,11.551471378464008,0.8293074215151334,1.368291502067379,0.577128906430461,False,False,False,False,False,False,False,False,False,False,False,False,False,False,False,True,,,,,,,,,,,,,,,,,,,,,,,,,,,,-0.5642942559786852,-0.8934557629109781,-0.8791453739836915,-4.647908030142755,-1.8165314950347702,3.1557560589056344,0.6939923341737122,-0.7295902047435452,0.42771790167537294,1.6419292407997574,-0.40503395155284316,-1.0317169512263824
0.92,APPROACH_PREGRASP,-0.42,0.25,0.39894548631250004,0.7071067811865476,4.557105901063027e-17,3.8955409015447075e-17,0.7071067811865476,-9.003354643112283e-17,1.018932035196696e-17,-1.6381841930214108e-15,-1.0791425623472388e-15,2.8912057932949086e-18,-1.7347234759768117e-17,1.4108197651433785,1.0542075837388036,3.7321939669130595,0.05026172486449124,0.010333003947026603,-0.026225601497802897,-0.8812126962784587,-0.1987856335211026,1.154322084836711,0.007316366872696091,0.011342356672606732,-0.0026109013479559103,-3.0,0.0,0.0,0.0,0.0,0.0,3.0,0.0,0.0,0.0,0.0,0.0,1.3155858686779223,-0.6135024490351639,-0.8637466852689137,-1.2711920212299594,1.2404289566309266,1.6069788994784693,1.6176933138817646,0.15996324185323688,1.0550070987040865,-2.556522992251846,-1.2942928573221604,-1.4798024147419735,0.9588374253854088,1.4535527879774484,-24.055209026727066,18.538187055363963,36.96264183651014,24.733827914214935,-4.8631768154989725,-3.032087858425717,-0.9264870820800178,8.480967157742185,-2.36093713314183,-6.648916719170149,11.699747342337805,0.7928278144320251,0.910518116476053,0.5593989498917881,False,False,False,False,False,False,False,False,False,False,False,False,False,False,False,False,,,,,,,,,,,,,,,,,,,,,,,,,,,,-0.42010581010402315,-0.826304210383399,-0.7075357293992386,-3.6245042533905982,-1.6916241205374805,2.681126863167719,0.6257567851945864,-0.7553907254508124,0.38679571984667344,1.6291423013093118,-0.3432897481087234,-0.9828003734570079
0.9400000000000001,APPROACH_PREGRASP,-0.42,0.25,0.39894548631250004,0.7071067811865476,4.6644976534843463e-17,3.984942011210275e-17,0.7071067811865476,-9.185902147153425e-17,7.65475854770488e-18,-1.7294691972683678e-15,-8.839861712998479e-16,7.228014483236724e-17,-3.4694469519536204e-17,1.1884985039478884,1.575431888885925,3.679655210769748,0.04728626697564342,0.01656528509046334,-0.029106348729856634,-0.9907024011451037,-0.0120775717020582,1.0488358686273724,0.007138038540133318,0.011242707003868193,-0.0005669044982008758,-3.0,0.0,0.0,0.0,0.0,0.0,3.0,0.0,0.0,0.0,0.0,0.0,1.015145701777615,-0.4597204859869882,-0.6584087465098764,-1.040211276538944,0.9428333147401201,1.206651282512917,1.2180329384920685,0.1503366259251104,1.0540859342169966,-2.3575644043223116,-1.2959482666333733,-1.4790767848122548,0.9536049317542047,1.4534583772056733,-25.116855583822655,17.857433347251394,35.313283270708,28.28596477483284,-5.29838504390112,-3.0672185567229784,-1.00353669483445,10.213473988614528,-2.1442065811176514,-4.4236421743271706,12.313918243756769,0.8501755589820287,1.1936630995268305,0.5902728931144618,False,False,False,False,False,False,False,False,False,False,False,False,False,False,False,False,,,,,,,,,,,,,,,,,,,,,,,,,,,,-0.2903973072098356,-0.689914905585366,-0.5328440989294785,-2.655730693487625,-1.4133999313590446,2.1210058525521207,0.5274823899061213,-0.7514043886257891,0.30659827086188324,1.5055165219337778,-0.29226911715147585,-0.8371083181968729
0.96,APPROACH_PREGRASP,-0.42,0.25,0.39894548631250004,0.7071067811865476,4.188692527522096e-17,3.564744326493076e-17,0.7071067811865476,-8.217522880484026e-17,7.897229166904964e-18,-1.7121990613297543e-15,-1.0762513565539442e-15,1.6479873021779702e-16,1.7347234759768052e-17,0.9292666092363686,1.8502767019983297,3.583795906504226,0.04474851349815659,0.020652012712777886,-0.030235315983072966,-0.9270042505457823,0.10420540156309434,1.0699197767839392,0.0033977995532669014,0.01100779468083226,0.00014287531974305163,-3.0,0.0,0.0,0.0,0.0,0.0,3.0,0.0,0.0,0.0,0.0,0.0,0.7079230917132978,-0.30892492165683244,-0.45258967642031434,-0.7794978778797015,0.6416339367431257,0.8066523629342337,0.818426175442962,0.15333067448484042,1.0530012310273154,-2.148081470183418,-1.2956411780680157,-1.4791813820454753,0.9550725861072422,1.4472912251309888,-24.948982617761878,17.742064547169527,33.852791787051785,29.688846246870888,-5.488884472390135,-3.1656273758867766,-1.08394600808729,9.495102612284064,-1.7948200622672834,-4.338070291587506,12.862737731293162,0.8624503702480656,1.250258730963658,0.29804745886990414,False,False,False,False,False,False,False,False,False,False,False,False,False,False,False,False,,,,,,,,,,,,,,,,,,,,,,,,,,,,-0.18594215370837308,-0.5159255564774192,-0.366464460443963,-1.7421106801751116,-1.0353972487131657,1.5247923082047763,0.4305222424619401,-0.7317751613696264,0.22608596138428452,1.3652675462176695,-0.24167370818505957,-0.6715374485845009
0.98,APPROACH_PREGRASP,-0.42,0.25,0.39894548631250004,0.7071067811865476,4.708109568409637e-17,4.0845702456250653e-17,0.7071067811865476,-8.673626995369824e-17,7.242604378886183e-18,-1.6850602762833617e-15,-9.750591537886304e-16,-2.891205793294411e-18,-1.7347234759768133e-17,0.7232192185278995,1.9806793370873628,3.5009639392110925,0.04294913175743485,0.023101934844975847,-0.030559542945306953,-0.8364384273058589,0.18475802678824088,1.111028782877205,0.007357787666167672,0.010418691263308676,5.2441612689690684e-05,-3.0,0.0,0.0,0.0,0.0,0.0,3.0,0.0,0.0,0.0,0.0,0.0,0.39881938574687764,-0.1589104980296647,-0.2472578409041142,-0.5083641707283503,0.3391346564002844,0.40686161016307065,0.418806135436902,0.15755977838554244,1.0533254851516003,-1.937870481482491,-1.2953787859706951,-1.479453068546231,0.9564946257492247,1.45358548391382,-24.4609208147872,17.80363735013514,32.80096363278858,30.166960049367717,-5.580204500992944,-3.28418456974644,-1.166127104309346,8.580329242946455,-1.9019237232753312,-4.504891023215677,13.382216090834323,0.9001099085828251,1.1395491576752068,0.5832230927067696,False,False,False,False,False,False,False,False,False,False,False,False,False,False,False,False,,,,,,,,,,,,,,,,,,,,,,,,,,,,-0.10490275975830421,-0.3229559583589298,-0.20922183374775521,-0.8713219659346099,-0.5943019048021558,0.9158473079718512,0.3423448445022927,-0.7034439375385991,0.14888848896772972,1.2336985605116189,-0.1950652472673658,-0.5106700120880298
1.0,APPROACH_PREGRASP,-0.42,0.25,0.39894548631250004,0.7071067811865476,4.2588991266403157e-17,3.628817751944562e-17,0.7071067811865476,-8.599654176223517e-17,5.342395345553209e-18,-1.7245348727144782e-15,-1.071914547864002e-15,5.493291007259922e-17,1.734723475976804e-17,0.5488596349873442,1.9465532041450815,3.386242562789895,0.034965653363635975,0.023967499833474272,-0.028060943318460905,-0.7461693504115268,0.23965915534660875,1.15766095204563,0.0037164793135197557,0.009937145858434675,-0.00042677919729722225,-3.0,0.0,0.0,0.0,0.0,0.0,3.0,0.0,0.0,0.0,0.0,0.0,0.09432826931074262,-0.018442040564004874,-0.048137238918427167,-0.2319211962547791,0.05881559198020224,0.02236907912450982,0.03470774155149436,0.16157178423382934,1.0536165907577404,-1.7284411476900958,-1.294636549637742,-1.4795224260490591,0.9579577391232313,1.447394182662666,-24.166070648488432,18.981596526942194,32.49832709694009,30.219496648373596,-6.4298584037841,-4.224805113568607,-1.714159814952349,7.698038505055825,-2.087429006744537,-4.701067964105084,13.807427792059057,0.9238706864999449,1.0070630225425774,0.2932952911244422,False,False,False,False,False,False,False,False,False,False,False,False,False,False,False,False,,,,,,,,,,,,,,,,,,,,,,,,,,,,-0.03886323298548191,-0.12380848567351684,-0.06047236956937846,-0.0726208025918361,-0.12841749506162942,0.3126233820109471,0.26346276487998355,-0.6690024127793219,0.07575731384087463,1.087002950482207,-0.15079391763478303,-0.3581528623526422
1.02,APPROACH_PREGRASP,-0.42,0.25,0.39894548631250004,0.7071067811865476,4.367258979171596e-17,3.7551682472315944e-17,0.7071067811865476,-8.173386544767151e-17,3.4562769159040848e-18,-1.7689437936994843e-15,-1.0430024899310553e-15,2.6020852139652433e-17,1.1564823173178682e-17,0.2133655710192785,0.679329992839275,2.27629833681563,-0.0005125990633074429,0.0036126817490092908,-0.008255341970103964,-0.641480722799792,0.30218014810175775,1.1762322245403682,0.007111046243198676,0.00940265441105873,-0.0010939530935421518,-3.0,0.0,0.0,0.0,0.0,0.0,3.0,0.0,0.0,0.0,0.0,0.0,-0.013895528247008418,-0.0033801059409295136,0.01902145327297571,-0.015652329967429157,0.0005561749134436868,0.00278502035460297,-0.0005467895578112436,0.1657860417785375,1.0523454711006452,-1.5197216480780038,-1.2946617308665138,-1.4797557722930152,0.9577136802192877,1.4537308768200408,-6.99104298314549,13.575614768185053,21.510916388009793,17.694015261204818,-2.7504404625114214,-1.4990317159259257,-0.06092364789061705,6.873817042894894,-3.749239461593774,-4.843930348093005,14.267661433451963,0.91222463518135,0.7541783590168469,0.581355501746682,False,False,False,False,False,False,False,False,False,False,False,False,False,False,False,False,,,,,,,,,,,,,,,,,,,,,,,,,,,,0.00362594952690308,-0.004225417377493279,0.0026154687765087468,0.021027474983560834,0.00048699635338862024,-0.0032625287357858075,0.1936579782698023,-0.6310695303067698,0.006264556906137933,0.9485270867515536,-0.10854143487645833,-0.21535365189671798
1.04,APPROACH_PREGRASP,-0.42,0.25,0.39894548631250004,0.7071067811865476,4.487587087840496e-17,3.882038407811678e-17,0.7071067811865476,-8.518419006378636e-17,7.74439473969229e-18,-1.7590751445917052e-15,-9.649399335120987e-16,-1.4745149545802836e-16,5.782411586589327e-18,0.11825517233835653,0.22612538144988392,2.068305984277787,0.0001133319508642982,-0.0006328542471504257,-0.0027109524904079052,-0.47955587835446917,0.4465947026076387,0.9813577592783252,0.002177150426562159,0.014908594264258331,-0.00031953805532602855,-3.0,0.0,0.0,0.0,0.0,0.0,3.0,0.0,0.0,0.0,0.0,0.0,-0.035212749114120596,-0.007911408095781428,0.023219846220176102,0.06742532391011581,-0.006882532571048749,0.00857421633051502,-0.0010211882654781,0.1752504298480596,0.9667173951391351,-1.311543511137873,-1.284112116192037,-1.4795731514008255,0.9559091374943519,1.4477202809405658,-2.8438338851284635,14.122028715926923,20.70351925768474,12.11178354867619,-2.2178137345648152,-1.0485301279690837,-0.039929894828937634,5.048250922169208,-10.240651569701086,-5.027902266097676,14.108168594751143,0.8437859726489431,0.8891555216036602,0.28605569822342847,False,False,False,False,False,False,False,False,False,False,False,False,False,False,False,False,,,,,,,,,,,,,,,,,,,,,,,,,,,,0.015697725253501976,0.036687286420641514,0.019809077287130498,0.006429132592279102,0.03714590606637285,-0.0986325993634967,0.13656215914127906,-0.5851685392167731,-0.07594766289914535,0.7840503030293505,0.007519379037691724,-0.0719073907901181
1.06,APPROACH_PREGRASP,-0.42,0.25,0.39894548631250004,0.7071067811865476,4.872028670217509e-17,4.2877416589000337e-17,0.7071067811865476,-9.356061762557904e-17,7.414547548465094e-18,-1.6899946008372509e-15,-1.0184272406880504e-15,3.758567531283115e-17,-5.7824115865893965e-18,-0.0017687728025477178,0.03277456077852335,1.8852799856834226,-0.0007505859975362445,-0.0011075774334692848,-0.00037753006929443163,-0.3881471004102841,0.40849785570543645,0.9826725488116126,0.005519540975866081,0.014868344035491676,-0.0011964474009519793,-3.0,0.0,0.0,0.0,0.0,0.0,3.0,0.0,0.0,0.0,0.0,0.0,-0.04248436615869086,-0.007195351471191179,0.02041609135903107,0.08781522098643449,-0.011690648169297164,0.0024666687860080434,-0.0009681445134071378,0.1792677824377775,0.8174845755567497,-1.1040308243652375,-1.2742620450604394,-1.4795027146105726,0.9577310291488801,1.4539973064174139,-1.379041087572993,16.985782685829005,19.100597009521536,9.082690456255119,-1.8674648132542224,-1.5195779602574109,-0.04078347507735547,4.0450337490203365,-11.055260988306953,-5.262539786239188,13.668319278475646,0.8244448313599522,0.7312249305741152,0.5722980978434993,False,False,False,False,False,False,False,False,False,False,False,False,False,False,False,False,,,,,,,,,,,,,,,,,,,,,,,,,,,,0.018302759026217863,0.04742504276665258,0.023638345574275334,0.002408728387056097,0.050727156781318665,-0.12361678254253126,0.09314956506973,-0.5391891926783428,-0.17056267422229113,0.6142281106534084,0.1852776855092422,0.057146844259160896
1.08,APPROACH_PREGRASP,-0.42,0.25,0.39894548631250004,0.7071067811865476,4.2530028589551016e-17,3.6928396640601114e-17,0.7071067811865476,-8.722950793878988e-17,5.2475343360735885e-18,-1.687527438560306e-15,-1.097935400003654e-15,2.8912057932949733e-18,-5.20417042793043e-17,-3.0253608359008905e-06,0.03206638372722263,1.8342083157010247,-0.0029219924138723613,-0.0014259371098341283,-0.00022419779535573102,-0.42871851486840706,0.9685999296695775,1.6875720909763072,0.007545574913496763,0.009526898250456255,0.0044647653986267175,-3.0,0.0,0.0,0.0,0.0,0.0,3.0,0.0,0.0,0.0,0.0,0.0,-0.039026918379940316,-0.007257042124599147,0.017916469788413096,0.08062251516147587,-0.010506382410994544,0.002311140475653472,-0.0009509373798722235,0.16855741073401995,0.6515871308175282,-0.8935428227568406,-1.1724538799025215,-1.275547143511854,0.9589758925172608,1.4538352678598447,-1.4730849849118826,17.120712549877894,17.828688015533725,9.124861252928943,-0.9606601373720636,-1.5297727900589395,-0.041114891877741366,5.125186821684922,-9.25231465158686,-6.242542905498681,24.370317299380247,1.0251341124924673,0.786667431542849,0.5770462176965772,False,False,False,False,False,False,False,False,False,False,False,False,False,False,False,False,,,,,,,,,,,,,,,,,,,,,,,,,,,,0.016949272995388898,0.04352354581725997,0.021514192941137662,0.0010709200791719385,0.04682450644809018,-0.11333531987247078,0.052198025320520765,-0.46296389481616124,-0.2268509939543827,0.6497337423162958,0.3896542326764034,0.15021239509326026
1.1,APPROACH_PREGRASP,-0.42,0.25,0.39894548631250004,0.7071067811865476,4.378594937273181e-17,3.8151607164225985e-17,0.7071067811865476,-9.042379840114149e-17,4.3217034734815175e-18,-1.6973960876680852e-15,-9.73613550891983e-16,1.4456028966473692e-17,-4.625929269271494e-17,0.004785924304935457,-0.041436683487574545,1.8505635307450137,0.0006906008817752766,-0.0009818257807158162,4.337897554249764e-05,-0.42913569670803653,1.1788353365957516,2.02621132319142,-0.011184613004240248,0.006780258381012348,0.005813722799200154,-3.0,0.0,0.0,0.0,0.0,0.0,3.0,0.0,0.0,0.0,0.0,0.0,-0.036227808501805306,-0.005355177517127031,0.017639530313104796,0.07313892906812995,-0.012152056156650262,0.002264400183729413,-0.0009285273304391559,0.16342853527574977,0.4922513684027112,-0.6880840416410111,-0.9734428576567036,-0.9787129657395754,0.9600119551439346,1.3114792186220985,-1.5279837097563147,15.5785732949146,19.10191309665943,7.851104900621539,-1.8837375285197901,-1.536629832407166,-0.0402169202160661,5.815306873456592,-7.94355272250909,-6.531445981378356,28.79894443728165,1.2390205003297305,0.6842143856634635,-0.9647099978046045,False,False,False,False,False,False,False,False,False,False,False,False,False,False,False,False,,,,,,,,,,,,,,,,,,,,,,,,,,,,0.015704136655990197,0.03987977558301269,0.01980853949019311,0.0052757067397335815,0.04183297253082232,-0.10462600445563608,0.00876526402458636,-0.3529908574732161,-0.23383543269093018,0.6724807935390664,0.5449348256907084,0.26055083872555507
1.12,APPROACH_PREGRASP,-0.42,0.25,0.39894548631250004,0.7071067811865476,4.920982454036424e-17,4.3555038419635966e-17,0.7071067811865476,-9.733872838254963e-17,8.32565912816587e-18,-1.6381841930214104e-15,-9.837327711685142e-16,-2.023844055306245e-17,-2.31296463463575e-17,0.00250020247714541,0.04136740139637858,1.890024422014294,-0.00022756032940116015,-0.0007784489785865301,-0.0005159169555514733,-0.08150311925015297,0.9435475776814349,2.558915701773311,-0.012395690508070073,-0.014626929758360855,-0.00988863330401777,-3.0,0.0,0.0,0.0,0.0,0.0,3.0,0.0,0.0,0.0,0.0,0.0,-0.03296182971870487,-0.005058307434843941,0.015892834773658823,0.06868308982495883,-0.009184001839931726,0.002217407121792308,-0.0009316608251599843,0.16859498022501385,0.3355731478528823,-0.4775531466005991,-0.7352509267718516,-0.6782197411590365,0.8941997300426361,0.9126323470984001,-1.4902866801016308,15.728316047193422,19.152774287709263,9.067405008722515,-1.9390201939565401,-1.543691238995783,-0.03968368938225156,5.71722712754078,-7.371506721052308,-6.91571984264629,30.782457401413268,1.3943094096577568,-2.694246626903612,-1.0556224694502734,False,False,False,False,False,False,False,False,False,False,False,False,False,False,False,False,,,,,,,,,,,,,,,,,,,,,,,,,,,,0.01457628658096273,0.03695626564497372,0.018361492966206008,0.002273520227708631,0.03885001022224207,-0.09644039641739433,-0.028788033186925823,-0.23385641445051114,-0.21273860802848338,0.45037195465270075,0.6104053560317958,0.3496722409865868
1.1400000000000001,APPROACH_PREGRASP,-0.42,0.25,0.39894548631250004,0.7071067811865476,4.572079339094824e-17,4.051986212155825e-17,0.7071067811865476,-9.874177138836692e-17,3.0790042043758653e-18,-1.608578245698073e-15,-1.0458936957243499e-15,6.649773324577794e-17,4.047688110612548e-17,0.0028927371202263404,0.04571099926576924,1.850946596688446,-0.001246967480724333,-0.0011477212626479461,-0.0005231750047037766,-0.006128882662466296,0.9448889036214863,2.648421929200044,-0.01105605828282781,-0.011367755707693845,-0.006316279450740901,-3.0,0.0,0.0,0.0,0.0,0.0,3.0,0.0,0.0,0.0,0.0,0.0,-0.0301771793533736,-0.0056488351823415365,0.014293125548730785,0.063596405559064,-0.008685471721673983,0.0021502588732299514,-0.0009293742249676033,0.17565078484634852,0.18310402997645112,-0.2701342969336715,-0.47987623537179425,-0.38084568659460544,0.501939256580325,0.5131115701189234,-1.5914718997096988,17.103473563263393,17.885628985724054,9.05766118616551,-1.860962309117479,-1.558211618958822,-0.03910618962730303,3.81903501489103,-6.647308441401607,-8.455783689399968,31.60946728872009,1.4969840976303874,-2.2319998198040967,-1.1422793894805572,False,False,False,False,False,False,False,False,False,False,False,False,False,False,False,False,,,,,,,,,,,,,,,,,,,,,,,,,,,,0.013542512200118208,0.03418435701645401,0.016966832173364803,0.0016126460809211107,0.03663758756168779,-0.08895982019298607,-0.03392781387765115,-0.13825792663801095,-0.1492496058871142,0.22612576832158654,0.4015695656114615,0.23011291531041211
1.16,APPROACH_PREGRASP,-0.42,0.25,0.39894548631250004,0.7071067811865476,4.487075092679514e-17,4.0884188043418386e-17,0.7071067811865476,-9.274954550367195e-17,5.294781943134919e-18,-1.6850602762833617e-15,-9.765047566852776e-16,2.0238440553063103e-17,5.20417042793042e-17,0.005009006983019493,0.017803422985096483,1.896882006094799,-0.0018287796271297349,-0.0006531147465254056,-0.0001424701718894716,0.5324523497252976,0.5841650702460366,2.890896493022441,-0.008045218910433282,-0.013513003234839801,-0.013882086424784178,-3.0,0.0,0.0,0.0,0.0,0.0,3.0,0.0,0.0,0.0,0.0,0.0,-0.028487588951512974,-0.003964945964300853,0.013815152015910622,0.05848116009443965,-0.007448173406471363,0.0021016060418511755,-0.0009182240119637046,0.11139386872586526,0.040958341074358834,-0.063980846885917,-0.20780807439937504,-0.09075407623629632,0.12570357397452375,0.12145911943022947,-1.4192232941062368,15.690803529240684,19.119063450417894,9.080158891185656,-1.0038251929957962,-1.5610479542033477,-0.03878499688255421,-6.5840896295367495,-7.197159783107525,-9.469841877558217,31.47769826839566,1.7476346500435935,-3.3151771183840046,-1.2313139772967066,False,False,False,False,False,False,False,False,False,False,False,False,False,False,False,False,,,,,,,,,,,,,,,,,,,,,,,,,,,,0.012683830829625608,0.031458936607589486,0.015647525038954405,0.002110241381572271,0.03263838459878506,-0.08248081385114683,-0.020276699777063263,-0.0508592098655144,-0.07484404888665444,0.008709822187298308,0.1629578373409049,0.07048194073042022
1.18,APPROACH_GRASP,-0.42,0.25,0.39894548631250004,0.7071067811865476,4.73578380130672e-17,4.3399896606801874e-17,0.7071067811865476,-1.0161378390813127e-16,5.999759570335855e-18,-1.6209140570827973e-15,-1.0213184464813452e-15,-3.758567531283049e-17,7.517135062566163e-17,-0.1866655162644488,0.1443358524447899,2.6455445771585344,-0.024961066247256,0.015393584482174157,-0.001314911457453405,0.2984220464585752,0.6413792077766717,2.106609116191552,0.002415840485077528,-0.001734120995898197,0.008314204750609667,-3.0,0.0,0.0,0.0,0.0,0.0,3.0,0.0,0.0,0.0,0.0,0.0,-0.07816914539473893,0.07284220424960955,0.0568783429345326,0.07522103866092099,0.19427950571024752,-0.23914855389026307,0.21545872541320027,-0.14946968984780137,-0.06703580448764374,0.11901582742529848,0.040112389776705615,-0.19074202130784296,0.08558944856565195,0.2310358067514966,-3.8326317084255277,22.762625829790373,24.26886791242473,14.241300661585871,0.6944152263914045,-4.7836037017442425,1.3648645078589856,-10.698472695813427,-12.053886989804072,-7.11696049198447,28.00797769612225,-1.705832005917299,-0.23761577312025217,1.7964609687829824,False,False,False,False,False,False,False,False,False,False,False,False,False,False,False,False,,,,,,,,,,,,,,,,,,,,,,,,,,,,0.0031123711077457256,0.01779768780372456,0.05001632296310142,-0.3482871800246443,0.2087919220724935,-0.0659614343586055,0.015564225996810906,0.006579660582250239,-0.03147974313737805,-0.03337690787522815,0.018155944995651426,0.05593932273698435
1.2,APPROACH_GRASP,-0.42,0.25,0.39894548631250004,0.7071067811865476,4.278483984785876e-17,3.871241253314773e-17,0.7071067811865476,-9.174754539464544e-17,3.619672532385579e-18,-1.6727244648986382e-15,-1.0242096522746398e-15,6.071532165918863e-17,1.156482317317866e-17,-0.44197886720681295,0.31169907531111274,2.3743984156688254,0.011084946248879917,0.013587532274563174,-0.001985361953590802,0.34266524438910456,0.6408839632639887,2.122430048702066,0.0028955290681933438,-0.001273665191997117,0.007924008041386101,-3.0,0.0,0.0,0.0,0.0,0.0,3.0,0.0,0.0,0.0,0.0,0.0,-0.09046101496830608,0.21852598931910364,0.06718146342549586,0.16133623778739828,0.24635702128961237,-0.6375662476646378,0.22294163545461174,-0.45067135070073205,-0.2177510147313405,0.3212591624756591,0.29589881977652355,-0.49063073338656343,0.08670050064504174,0.6315144174793925,1.400002822335135,23.37951437196549,22.159913781308965,10.80898365632282,-2.3007024292749625,-4.826719542631898,0.5330409642948766,-11.280636385113183,-12.53995320971104,-7.489617976259385,28.268380523589833,-1.7563384740006902,-0.3401355937007349,1.8822161043283263,False,False,False,False,False,False,False,False,False,False,False,False,False,False,False,False,,,,,,,,,,,,,,,,,,,,,,,,,,,,-0.029838021832278325,0.04139731452340129,0.10228333856373505,-0.37482623058675835,0.5091533044922703,-0.09369587856080862,0.05766295713809032,0.06254373676492771,-0.006160965942066745,0.018548727318612013,-0.1254887019715761,0.11363923123713879
1.22,APPROACH_GRASP,-0.42,0.25,0.39894548631250004,0.7071067811865476,4.253161380657227e-17,3.8389677190304927e-17,0.7071067811865476,-9.037821671060726e-17,5.243233170168672e-18,-1.6677901403447486e-15,-1.015536034894756e-15,-2.602085213965176e-17,-1.734723475976815e-17,-0.4619584879067871,0.035014840680979605,2.237327138752395,0.01611443966516805,0.01300017131075591,4.3311394780413274e-05,0.70132758498303,0.25427039110627164,2.545041449987687,0.01142659020427419,-0.004752452027464091,-0.0013731286269363476,-3.0,0.0,0.0,0.0,0.0,0.0,3.0,0.0,0.0,0.0,0.0,0.0,-0.09407882461990301,0.3674065002962358,0.06944937550687591,0.18417202818047199,0.23999840627504046,-1.0402655803851526,0.22475501112488286,-0.7406299688195218,-0.37039351756272904,0.3783593981541986,0.5486134998329338,-0.7914559595184744,0.08270170081427528,1.0312168412677831,1.5712552464341427,23.874660534462755,21.97094628781574,6.7768129391729754,-2.0700493265868514,-4.97438741901836,0.34120125230246073,-13.157512779963657,-12.774243549104021,-13.849674199438438,28.538856168228527,-1.6406220147309214,-2.076734155335555,1.9970789520411063,False,False,False,False,False,False,False,False,False,False,False,False,False,False,False,False,,,,,,,,,,,,,,,,,,,,,,,,,,,,-0.07033598706041565,0.0438097845081936,0.14184061459675754,-0.3251855999411743,0.7838466659138176,-0.0761207059112082,0.11761634204485555,0.09738694092100254,0.04172374362977942,0.19391822989458063,-0.23456476496554107,0.11456499322680518
1.24,APPROACH_GRASP,-0.42,0.25,0.39894548631250004,0.7071067811865476,4.517153931264093e-17,4.073929914281487e-17,0.7071067811865476,-8.440998305803135e-17,5.62794854700811e-18,-1.6554543289600247e-15,-1.0430024899310557e-15,-8.384496800554535e-17,5.7824115865892956e-18,-0.18420230208697616,0.0884787651809588,1.8042548855911333,0.013603938948484837,-0.0030017923109957223,-0.0018822029071325537,0.7524547749255458,0.06954646926802811,2.4045747011775225,-0.007219745744655369,-0.003236339061631777,-0.0025986263595907163,-3.0,0.0,0.0,0.0,0.0,0.0,3.0,0.0,0.0,0.0,0.0,0.0,-0.09207146573701878,0.5172941543979577,0.07645084218288135,0.18670767758198514,0.24031828412075323,-1.1563648895714882,0.22354520397466704,-1.0418536453425722,-0.5202882226488639,0.3779477736778514,0.799293439671338,-1.0880543918083054,0.08302895628211587,1.367996708285282,-0.020762775705199507,24.37562224510794,20.86051798885694,6.680896242533501,-2.042022163330101,-2.974160107158702,0.5313333506457667,-13.663649067681058,-13.1088815796094,-14.415042577100076,25.6747739863506,-1.8451900056811912,-2.2106785031003504,0.6546659257421448,False,False,False,False,False,False,False,False,False,False,False,False,False,False,False,False,,,,,,,,,,,,,,,,,,,,,,,,,,,,-0.08862858137362378,0.039353363389990674,0.1440187885554002,-0.2626024237149117,0.7649364414860936,-0.06382246217955259,0.19057298206278722,0.11914473072684116,0.09861996091779067,0.36179363032887557,-0.3227208792965996,0.08314151740304883
1.26,APPROACH_GRASP,-0.42,0.25,0.39894548631250004,0.7071067811865476,4.3116464496473e-17,3.6832005879293425e-17,0.7071067811865476,-8.945838132623654e-17,3.184578588487384e-18,-1.6677901403447488e-15,-1.0025256088249303e-15,-1.1275702593849212e-16,2.3129646346357383e-17,-0.16817114763420749,0.09581358465036605,1.7832828832445446,0.01563431950051435,-0.0019792135064420316,-0.0026063617432382446,0.8719144249771189,-0.5305481719015078,1.766506469437112,-0.01274601863230509,0.001844048993376087,-0.007163988846878892,-3.0,0.0,0.0,0.0,0.0,0.0,3.0,0.0,0.0,0.0,0.0,0.0,-0.09334729673724093,0.6697829539797195,0.07641534382052408,0.18561147343947776,0.24141528193898149,-1.1586099974908914,0.22495879396935012,-1.3315450761758005,-0.6562036015442179,0.37505009555235796,0.9140474138776703,-1.380120129083592,0.08230277020963978,1.3688261536478337,-1.317416721152154,24.421904708626773,20.771330704626592,6.78535559125509,-2.0181813582160144,-3.0979240374801673,0.343906725667384,-16.151996056043338,-15.78188053575466,-14.492338443996042,15.228713757304421,-2.5003956469275757,-2.282594058143204,0.542146860446562,False,False,False,False,False,False,False,False,False,False,False,False,False,False,False,False,,,,,,,,,,,,,,,,,,,,,,,,,,,,-0.09834027468394005,0.03530505211426908,0.12826733571468657,-0.2067487135834893,0.6259368969981687,-0.06208405372273878,0.2720351487043086,0.09050392208765626,0.10517524802544981,0.14294846994910415,-0.32962020924592034,-0.022919459426649674
1.28,APPROACH_GRASP,-0.42,0.25,0.39894548631250004,0.7071067811865476,4.4056097063196304e-17,3.710107812512052e-17,0.7071067811865476,-8.706666559831288e-17,5.89804612557038e-18,-1.7270020349914236e-15,-8.160428351574235e-16,-6.07153216591879e-17,-8.095376221225113e-17,-0.23734777298784093,0.08938788235330596,1.841721918620145,0.013045850417121491,0.0016092387754170154,-0.0020940394877055008,0.39993729998204497,-0.3553591244167605,1.4833807719937644,-0.014829741964156727,-0.00012815572649738083,-0.0011959267103137912,-3.0,0.0,0.0,0.0,0.0,0.0,3.0,0.0,0.0,0.0,0.0,0.0,-0.09441598585652139,0.8219772272935169,0.07631387792564831,0.1847541207219464,0.24200334986547695,-1.1590433393788468,0.2237845182305369,-1.53709240535212,-0.8102843465262036,0.3697847519269461,0.9302216626133633,-1.677084352507316,0.06404186596713507,1.3690211201338678,-1.1339520780851742,24.411018390332554,20.702586142540397,6.957155066611603,-2.027367506116319,-3.5956251940571438,0.5315463042031119,-6.000044749884481,-16.270231453889902,-11.4948134044977,13.080429576735789,-2.7426360819496427,-2.2782102274105402,0.5430631037523628,False,False,False,False,False,False,False,False,False,False,False,False,False,False,False,False,,,,,,,,,,,,,,,,,,,,,,,,,,,,-0.10902614894503396,0.03104389442538962,0.11134725629362321,-0.14858366388110894,0.4853034614407423,-0.060638258332841366,0.3435548838965949,0.03775398291532207,0.0702812969270108,-0.11945994130057036,-0.2626059318903232,-0.11542124403671244
1.3,APPROACH_GRASP,-0.42,0.25,0.39894548631250004,0.7071067811865476,4.6464608275752875e-17,3.930106143300815e-17,0.7071067811865476,-9.119096616420231e-17,4.276712448686931e-18,-1.640651355298356e-15,-1.089261782623771e-15,-1.4456028966473033e-17,6.938893903907228e-17,-0.1806638611738942,0.08550836139268923,1.7623804908810394,0.01587977734175933,-0.001985484999721285,-0.002314616285573037,0.20321747531260675,-0.21777359537029234,1.4420896586727001,-0.00229651551710313,0.009506734428168207,0.00035224702576752633,-3.0,0.0,0.0,0.0,0.0,0.0,3.0,0.0,0.0,0.0,0.0,0.0,-0.09333751113886152,0.9736767368422603,0.07673139439770571,0.18485473815065426,0.2427308756221118,-1.1593362096999213,0.22518852675228096,-1.54774911252394,-0.9675027419572723,0.36782220808441546,0.9069340815900154,-1.9530292056160716,0.07247569096761987,1.3682529770459457,-1.1394397216375725,24.318771558296934,20.80067485046173,7.120643924589983,-2.0231421143015726,-3.136826991656288,0.34347993936229604,-3.7452091471513724,-15.209304774083176,-12.013004481561136,13.969854006421388,-1.4808497668580585,-0.996147697701193,0.5406430043542565,False,False,False,False,False,False,False,False,False,False,False,False,False,False,False,False,,,,,,,,,,,,,,,,,,,,,,,,,,,,-0.12105970149036845,0.026396158466537735,0.09370331552572214,-0.09362108575100114,0.34533429688439626,-0.057572798854164484,0.3658102515226324,0.013276939010621621,0.01653906796236669,-0.3727912339955979,-0.12952501984620468,-0.0234025564899146
1.32,APPROACH_GRASP,-0.42,0.25,0.39894548631250004,0.7071067811865476,4.6232553173563927e-17,3.8958609204818014e-17,0.7071067811865476,-9.235848305225169e-17,9.124055847273462e-18,-1.7294691972683682e-15,-9.707223450986892e-16,-9.540979117872407e-17,2.312964634635739e-17,-0.23867029383209723,0.07839706322637152,1.811776489436799,0.01335029248226718,0.0014703915824423287,-0.0017275035157005734,0.17771676693745186,-0.16246433667151497,1.5053887926987286,0.0007385779203256119,0.009850837958076888,0.0005200467002444973,-3.0,0.0,0.0,0.0,0.0,0.0,3.0,0.0,0.0,0.0,0.0,0.0,-0.09380163939553293,1.1255558704131574,0.07656992719328916,0.1846582273352125,0.24314804680122573,-1.1600260725904343,0.2239995981986489,-1.548738009673573,-1.1217593101089516,0.36813634377623894,0.8863055666117098,-1.9539263847166093,0.07279457644515973,1.3679564075005173,-1.0798535599770989,24.26004124143691,20.718659188837975,7.311967249403428,-2.0357280227939967,-3.5954077215570948,0.5312814785583241,-3.4586548365894725,-14.655452396172434,-12.261060082929566,14.98123538153276,-1.279578327365373,-0.9514122394603395,0.5664373738628671,False,False,False,False,False,False,False,False,False,False,False,False,False,False,False,False,,,,,,,,,,,,,,,,,,,,,,,,,,,,-0.1336295566015332,0.02176428276489234,0.07460805076156846,-0.03674637034597089,0.20503731759570304,-0.05576794602982877,0.38499194970815753,-0.005503547243416966,-0.031178246244484408,-0.3650242541676807,0.07226119633208367,-0.01966979869789947
1.34,APPROACH_GRASP,-0.42,0.25,0.39894548631250004,0.7071067811865476,4.61936447599441e-17,3.8457668374970935e-17,0.7071067811865476,-8.680996000535091e-17,7.778806634322446e-18,-1.7442721709300369e-15,-9.490383016489789e-16,-1.1853943752508151e-16,1.1564823173178671e-17,-0.27563170595781455,0.0559919334079413,1.8170425727464226,0.01504025746440053,0.001041738422230929,-0.0007816949701821345,0.1735283068073863,-0.13850832772308053,1.5348342836014668,0.001233701425855546,0.008447995939973621,0.0002583080717490911,-3.0,0.0,0.0,0.0,0.0,0.0,3.0,0.0,0.0,0.0,0.0,0.0,-0.09257737725877035,1.2766569347670516,0.07714492974208008,0.18356962828515383,0.24366672742366863,-1.1587528317602878,0.22533814028031354,-1.5483293116921906,-1.2746559694253055,0.36720024391849454,0.876503669844898,-1.954470451293907,0.0725576052493198,1.3679408538516484,0.3701884071415238,24.16914627537071,20.69147130940267,7.696930482665074,-1.9218908564666064,-3.580551813981323,0.33935512811295027,-3.460761305883148,-14.233533306300757,-12.000016128820382,15.385084767601645,-1.28806013031229,-1.0788563114826273,0.5737634225219598,False,False,False,False,False,False,False,False,False,False,False,False,False,False,False,False,,,,,,,,,,,,,,,,,,,,,,,,,,,,-0.1470927561388085,0.016191648759058295,0.053994881494821956,0.017514903972083634,0.06305555888761016,-0.051351526250105355,0.4025703399393647,-0.021820652952668346,-0.07367872444278459,-0.3352103165438176,0.2646063633609127,-0.009212469747403081
1.36,APPROACH_GRASP,-0.42,0.25,0.39894548631250004,0.7071067811865476,4.563682871109394e-17,3.819933344456847e-17,0.7071067811865476,-8.874335442576355e-17,5.504922659691136e-18,-1.6776587894525277e-15,-1.0646865333807661e-15,-1.445602896647304e-17,-4.930380657631324e-32,-0.2400745150677613,0.0725099383924009,1.7833753257920388,0.013649263053192813,0.0015171920467537616,-0.001118688897890176,0.08455240652816515,-0.4594920676176471,2.0610262738507945,0.0022636109968665,-0.003248152339676561,-0.003264590086630818,-3.0,0.0,0.0,0.0,0.0,0.0,3.0,0.0,0.0,0.0,0.0,0.0,-0.0939330622760739,1.4286466374655575,0.07684084081283034,0.18387130967123455,0.24413790424556736,-1.1608331407678507,0.2241744598283244,-1.5529418660354415,-1.37070208438109,0.3658255981555184,0.8594956326227848,-1.9554960199777975,0.07521719713477232,1.3676871042988907,-0.8607560642139118,23.962038140244026,20.66506495347086,7.860207663853424,-2.0590170787698043,-3.5878304550056574,0.5311489872307443,-2.587409863846892,-2.215296626580609,-13.771956583351248,15.876643301172905,-1.3079124302884675,-1.7950733253759728,0.5735010117992008,False,False,False,False,False,False,False,False,False,False,False,False,False,False,False,False,,,,,,,,,,,,,,,,,,,,,,,,,,,,-0.16061552246859848,0.011685517910173391,0.03220268421969096,0.07289102229073746,-0.07630646557184644,-0.050251331133721745,0.4162152532359385,-0.04326230697736207,-0.10480559837762092,-0.29392984464750116,0.4054737329397624,-0.0073737893616149935
1.3800000000000001,APPROACH_GRASP,-0.42,0.25,0.39894548631250004,0.7071067811865476,4.811334662741546e-17,4.085984657089199e-17,0.7071067811865476,-9.576669472404167e-17,6.9508191640692e-18,-1.6899946008372516e-15,-9.201262437160322e-16,1.0697461435190352e-16,3.4694469519536123e-17,-0.23570369484769893,0.07215926739426579,1.7659323014153567,0.016184290577144298,0.0015283889513245648,-0.0009520107432067101,-0.01996128060494968,-0.21717745482931414,2.3802186047301612,0.002157400935618388,-0.011878180148903496,-0.002110066246012796,-3.0,0.0,0.0,0.0,0.0,0.0,3.0,0.0,0.0,0.0,0.0,0.0,-0.09378978693469421,1.5800235072011262,0.07697902610881813,0.18327446539157388,0.24468149827426974,-1.1612551652871,0.22553962209616502,-1.5541160179288165,-1.2354336544357338,0.36780198976374356,0.8393703156603973,-1.957541664771448,0.0685238586578835,1.3677643629444494,-0.7927666782416071,23.756815566953684,20.59758824432445,8.196277731931874,-2.0698156596641955,-3.566387355528226,0.3432359757277187,0.9901233686488182,1.4870134883706516,-12.570387772927155,19.67908800741993,-1.1502648094797627,-2.627976167905338,0.5764961538020437,False,False,False,False,False,False,False,False,False,False,False,False,False,False,False,False,,,,,,,,,,,,,,,,,,,,,,,,,,,,-0.1746221759053751,0.006445526140614242,0.00850831000171648,0.1253916367696803,-0.2173291899414142,-0.046632528907082735,0.4134178723118577,-0.06511280262042418,-0.07838252951973872,-0.25962512333350696,0.306928428482904,-0.007792562360449986
1.4000000000000001,APPROACH_GRASP,-0.42,0.25,0.39894548631250004,0.7071067811865476,4.441471752658965e-17,3.8122081344521097e-17,0.7071067811865476,-9.421816129558412e-17,5.640921256334665e-18,-1.6776587894525277e-15,-1.0111992262048143e-15,1.0119220276531416e-16,-1.1564823173178778e-17,-0.23136366248824036,0.07097131221539633,1.7476186131834976,0.013944657962705593,0.0015343582769766712,-0.000352894162409414,-0.021112605260266818,-0.17115224428826376,2.4343779405777526,0.001742318586099908,-0.01257657643481755,-0.001708987162414121,-3.0,0.0,0.0,0.0,0.0,0.0,3.0,0.0,0.0,0.0,0.0,0.0,-0.09392766410370108,1.7312863967149863,0.07712375766305678,0.18304766619419902,0.2449676211003364,-1.161598453327491,0.22431936196843968,-1.5540203387631375,-1.0838482637385025,0.3678440314247355,0.8301275560987519,-1.9579225253946282,0.06899792993517695,1.367761826888129,-0.6732707468499538,23.497629198102366,20.50251887395367,8.534374453323302,-2.0918979109862343,-3.5416650292136094,0.5312183736205006,1.1606533960825425,2.223852594610694,-12.56805915290947,20.52679678299536,-1.1762767862411065,-2.6732702659224605,0.5756075851021999,False,False,False,False,False,False,False,False,False,False,False,False,False,False,False,False,,,,,,,,,,,,,,,,,,,,,,,,,,,,-0.18850391392524773,0.0015323930892932513,-0.01694285824039693,0.17994022696741266,-0.3584034431982934,-0.04355819678661158,0.4087640492216435,-0.08210091665155164,-0.043420616952217085,-0.2306029804736185,0.1897452388646433,-0.0007386089376003063
1.42,APPROACH_GRASP,-0.42,0.25,0.39894548631250004,0.7071067811865476,4.669655086873803e-17,4.067786311045023e-17,0.7071067811865476,-8.772694952620847e-17,3.762676320209362e-18,-1.7344035218222575e-15,-9.475926987523313e-16,1.5323390704461837e-16,2.312964634635739e-17,-0.22444144321844792,0.06923818805006723,1.7273823726475364,0.013956781356144745,0.0015475860852344177,0.0001459501002933986,-0.022698980798972274,-0.12262318841431571,2.472270411314702,0.0004145078868609812,-0.013391155769222429,-0.0005626927463650387,-3.0,0.0,0.0,0.0,0.0,0.0,3.0,0.0,0.0,0.0,0.0,0.0,-0.09410898283710345,1.8824384635329565,0.07728533424278952,0.18302354688800387,0.24526799494373566,-1.161927923572444,0.22443853597982472,-1.553791510779572,-0.9315116081344885,0.3677849480026801,0.822926734266607,-1.7973798183171077,0.06805075173844673,1.367588723792532,-0.5508939073342425,23.18943060905998,20.365341875339848,8.88498361357079,-2.106370162559666,-3.507677676853936,0.5401794583011132,1.271751124018011,2.719469140814257,-12.51153362008477,21.286930461871854,-1.3438301880208448,-2.5925156965916227,0.6139057053255355,False,False,False,False,False,False,False,False,False,False,False,False,False,False,False,False,,,,,,,,,,,,,,,,,,,,,,,,,,,,-0.2020711599296388,-0.0031121174981623397,-0.04432892482487196,0.23238171279808037,-0.49958123991827985,-0.04029968985728127,0.40402557300102004,-0.09461589695464181,-0.005497952244896909,-0.07108747670422488,0.09754086244038791,-0.06263778491927693
1.44,APPROACH_GRASP,-0.42,0.25,0.39894548631250004,0.7071067811865476,4.4920478785952753e-17,3.885272563833108e-17,0.7071067811865476,-9.388709331628606e-17,4.65983011436549e-18,-1.6455856798522453e-15,-1.0140904319981091e-15,6.649773324577799e-17,6.360652745248294e-17,-0.24963259516422096,0.05270519495294138,1.7155265621278029,0.013156962536873073,0.0008847438927783708,0.0013175089401642622,-0.28481901170127844,0.0931489446600597,2.4276004687935258,0.0009007681314793215,-0.010914128868591756,0.00448276997851791,-3.0,0.0,0.0,0.0,0.0,0.0,3.0,0.0,0.0,0.0,0.0,0.0,-0.09269747248583342,2.0328919868484787,0.07766973854288955,0.18215722695044798,0.2455219640501024,-1.1605897022532528,0.22463630155580194,-1.5292192288460327,-0.782000205319498,0.3586304726995686,0.814598388847868,-1.4995100065632194,0.06761414036002923,1.367604372792944,0.8551281355815952,22.87939853068221,20.153765953529962,9.391870391641794,-2.011748348173829,-3.4235006842871107,0.5371467616693655,6.015488950053989,3.4207227662623465,-11.715390505577632,21.977451090992442,-1.2780127696920323,-1.8237310034978278,0.6135300693690886,False,False,False,False,False,False,False,False,False,False,False,False,False,False,False,False,,,,,,,,,,,,,,,,,,,,,,,,,,,,-0.21531542638112863,-0.008189015550900458,-0.07412970121946474,0.2840714823623359,-0.6424395968683846,-0.034631705327336525,0.39437680484637677,-0.09901153176406935,0.034216480298232245,0.204314108281606,0.02444354177642157,-0.16912391104784397
1.46,APPROACH_GRASP,-0.42,0.25,0.39894548631250004,0.7071067811865476,4.885068160874238e-17,4.2480358560228514e-17,0.7071067811865476,-9.664039977749148e-17,6.7891582556439354e-18,-1.6529871666830797e-15,-1.069023342070708e-15,-7.228014483236667e-17,-1.1564823173178771e-17,-0.2342880508116162,0.056743495962162147,1.6913222156746834,0.013254201186722889,0.000848954619405758,0.0018070976976746554,-0.768811582693688,0.7363006173847891,2.271351114296866,0.012492670696599132,-0.003616870441779603,0.007460915557019986,-3.0,0.0,0.0,0.0,0.0,0.0,3.0,0.0,0.0,0.0,0.0,0.0,-0.09253390398839798,2.1839013177442204,0.07776080003759996,0.18164134957807834,0.245837980669945,-1.160930124369525,0.22485984808774126,-1.2653188569021074,-0.6423344319466967,0.3309320769658538,0.7783159125446274,-1.174909805993039,0.06313783922597699,1.3674778225735333,0.8882875096566917,22.44959158853316,19.916193806369744,9.812851473649083,-2.0338972464836385,-3.363171847220312,0.5373731095886585,14.210054529656057,6.279263644098705,-6.2626424544666985,24.803850200441367,0.7194611628967549,-0.3009916243056343,0.5815589595779964,False,False,False,False,False,False,False,False,False,False,False,False,False,False,False,False,,,,,,,,,,,,,,,,,,,,,,,,,,,,-0.22747938401457282,-0.012451127406242107,-0.10609282026776866,0.33473519482849734,-0.784404964115419,-0.02998180202672108,0.3282782576115333,-0.045236397697574315,0.06458375438022983,0.49509860920125537,-0.03157153835543384,-0.08144024260628888
1.48,APPROACH_GRASP,-0.41983351452836654,0.250008131998586,0.39914725627247527,0.70713292604624,0.0004020744888090497,0.0002450925182468152,0.7070804785645309,0.01848937558415864,0.002632520143969127,0.018771299790865736,0.09479328537621728,-0.010416432171718679,-0.010874922722400576,-0.1801652800919467,0.07513016450876649,1.6589703768092083,0.0142520992616723,0.0015410860582059623,0.0018396808312991523,-0.8977988057732461,0.5735482267440373,1.9644672137684152,-0.009517556378702637,-0.0015555570531517987,0.006063587711050183,-3.0,0.0,0.0,0.0,0.0,0.0,3.0,0.0,0.0,0.0,0.0,0.0,-0.09426480397595785,2.3355397360927883,0.07782474908782482,0.18236388787302596,0.24605687110737362,-1.1629054310454896,0.22511193017615175,-0.9574202013361762,-0.4882326623722292,0.3303377761709517,0.7255416348439014,-0.8751223171036928,0.06608488832095794,1.1847150658406371,-0.3519366185561894,21.8738823697246,19.644463671041787,10.081242027155128,-2.1590931275124605,-3.340543754122792,0.540653663178658,14.613182202095295,7.020959388050151,-5.327287670921102,21.829143934196622,0.7783255500417647,-0.4397292908730155,-0.8258015060391903,False,False,False,False,False,False,False,False,False,False,False,False,False,False,False,False,,,,,,,,,,,,,,,,,,,,,,,,,,,,-0.2380089392182994,-0.015248768201884953,-0.14000505542292044,0.38479927377025613,-0.9249936141517776,-0.027661547083117455,0.24432334931572738,0.02851312813919726,0.0846204036565991,0.5429631690951562,-0.08715719770212452,0.07173508142773853
1.5,APPROACH_GRASP,-0.4192357467988448,0.250164732060618,0.399444503855673,0.7073240403481992,0.0012309055532458944,0.001164429534799965,0.7068874245032774,0.03707763413127022,0.012021154180960558,0.007897899221673863,0.13308448685526905,0.022464174718996244,-0.03898092810144647,-0.03021141117032074,0.027546640637376496,1.9894241733730256,0.0015695631521278036,0.010721109591743192,0.002772816990489525,-0.9654119855608762,0.2612509681853868,1.515678896136341,-0.012129550319462971,0.0025174204253460794,0.003115552157175564,-3.0,0.0,0.0,0.0,0.0,0.0,3.0,0.0,0.0,0.0,0.0,0.0,-0.08474577786050051,2.41182476736997,0.08069003631109628,0.17724787431759026,0.25624034127658385,-1.1561335512416684,0.22456795353623896,-0.64109573219159,-0.32027839497804544,0.3294577948669946,0.5387563283779706,-0.57184798908641,0.06074703451296604,0.7880842174966634,-0.9829206118671636,9.518832624974728,17.59752599811482,13.275475304845223,-1.0112364300016834,-3.2375363262172483,0.5432030693826633,13.133413738367764,5.011137581788693,-4.327823201233814,15.28102326885493,0.5307714564028515,0.01769547038050656,-0.9785349783483615,False,False,False,False,False,False,False,False,False,False,False,False,False,False,False,False,,,,,,,,,,,,,,,,,,,,,,,,,,,,-0.24404973846973665,-0.021850077599438033,-0.16663325101360188,0.40194364884412004,-1.0060172496940383,-0.01013894041050461,0.14918411345988858,0.06347346729984087,0.054248951658441937,0.31768021774932076,-0.06596092033341229,0.1528682756072414
1.52,APPROACH_GRASP,-0.4184600798388997,0.25042744172769177,0.3994584522140551,0.7075911670734562,0.0018825086354494719,0.0022477119694968586,0.7066159807361875,0.039659004695837385,0.011755025050530596,-0.003081074910636292,0.11220130637140475,0.024638089623418687,-0.03205669940851732,0.13553079118276576,-0.05680264595476034,2.0971140765835217,-0.0025862276854285906,0.005518163573122165,0.0007698893876963478,-0.6697075186571831,-0.21101053474830564,1.7907571857634226,0.005640956634586898,0.0024442156622416166,-0.011584607058083222,-3.0,0.0,0.0,0.0,0.0,0.0,3.0,0.0,0.0,0.0,0.0,0.0,-0.07949668580105058,2.267495415035616,0.08281284422251846,0.16295295767042786,0.2709187416225801,-1.1519314464716768,0.22548449435534712,-0.30798636034457527,-0.16215179834025728,0.19023131914859054,0.30371451995988263,-0.2669343478927673,0.07263339313376796,0.38864190949004285,-1.9651446571033275,6.695041080383925,19.203112305190402,15.011591248064306,-0.12491962894113473,-2.325841971078337,0.3703380704613257,8.54282418304844,4.267625306080234,-11.24351590276929,13.984476316943255,2.161446814645064,-0.9389558688630898,-1.1058961263955942,False,False,False,False,False,False,False,False,False,False,False,False,False,False,False,False,,,,,,,,,,,,,,,,,,,,,,,,,,,,-0.2339611810858691,-0.02602677298299358,-0.16126475700100587,0.33733461445570645,-0.8824605126542687,0.009431099184591472,0.0661683286106971,0.055791642415545295,0.030060226186993142,0.16835592362292043,-0.007314411270887573,0.13319944115273788
1.54,APPROACH_GRASP,-0.41765463912082423,0.2506089034540891,0.399347607102493,0.7077903476718624,0.002404653251516089,0.00303277569932608,0.7064119503921502,0.03869903105708112,0.006122835724394942,-0.005520667760523584,0.0764137964528552,0.013422237378495567,-0.020230837735580494,0.1255740914812769,-0.06817502513145851,2.1527212186014895,-0.005651927166771024,0.006713718903652003,-0.0008655066654961693,-0.3545307406788527,-0.3126968347362851,2.104664954326451,-0.00679808251006151,-0.011090275903168544,-0.0072223138080577095,-3.0,0.0,0.0,0.0,0.0,0.0,3.0,0.0,0.0,0.0,0.0,0.0,-0.07869617221760436,2.115508676727192,0.08397258588337222,0.15685601298077775,0.2726727462997553,-1.1520110879898877,0.2189855520162164,-0.01046981735381122,-0.021955420807443338,0.008501284516570867,0.07175216374751307,-0.001128622336064651,0.0011742372689471751,0.013187980958874745,-2.4368362947419246,5.840275626164967,18.791257439219592,16.266784618470037,0.5944065529150153,-2.3973190451877655,0.08094775855154193,8.213765054851144,4.972416184162009,-15.871351260562708,13.066343368023055,1.5943019160093859,-3.647404366300683,-1.4955431235898624,False,False,False,False,False,False,False,False,False,False,False,False,False,False,False,False,,,,,,,,,,,,,,,,,,,,,,,,,,,,-0.22291341148706995,-0.02471411909902055,-0.14983544179876726,0.2898096877568352,-0.7430884160625958,0.01903935009957005,0.006432386774290029,0.023751447951688265,0.0215823300013812,0.038952720474105466,-0.028181021317920125,0.03709245803059194
1.56,APPROACH_GRASP,-0.41699202985077743,0.2506789408726585,0.3991867671732392,0.7078397347460065,0.002734001737072139,0.0034855104611920032,0.7063591765992915,0.027604721625263277,0.0015397364367395368,-0.00873319930495608,0.044095576709595644,0.003391648457262652,0.003217156457732055,0.13897309934975224,-0.1265907173821125,2.2063041393935325,-0.016039086315581333,0.006246346956844324,-0.003277061715445956,-0.00885267178193298,-0.09667569684873686,1.9542610211272173,0.0005363664697908824,0.00023129272258171042,-0.0009823660753348503,-3.0,0.0,0.0,0.0,0.0,0.0,3.0,0.0,0.0,0.0,0.0,0.0,-0.07872910677281385,1.9631371602009653,0.08279980670941049,0.15616382170148826,0.27466874181580875,-1.1512455875785315,0.22504578753652893,0.009390808506303328,0.006425896990024746,0.008362782931224081,0.01006298696491933,-0.003718114495543644,0.004219562240585889,0.0014634167825632002,-2.76211536370125,5.052246137956306,19.023467837164944,17.129972779382648,1.4294320140588472,-2.281677733960007,0.358192220097551,0.09831421216391176,-0.7479081856339749,-14.058317116379463,18.82040059634822,-0.33582618303535816,-1.638408779949497,0.11863896700948065,False,False,False,False,False,False,False,False,False,False,False,False,False,False,False,False,,,,,,,,,,,,,,,,,,,,,,,,,,,,-0.2120413661222625,-0.020955180559212253,-0.13536019931452858,0.22820254918944083,-0.6015798383525625,0.021834973947538167,-0.0039043203763206163,0.008720610888949076,0.0032829444324773945,-0.005175701073029075,-0.008876524509487857,0.02389941002418488
1.58,APPROACH_GRASP,-0.4165246668095355,0.25070178163050044,0.3990498664983166,0.7078121724324925,0.0029463910056305134,0.0037162479685831453,0.7063847654341593,0.020845323461127566,0.001056016675085038,-0.005151090649556066,0.02121352116090584,0.0005252187171000005,0.0028313420969971652,0.11297918258255986,-0.1066803129454948,2.2240787042500005,-0.012866126141236753,0.00715110942670848,-0.003486024257729421,0.011061891300441084,0.018338449824937774,1.9474600896933767,-0.0023326640294749575,-0.0008066952725400686,0.0005779046261740428,-3.0,0.0,0.0,0.0,0.0,0.0,3.0,0.0,0.0,0.0,0.0,0.0,-0.07966188369437063,1.8102822750072476,0.08373511889098442,0.15681805233505947,0.27538923977489826,-1.1514826776532874,0.21867856797317142,0.008130328105820605,0.005457485555868116,0.010245670027417799,0.010233558310823098,-0.0062972882879778055,0.003701039361318729,0.0013526966827056093,-2.8492322445181,4.347762104276688,18.577799037817783,17.783298731985482,1.3869299637274266,-2.3704731905652805,0.10876429210536082,-1.4507008418337703,-0.6987361596397403,-11.402254298475075,20.060424369818243,-1.1399947079100818,-1.6628667184114443,0.12128614537423324,False,False,False,False,False,False,False,False,False,False,False,False,False,False,False,False,,,,,,,,,,,,,,,,,,,,,,,,,,,,-0.2019607259461802,-0.017005559033384354,-0.11753888899776524,0.18273894039242744,-0.4569302785036819,0.02457412207945438,-0.003780733944069164,0.008784267864393834,0.0027290597255860416,-0.00866281114490847,-0.008639486569706027,0.02494087243185187
1.6,APPROACH_GRASP,-0.4161439608319683,0.25071774730846985,0.3989835709649227,0.7077945252774316,0.0030449511438694473,0.0037989670813455396,0.7064015898261697,0.017834377273397737,0.0007067346384007724,-0.0020627015226568784,0.007010352523754269,-0.0016124015770802138,0.002283267402952119,0.11999611253130528,-0.11646391987563624,2.249485687707888,-0.012844699198596835,0.00650580455695735,-0.004099258018527504,0.040504311045769514,-0.039967052777157695,2.0005391018210474,0.0012339675961821584,-0.00011688302996615258,-0.0013547269050094603,-3.0,0.0,0.0,0.0,0.0,0.0,3.0,0.0,0.0,0.0,0.0,0.0,-0.08015593302992884,1.657640498818765,0.08241297210047516,0.15851834753174712,0.27624547052599857,-1.1509556152923326,0.21884643213080232,0.0075193054396453084,0.005528473219588454,0.007088740824345065,0.00890281667660713,-0.0037154140857468105,0.00410520029851755,0.0012973904605641639,-3.0279842611891246,3.6279903084500678,18.760411615932032,18.302240351697222,1.4188256337342393,-2.275715257874185,0.11103840708884477,-1.3672083665766692,-0.7940662336175865,-12.64508103766515,20.07853010531535,0.5854783379456443,-1.6613241615056151,0.11872122087672535,False,False,False,False,False,False,False,False,False,False,False,False,False,False,False,False,,,,,,,,,,,,,,,,,,,,,,,,,,,,-0.192483253967132,-0.012683356098752761,-0.09815032146851897,0.12970312408147494,-0.3130119692801408,0.02541169422570455,-0.0032404776228660893,0.007397633014434733,0.0028865624347988563,-0.004701123575843759,-0.007462264570063099,0.020452465244240273
1.62,APPROACH_GRASP,-0.4158093164689707,0.2507311436824777,0.39895954528434124,0.707779178267628,0.0030705489267513603,0.003799562858531246,0.7064168527591714,0.015934989877116508,0.00048681648353651773,-0.0006772541640097084,-0.0016524434441360994,-0.0024439172630464864,0.002486224578693149,0.09517456198072691,-0.10079837870645574,2.261833474741152,-0.012878466727077324,0.0073385044545659335,-0.004337212844671319,0.003116110238221603,-0.07291521209498854,1.950492048577326,1.598289251969466e-05,-0.00014041897363015174,-0.0009062032796897048,-3.0,0.0,0.0,0.0,0.0,0.0,3.0,0.0,0.0,0.0,0.0,0.0,-0.08128923674513555,1.5050736034826842,0.08340523156136825,0.1599964515936853,0.27667308882741726,-1.1511977298667377,0.21901870222508937,0.0065728452048098305,0.005110779855687876,0.006006003745620939,0.007579405860985185,-0.002946994610015865,0.0030763935746646724,0.0012668145944352812,-3.020198475326009,3.002802781754079,18.29697266313564,18.794432702767853,1.3903320996385475,-2.3735878641743717,0.10925959703784024,0.0401385757862342,-0.7321776380569767,-12.620227312994368,18.87202572409207,-0.3309606168419828,-1.6530049232112507,0.11720441024084322,False,False,False,False,False,False,False,False,False,False,False,False,False,False,False,False,,,,,,,,,,,,,,,,,,,,,,,,,,,,-0.18380128062915552,-0.008950109731243995,-0.07617661099419339,0.07979594695600786,-0.16763595286630373,0.027135715437241352,-0.0027890429654623076,0.0063349396706278505,0.002612387898529033,-0.003714006266322253,-0.007112823951171143,0.017325824930997116
1.6400000000000001,APPROACH_GRASP,-0.41550785185950484,0.25074281672000537,0.3989502308701686,0.707764791422956,0.0030494959476951556,0.0037487622127537505,0.7064316296559457,0.014387910049941019,0.0006039097628463154,-0.00045208302093825193,-0.00782138898975766,-0.001934978186406951,0.0019996665951742838,0.10508316025599815,-0.11116633429556917,2.284485605349622,-0.012856156036049192,0.006693992158248491,-0.00490545165832845,-0.04999727716356033,-0.001588388403554872,1.9151338717606157,-0.0008304224609068083,0.00051951159090302,0.0010847853399543318,-3.0,0.0,0.0,0.0,0.0,0.0,3.0,0.0,0.0,0.0,0.0,0.0,-0.08173304615157116,1.3527778172526033,0.08211289666116663,0.16187932819836062,0.27743784160604557,-1.1507176167527717,0.21916014402507578,0.008350714503795799,0.003629970930019035,0.006270850937056471,0.00713157909373752,-0.005155315180798451,0.002636471736892485,0.0012536770945692434,-3.1840489552262095,2.3654578084206133,18.488415969124507,19.19622734055503,1.4320520411757283,-2.293140846347697,0.11139900154621327,1.319145361882025,-2.024419096144597,-12.85434297092074,18.86272204221203,-1.124737188788154,-1.6528063035543468,0.11494149047750363,False,False,False,False,False,False,False,False,False,False,False,False,False,False,False,False,,,,,,,,,,,,,,,,,,,,,,,,,,,,-0.1755268910558765,-0.005068118719414446,-0.05301079306374171,0.028721881861638154,-0.023333125129916504,0.027948224414689773,-0.00316494181981449,0.006701184865185989,0.0020377138851143555,-0.005755603927341528,-0.006049543047205567,0.019813243088475378
1.6600000000000001,APPROACH_GRASP,-0.4152374176467342,0.2507529120273587,0.3989445138955,0.7077559844232022,0.003000173209188407,0.0036680598300910566,0.7064410879973939,0.012534118297760122,0.0005730021909695273,2.2363653284164167e-05,-0.009121944617584286,-0.0013968483349130177,-0.0005378224405460466,0.08349670334480477,-0.09496773264803737,2.2946921974371812,-0.012908335699669383,0.0075055040679683285,-0.005048354367610218,0.02998181369193494,-0.008515670556379149,1.9767064179568916,-0.0009033193613260359,-7.972502272535194e-05,0.00039622545643266515,-3.0,0.0,0.0,0.0,0.0,0.0,3.0,0.0,0.0,0.0,0.0,0.0,-0.08281890610338757,1.2005719114198576,0.08313874531715668,0.16325139420374796,0.2777666854426648,-1.150952031703643,0.21930580957049126,0.005987247851267143,0.0035732102571726944,0.005176065348485193,0.007864308598810555,-0.005107684888348949,0.002796721387861698,0.00121634853746581,-3.1324001268888266,1.814402943016356,18.023133311015012,19.599271637914516,1.4108885798679323,-2.40119842936779,0.1094870714841607,-0.06580917675328753,-2.0672218999610226,-12.621264226350084,20.04920163013066,-1.1318205697426929,-1.660043566255689,0.11324602590054983,False,False,False,False,False,False,False,False,False,False,False,False,False,False,False,False,,,,,,,,,,,,,,,,,,,,,,,,,,,,-0.16777402951019568,-0.0018137421735131879,-0.0275557764660763,-0.01931589236832923,0.12213613348923363,0.03001538057321748,-0.002377432970850149,0.005960701964722825,0.0025464842228666335,-0.0046693044658219765,-0.006531925265747329,0.017153102678698663
1.68,APPROACH_GRASP,-0.41500376126737276,0.25076430035892167,0.3989452214603001,0.7077633266179805,0.00293073422328392,0.0035820379300390694,0.7064344649688532,0.010525765651524124,0.0007123455998311902,0.00036506567366562326,-0.01286914401818329,0.0006153189071102852,-0.0014530467381685015,0.11854246311902496,-0.0965578328393295,2.2896206300584248,-0.012413585741235878,0.005933871241234994,-0.005744765055595727,-0.006143127245831866,0.038609079899010405,1.950471667838261,-0.0006438507911162285,-0.0003196035667247794,0.0002615425356370066,-3.0,0.0,0.0,0.0,0.0,0.0,3.0,0.0,0.0,0.0,0.0,0.0,-0.08329598338342363,1.048707158766903,0.08183746911671859,0.1647698269848805,0.27802767452649735,-1.148813342099773,0.21890845418058616,0.005709593442954419,0.003914306184134297,0.0064397828533386756,0.006979446275911758,-0.0020732657561436077,0.0024401905115743012,0.0011815777765085919,-3.3054060972141937,1.264522684043195,18.240124451799595,19.922899349641153,1.4586416502887367,-2.334204876885205,0.11154609218519976,-0.17014328838160023,-0.8161630202328543,-11.372508593368597,20.054691100529524,-0.3572059483765636,-1.6578863034109017,0.11136026105761974,False,False,False,False,False,False,False,False,False,False,False,False,False,False,False,False,,,,,,,,,,,,,,,,,,,,,,,,,,,,-0.15986779550023847,0.0017407692127414931,-0.0013385249818190148,-0.06755356739994176,0.2647039036042684,0.030888381165927795,-0.0025499950178234543,0.005947358762992145,0.002054848468168127,-0.0033173310254977564,-0.005906506255541857,0.01582569977056403
1.7,APPROACH_GRASP,-0.4149328775206956,0.25079039533279657,0.3990188884624339,0.7077649046050101,0.002685062277728612,0.00342607792218286,0.7064346340887433,-0.0017507371755072262,0.0018591131369438754,0.006404602003835965,-0.04508167431979504,0.011291218375317127,-0.0007980347600970656,0.09770002865726862,-0.07969731931985422,2.283912401901083,-0.012361549295950664,0.0070668982959809406,-0.005618448779514919,0.0008255548523693925,0.05358494081030124,1.9383321614809648,-0.0018490866630140827,-0.0001566243207021808,0.001174402339893818,-3.0,0.0,0.0,0.0,0.0,0.0,3.0,0.0,0.0,0.0,0.0,0.0,-0.08733839020849433,0.897840420395273,0.0809016767941463,0.16148937810246228,0.27759943580543145,-1.1434725114468303,0.21818044674559223,0.005370711355323437,0.0028938787571943713,0.006027643987829011,0.006773649674284475,-0.004974027081767127,0.002249658584013605,0.001136016855280398,-2.7395632222778508,0.6375250434184672,17.995370774973072,20.517028489920524,1.4553699538083995,-2.8775759587783285,0.12624608509349883,-0.1617630578199075,-2.0301913487604892,-11.370190754712826,20.06797297962134,-1.1254282507203257,-1.6594172473353912,0.11033013622600923,False,False,False,False,False,False,False,False,False,False,False,False,False,False,False,False,,,,,,,,,,,,,,,,,,,,,,,,,,,,-0.1506552178360504,0.004530283240091068,0.024297648077135407,-0.11455928951527547,0.40033086346379665,0.031089565281709135,-0.002330054344684639,0.0055793411512761425,0.001809343395745043,-0.005527473831203351,-0.005444518113230911,0.0162501339809229
1.72,APPROACH_GRASP,-0.4150738206839554,0.25083472334231277,0.39919839026882686,0.7077734066433576,0.002140446266657719,0.003070730742030537,0.7064296100468502,-0.01217749679406701,0.003106372708432836,0.01222300419636757,-0.07880239607952404,0.021851073914115282,-0.0004945828497952059,-0.7061388220157859,0.2688880589765433,3.1229441662896607,-0.06286978355421037,0.1175816024208393,0.015568015895813771,-0.04755863245361445,0.007148349115022469,1.9511913296533636,-5.146064811167859e-05,-7.706326370227058e-05,0.00041872803140211555,-3.0,0.0,0.0,0.0,0.0,0.0,3.0,0.0,0.0,0.0,0.0,0.0,-0.08994604843377065,0.7470820256754913,0.08040200063229422,0.15710694980185788,0.27678517874465763,-1.1372079601061629,0.2231910658444745,0.006174532650702047,0.003523461237319358,0.003819131113575906,0.005597680377162151,-0.001751729062816599,0.002176882484498003,0.001052732449848069,-2.357758531034137,0.08556049927327791,17.724760796855673,21.149364531787523,1.4525579532143125,-3.246367112768582,0.3822549849166771,1.240765742856413,-0.8240544197796085,-12.65119742091437,18.84438151759814,-0.35684629438452964,-1.6729117686121573,0.1088867547437824,False,False,False,False,False,False,False,False,False,False,False,False,False,False,False,False,,,,,,,,,,,,,,,,,,,,,,,,,,,,-0.14144601122050965,0.006519048389360325,0.050991647205226434,-0.16611475325050157,0.534476848197115,0.033087993100608976,-0.0022739525953363745,0.004924470371523654,0.002017122884034348,-0.0017554377325350794,-0.005125362316589406,0.013480201681693633
1.74,APPROACH_GRASP,-0.4157358559689315,0.25097547233563683,0.3997835276911499,0.7077520388937433,0.0009490698334633669,0.0028038303289372934,0.7064547326217631,-0.05544117951876185,0.010617164331256795,0.04511576909905827,-0.11658271496229689,0.11622267269444428,-0.0017817886341683464,-3.7792510290671326,0.2928258200634964,5.615782551662347,-0.15899241793672916,0.6575267309140714,0.06330955542361115,0.01527002857411106,-0.029396347507189655,1.9433273864223157,9.192684010184118e-05,0.0003429935198898663,-0.000373613271147321,-3.0,0.0,0.0,0.0,0.0,0.0,3.0,0.0,0.0,0.0,0.0,0.0,-0.0964129137056466,0.5998105078251557,0.07347278870749435,0.14246959949379073,0.27194100944944305,-1.1212388343472781,0.22155338727299703,0.005389953496249268,0.00268714549526124,0.003969716257842545,0.005891813835771694,-0.0016701988794303102,0.0016711895197495921,0.0007418242098271501,-1.3080570942096645,-1.199144368460919,18.410706674207766,22.278112454110712,-0.08281191095593532,-4.57699918355708,0.5106103830311153,-0.18399486091862233,-2.0575086884587557,-12.680522739075471,18.844401060650487,-0.3539613674844718,-1.6410726641596343,0.11560845326197143,False,False,False,False,False,False,False,False,False,False,False,False,False,False,False,False,,,,,,,,,,,,,,,,,,,,,,,,,,,,-0.12882611496464963,0.007792577191759244,0.07180601913756765,-0.21310384535135443,0.6473357448196614,0.03329328717378178,-0.0019903286025390937,0.004794654488762233,0.0019542846897139714,-0.001811965305897618,-0.004956849378218534,0.01275708289610863
1.76,APPROACH_GRASP,-0.41751680972579025,0.25122173131043724,0.40092463349471597,0.7079020001740556,-0.0008715018245128426,0.0033235208839483645,0.7063023098100942,-0.11574386133108978,0.01276823906047687,0.06451860623882079,-0.05922377179827369,0.18614895048991353,-0.031053222040403932,-2.5149007041875966,0.3157145022590337,5.952634522302027,-0.044194024126087444,0.653915489420091,0.11598021176737905,0.002393828512679904,-0.005203832357052373,1.9518239378868887,8.985168454711515e-05,0.00021074047241842437,-4.581740055260282e-05,-3.0,0.0,0.0,0.0,0.0,0.0,3.0,0.0,0.0,0.0,0.0,0.0,-0.09391644855780176,0.4490790324148423,0.07016379140680817,0.1320244772124558,0.24561725514890592,-1.114515685062068,0.22579070809249893,0.005013242731164444,0.00219987232655407,0.003254201368663075,0.005372789493470237,-0.0015866049359303438,0.001702693544040542,0.0005270254602153911,-1.5129615414055713,-1.9788777314362331,19.033400680489322,23.294069151265177,-1.8153225612852157,-4.3470652750846845,0.45269047111822025,-0.12219411145479976,-2.001410939884158,-12.598992709544994,18.86017427328381,-0.35303369135438867,-1.6501087935229146,0.12305440485435576,False,False,False,False,False,False,False,False,False,False,False,False,False,False,False,False,,,,,,,,,,,,,,,,,,,,,,,,,,,,-0.11906412693591424,0.008150765727849821,0.09832099648672889,-0.24251631826782147,0.7747967391612528,0.05075616816544156,-0.0017816379893606108,0.004311010696699244,0.0017809977864164238,-0.0015447442766353587,-0.0041723784291222855,0.011570089439115043
1.78,APPROACH_GRASP,-0.4200354133679366,0.25150235016874234,0.40199222654862937,0.7078375302850545,-0.00249577703260688,0.004212243846316006,0.706358307673051,-0.10239892874798896,0.015068261283057657,0.033466552801025125,-0.09128072128807756,0.11397901593309287,0.04259484368334867,-0.3335668310601035,0.6024843385608062,3.2371674595776785,0.0011619298652496975,0.11880606203457855,0.0056158941378173345,2.517106329053825,-0.4757086135899603,0.34903920645622244,0.11778828837479886,0.17436578988183912,-0.07116483354708233,-3.0,0.0,0.0,0.0,0.0,0.0,3.0,0.0,0.0,0.0,0.0,0.0,-0.07772864211378036,0.29134771259838754,0.07777034379304423,0.1497583649687965,0.24393516162380466,-0.7296132060191219,0.22415645943000975,0.006914318103616896,0.0024424507264746895,0.003991452552788627,0.00431833719054602,-0.0019371220192721916,0.0025757256115014307,0.0002370293698047014,-3.891489853183615,-1.260783836699333,14.754692614445162,22.65421855003252,-2.013091258528628,-1.970437302090113,0.6249616102253364,-0.17612925807985835,-2.0627505053841912,-12.760701116163853,18.87835297134948,-0.33621402425087327,-1.7173431960663206,0.1261206210802298,False,False,False,False,False,False,False,False,False,False,False,False,False,False,False,False,,,,,,,,,,,,,,,,,,,,,,,,,,,,-0.08017721863607773,0.023767173529946388,0.09644120046320787,-0.26778543239132135,0.5673167126079021,-0.03497348685198771,-0.0025218397913931725,0.004744637898161222,0.0011459227542657269,-0.003137031381736133,-0.0027720001049875314,0.013825348262808864
1.8,APPROACH_GRASP,-0.4204882860541439,0.251797270510416,0.40229467095275906,0.707447285826916,-0.0034423924667606855,0.004035840773529062,0.7067462060028936,0.01721924702075075,0.015886464952461384,0.009068566909392858,-0.06944972094171205,0.03915255535776893,0.06656474378223373,-0.44987008037901643,1.147522918808832,3.224576894132331,-0.04788251408384084,0.05683857321357737,-0.04291412962806392,1.433358615563248,-1.3923674143029015,1.8034789907280282,0.12473579255981816,0.18005909940832812,-0.19406082225931606,-3.0,0.0,0.0,0.0,0.0,0.0,3.0,0.0,0.0,0.0,0.0,0.0,-0.07681052750526045,0.13749372130248452,0.08095771709362143,0.15597577636661927,0.23635476957262955,-0.32669765799740785,0.22377050107537755,0.00498784854001919,0.002778144093959922,0.005115761355796549,0.0049127216681757666,-0.00258082719951466,0.0025620325565166714,3.660040508880462e-05,-4.092769988910524,-1.1574626956936953,14.262835728714318,22.484354959726364,-2.265078029930815,-1.1508523389420255,0.5168404175293334,-1.352694861823904,-2.192209519326855,-14.22663647453282,18.815022862107188,-0.27222412221417913,-2.1997664651242834,0.1330979135114979,False,False,False,False,False,False,False,False,False,False,False,False,False,False,False,False,,,,,,,,,,,,,,,,,,,,,,,,,,,,-0.03572327388144487,0.04127998492815267,0.08595913147178713,-0.2962089037999869,0.32966906585597483,-0.13395900356194332,-0.0022137097327039135,0.004641895785937356,0.0012133071617485879,-0.004549719112264874,-0.0034682831430006824,0.013275544020988779
1.82,SQUEEZE_GRASP,-0.42008039548377757,0.2521767996485576,0.402441991988441,0.7069103904125564,-0.0041270796434904645,0.003655347712621485,0.7072816310165864,0.016028929646151446,0.01733363002182837,0.0002976366926250259,-0.050638916539718956,-0.015751192821202513,0.06069822099980726,-0.6706853276782945,0.08289784975746706,2.732251390114336,0.03485744407193037,0.028901215953812807,-0.06768737022382619,0.4746942523338855,-0.7731871077138339,2.6913380518365075,-0.008003856353270092,0.045483308073212436,-0.07065039557473063,-3.0,0.0,0.0,0.0,0.0,0.0,3.0,0.0,0.0,0.0,0.0,0.0,-0.023203938277172178,-0.012449201747345526,0.012201612016181015,0.07307796858075129,-0.02190993895234451,0.009049893181612086,0.005539043906046192,0.007180510844816449,0.0055201535909911266,0.0025851811205090916,0.0009311512760360498,0.0093240026550621,0.006631226276793635,-0.0024734146427192764,4.188718162013421,2.8641575888010546,12.151184750232858,10.457058835154879,-2.3687614679295614,-0.6500883581036401,-0.5848180235094541,0.10285532677292428,0.19430309805244717,-14.840962798144416,16.737822959200113,1.1204284271106368,-1.692324502901315,-0.35933153118386274,False,False,False,False,False,False,False,False,False,False,False,False,False,False,False,False,,,,,,,,,,,,,,,,,,,,,,,,,,,,0.0026726875309131416,0.03307719019329129,0.032422142777766914,0.04287498838160264,0.05449714482430478,-0.05835631418757999,-0.0030975303547368677,0.0037459902553693965,0.0004769049519821106,0.003242006680986742,0.001984961778032423,0.007838965809947123
1.84,SQUEEZE_GRASP,-0.4199349745726777,0.2523409620961204,0.4022477072990951,0.7067312378239445,-0.004220377372636518,0.003494136528518455,0.7074609083960662,0.0013084740720212206,0.0022223500811307424,-0.015564838140929873,-0.003179170777596424,-0.0024071253433767797,0.0047957291711770295,-0.7236596704065332,-0.19075530901209256,2.9746222602200687,0.011408043577364387,-0.01859498947266254,0.00046957670177366536,0.42893941900437677,-0.2180384789576152,3.138799984779095,0.0023421008913135886,-0.005677728988622946,-0.009575002741498848,-3.0,0.0,0.0,0.0,0.0,0.0,3.0,0.0,0.0,0.0,0.0,0.0,-0.01164420954522962,-0.00412377927676925,0.0004495452164597973,-0.0004533868743410519,0.007131146365616026,-0.0005706635643596158,-0.012744517559192207,0.005473082016599449,0.006072310943438806,-0.00028706786333944703,-0.006387808526330637,0.005243809353741564,0.004982024556826866,-0.002034831610495015,1.6534777171454418,5.36066072440091,17.38199306756437,14.488659890019617,-0.2197890465985648,-2.5065440976844977,-0.2528793169120206,-0.02175376692151499,-0.5434496421865334,-14.394727165426389,17.278169785922113,0.6173037357741524,-2.3420035355515756,-0.2528387170609623,False,False,False,False,False,False,False,False,False,False,False,False,False,False,False,False,,,,,,,,,,,,,,,,,,,,,,,,,,,,0.003037306417207378,0.0030689279455426172,0.0008223897700296336,0.0050071504828048535,0.004944057596165519,-0.013300798486439435,-0.0024814380259259292,-0.0002234910074128572,-0.0015506013375285958,-0.0009224004037478571,0.0040997773639401365,0.0011395711989702457
1.86,SQUEEZE_GRASP,-0.4199584061528395,0.25231446545052055,0.4018577364009552,0.7067957661670964,-0.0041651233293981405,0.0035301947557866103,0.7073965891923029,-0.00161009478236264,-0.003240781315042336,-0.02156325298347862,0.013282830465049232,-0.0010226695954149313,-0.01617029513814707,-0.6222788463466105,-0.29715533731701266,2.9081357767684635,0.01913565938370244,-0.045569610320672325,0.04166102215538713,0.5363101330807148,0.1930800830455864,3.473153375355411,-0.00034883690940367757,-0.03176227831302949,0.0193030134806317,-3.0,0.0,0.0,0.0,0.0,0.0,3.0,0.0,0.0,0.0,0.0,0.0,-0.006518482994095648,-0.002207254250989216,0.0005498317307934196,-0.02317471137610091,0.007268538005706005,-0.0009270059931228316,-0.010014204209466505,0.004189625873219959,0.004906600467685424,-0.0007747815985847766,-0.004703149858925256,0.004486969720988219,0.004863412238636256,-0.0020554470701205658,1.5728005697440268,5.478286922494717,17.3187259966046,16.333262190105287,-1.1374641649222847,-2.464632431339379,-0.28436944042806717,-0.12296481090203708,-0.5588367834490751,-14.321043408488435,18.492843340361055,0.6661105905890496,-2.343600147257703,-0.2594104785046388,False,False,False,False,False,False,False,False,False,False,False,False,False,False,False,False,,,,,,,,,,,,,,,,,,,,,,,,,,,,0.0025152592415416983,-0.0071210901309602375,-0.008048595358919048,-0.004212743822323117,-0.012143380072103352,0.006818016153650632,-0.0019099182303874336,-0.0001895795115414671,-0.001039410726678072,-0.0003627975627647044,0.003725158162541052,0.0007637853578991931
1.8800000000000001,SQUEEZE_GRASP,-0.41997693545515374,0.2522498185109064,0.4014327825857696,0.7069002059997705,-0.004072553741333918,0.0036329820298166005,0.7072922412306503,-0.00047319599463579906,-0.0027521987599702716,-0.0207156223321994,0.012759333035532805,0.000918846146089488,-0.012515943035358348,-0.6093709469498063,-0.10887311220666022,3.0244065581524153,0.012556285573021811,-0.03502413131099502,0.029259211626499918,0.5258159004923711,0.16801098139450257,3.418399667466056,0.0031664049706107023,-0.028794837927017997,0.015315183479264551,-3.0,0.0,0.0,0.0,0.0,0.0,3.0,0.0,0.0,0.0,0.0,0.0,-0.0028366107456621443,-0.0019185900860984224,0.0005096222856016292,-0.016544284685860913,0.0023474817533972003,0.000564971513408811,-0.0031058179007567126,0.002431496993299819,0.0033101542307976614,-0.0006339226306867595,-0.002731738276932538,0.0016005907409295792,0.002957114492012642,-0.0008523805647649191,1.337066337191446,5.265130295862826,17.340929246231564,17.661576403271738,-1.120612577264206,-2.3243451079835897,0.011096853696161917,-1.3484012785150001,-1.995401557928641,-14.302194806936903,19.702468018736,-0.18698866186444693,-2.2655656360871474,0.002755457036044063,False,False,False,False,False,False,False,False,False,False,False,False,False,False,False,False,,,,,,,,,,,,,,,,,,,,,,,,,,,,0.0014616697208537663,-0.005513027864688676,-0.005756562660636624,-0.00440907633534217,-0.009762769707162017,0.007402294763674473,-0.0011209496160567093,-0.00016830254253690752,-0.00047242698459636794,-0.0007313470598068072,0.001653997474793626,0.0007866772996220779
1.9000000000000001,SQUEEZE_GRASP,-0.41998298912305004,0.25220736540392463,0.4010287157861418,0.7069715109087429,-0.004000269757956183,0.0037163668106480916,0.707220947952619,-0.00019292108032225745,-0.0016705659465737015,-0.019459663883424003,0.010243648612059345,-0.0012092396234882079,-0.00805671668417496,-0.5993970719009728,-0.051053621105545614,3.03403205896622,0.007819017685978962,-0.02929336674459731,0.02139496986345268,0.48101046406498116,0.09260776234398137,3.319466480168104,-0.002716121795042652,-0.026088446846447667,0.008634870847026013,-3.0,0.0,0.0,0.0,0.0,0.0,3.0,0.0,0.0,0.0,0.0,0.0,-0.0011274619945609036,-0.0018080822462159044,0.0005146724565534339,-0.00996976655220133,0.0005557499734488145,0.0018057760734825595,-0.00041377480214530255,0.001442455789688188,0.0016359927270543151,-0.0005976562421865924,-0.0014587032346612796,0.0005004554207455816,0.0022028832143142518,-0.0004759171460626291,1.3339647506332162,5.2478484221797235,17.31390548089332,17.596434720829233,-1.1922866082648442,-2.3054311608270655,0.02659430022072503,-1.4444738145609215,-2.0330115832678946,-14.268939392698803,19.7207852472704,-0.2161203220187166,-2.2940475433070766,0.013465408939189839,False,False,False,False,False,False,False,False,False,False,False,False,False,False,False,False,,,,,,,,,,,,,,,,,,,,,,,,,,,,0.0008792171572971521,-0.0034571868477965167,-0.0034384239903425917,-0.003347192068978396,-0.00671058014109377,0.0050857737272047305,-0.0006392915662242155,-9.552760135896082e-05,-0.0003008428055429456,-0.0005136008294217034,0.0015031102204986766,0.0007530503295949762
1.92,SQUEEZE_GRASP,-0.4199839838082755,0.25218343134758103,0.400673643572239,0.7070092440840797,-0.003895782902685138,0.0037130912730990906,0.7071838266026949,-1.6221837904384385e-05,-0.0008676179888410613,-0.01654118086526438,0.005752889149059841,-0.010265109651867594,-0.0035754662854292803,-0.5800941639363577,0.006017586150504145,2.9456928302313385,-0.0027660284560618274,-0.02237661623097505,0.014409225676567383,0.43875700110260135,0.05846709036467112,3.1653475448679713,-0.015321612476027393,-0.018551947499001655,0.0025418981887123525,-3.0,0.0,0.0,0.0,0.0,0.0,3.0,0.0,0.0,0.0,0.0,0.0,0.00013629517134693808,-0.0007474047813393618,1.6524485173537298e-05,-0.005300775592609497,-0.00027109393374783933,0.001550754593968027,0.0006202676718646161,2.9697638031226157e-05,0.00021215514568190497,-0.0005955891277861714,5.603317810704846e-05,-0.00013576784877855722,0.0012768913462960201,-1.3679400233253287e-05,1.4271889965389906,5.26752677929801,17.32981466541208,17.56980192278451,-1.1798140674127686,-2.278150851536126,0.03707871131978884,-1.4044281305261206,-2.0753540104909516,-14.218953120212975,19.697968730974182,-0.2669534073508974,-2.3007997548335792,0.019829987291639036,False,False,False,False,False,False,False,False,False,False,False,False,False,False,False,False,,,,,,,,,,,,,,,,,,,,,,,,,,,,0.0003604908743625509,-0.001966546303500748,-0.002004190393729923,-0.0022133721130175345,-0.004458304184784726,0.003323532226424998,-3.526346631889766e-05,-6.973010440928729e-05,6.134965614449473e-05,0.0002711526493271501,0.0008384303676720734,0.00015446579610190096
1.94,SQUEEZE_GRASP,-0.41998419924544317,0.25216785842409734,0.4003735173403658,0.7070291264846779,-0.003765306418431341,0.0036489295483142204,0.7071649892938985,-5.0163730679634853e-05,-0.0007310869959045434,-0.013481722666879487,0.003572394503708105,-0.01713794173726259,-0.0020281033817762767,-0.5590454960884442,0.05306327127835373,2.8068601002086058,-0.013721094221137016,-0.020596489848797323,0.012024069852270693,0.4092242848016186,0.07510301092411806,2.97467094442428,-0.027857529212426527,-0.014314761160060537,0.0013026036469815146,-3.0,0.0,0.0,0.0,0.0,0.0,3.0,0.0,0.0,0.0,0.0,0.0,0.0007340249553279779,-0.00013586527342942335,6.139080923381801e-05,-0.0030520860513261927,-0.00016322465846522834,0.0011351792462952694,0.0006225988842257061,-0.0006260669380448709,-0.0010049882084671967,-0.00020380536692330106,0.0008249326673224294,-0.0020807296750311667,0.0005453074744193931,0.0004291957799446421,1.574612779697644,5.388008594641003,17.268301689177395,17.593688781626415,-1.1803241290727704,-2.279567836105191,0.053646559454162496,-1.5411936187276642,-2.2166379983258224,-14.214018510283951,19.731753083725188,-0.22336874841603535,-2.338550167082016,0.03656878216254464,False,False,False,False,False,False,False,False,False,False,False,False,False,False,False,False,,,,,,,,,,,,,,,,,,,,,,,,,,,,4.270807819459653e-05,-0.0013422373186513647,-0.001231518828965337,-0.001400670290767665,-0.003070901352917426,0.002539267892046085,0.00024850284027373617,8.06972246441004e-06,5.233006533373412e-05,-0.0007470758640306935,0.0005485837233211293,0.0007743244705351738
1.96,SQUEEZE_GRASP,-0.4199851787557445,0.25215228017537306,0.400139884830072,0.707039704607046,-0.0035987631076469673,0.0035193816067777242,0.7071559368105323,-4.81772500557345e-05,-0.0008612961895087501,-0.010239914710429288,0.0018395101877936833,-0.023806391508224587,-0.0008331799789321433,-0.5500372054809222,0.13985760177860296,2.686262229834969,-0.023472955787622204,-0.01959799736856022,0.008389827323616261,0.3963556562950165,0.099486512158904,2.7475633130006742,-0.03989834567710588,-0.006735440069961607,0.002018867208790425,-3.0,0.0,0.0,0.0,0.0,0.0,3.0,0.0,0.0,0.0,0.0,0.0,0.0013564971292212107,0.0010735949449659624,-0.000290210983577727,-0.0013858183928379952,7.798184385965073e-05,0.0005488407445014838,0.0003862117990919158,-0.001160856255589231,-0.002890814322459443,-0.00025639739418623954,0.0013696796395588952,-0.003927022714207199,-0.00012054504889975749,0.0008426313376410158,1.7458411378418082,6.731811500735819,17.261803316321686,18.809051205186925,-1.1231156551064778,-2.2992112990360134,0.05509538043668906,-1.6923945174504946,-3.5134430071387204,-14.150904345535777,19.790915903165576,-1.064110369735979,-2.3790349404125894,0.05356114721586925,False,False,False,False,False,False,False,False,False,False,False,False,False,False,False,False,,,,,,,,,,,,,,,,,,,,,,,,,,,,-0.00025517377337953124,-0.0008739901323145281,-0.0008896619889559586,-0.00076824488669968,-0.002572018616714153,0.0019185817617972092,0.0005995187215393656,-7.372548249714089e-05,-0.00011933613307562632,-0.0013384464574027308,0.001083360392920403,0.001064211471514897
1.98,SQUEEZE_GRASP,-0.4199865293592389,0.25213510782609355,0.3999582257322211,0.7070443102574395,-0.003407337733192007,0.0033437466132828306,0.7071531324548735,-8.502895463903152e-05,-0.0008792703381466642,-0.008285190748554364,0.000533569535454712,-0.02716634753254895,-0.0003398449080347368,-0.5501173471203546,0.16014811602681214,2.6094083712730245,-0.028086596708426025,-0.019792486613594285,0.00777654827155922,0.3859831377789164,0.15020079031611458,2.610741174024637,-0.04729110122476168,-0.0017017480377574605,0.0041845450280023596,-3.0,0.0,0.0,0.0,0.0,0.0,3.0,0.0,0.0,0.0,0.0,0.0,0.0018604023171291243,0.002646579501284427,-0.0004860287982314277,-4.982878564770913e-05,0.001076704704366572,0.00012981591502785858,0.0001675390976150179,-0.001732487249747424,-0.0049008395618102395,0.00048489189195436826,0.0017949586116615408,-0.005072369310374383,-0.0006906914752173253,0.0012764237185024388,1.8649437988401358,6.75915820329211,17.258799221957986,18.83213898920391,-1.1293710884257795,-2.3287829321762814,0.05173358827676068,-1.8141791525495103,-3.40916799743625,-12.992766359227494,19.839058475161774,-1.0754382325209524,-2.404119417814345,0.0550548378575421,False,False,False,False,False,False,False,False,False,False,False,False,False,False,False,False,,,,,,,,,,,,,,,,,,,,,,,,,,,,-0.0005382489608244486,-0.0005609498139153533,-0.0007358258709863195,-0.0007305632989479175,-0.002706462558136712,0.0011823741755817986,0.0008259379009396655,1.2809531193532686e-05,-0.0005530229196076484,-0.0018704864067228533,0.0021438109211602495,0.0015290356551027966
2.0,SQUEEZE_GRASP,-0.41998792566091725,0.25211770347926443,0.3998052064094385,0.7070447189177327,-0.0032044783423124143,0.0031459405828139736,0.7071545798670522,-4.586280142594358e-05,-0.0008425690416327999,-0.007281363731490714,0.0003302228365308338,-0.02889259749596915,0.00044217092783031565,-0.5647454138910716,0.22067280019577767,2.5193935552803763,-0.03479256197822357,-0.02316274948365712,0.004950202284804333,0.4192071064414202,0.09742857456524312,2.597078155202584,-0.05036160184462349,-0.0012047388045387508,0.0011220412026376515,-3.0,0.0,0.0,0.0,0.0,0.0,3.0,0.0,0.0,0.0,0.0,0.0,0.0023575550083156475,0.00399113175028671,-0.0011703879903412454,0.001197798479024433,0.0015906900696584744,-0.00026590726688688023,-0.00014083844216660472,-0.0020933815962004606,-0.006144381469184706,0.00017972199374849298,0.0020724275624524843,-0.006207206382013787,-0.0010064375564248966,0.002923400001511415,1.9455182444038401,6.734635012995284,16.101660694848697,18.827182860212936,-1.1075172609713586,-2.3587937098813683,0.05107228232697006,-1.9355589507721893,-3.4637268400145556,-14.19001394575183,19.90637743890287,-1.1081460603501734,-2.437144490082047,0.0023707628881933195,False,False,False,False,False,False,False,False,False,False,False,False,False,False,False,False,,,,,,,,,,,,,,,,,,,,,,,,,,,,-0.0007343219190770807,-0.00014122477477397083,-0.0006916169169875729,-0.0006165249155374291,-0.002866765211038163,0.000364305206492761,0.0010877497636209105,-0.00013448077071749164,-0.0006521330004363341,-0.000650758642848393,0.0026394043815491743,0.0014862361185658726
2.02,SQUEEZE_GRASP,-0.4199890583580098,0.2521005403455341,0.3996680909740924,0.707042906103868,-0.002994306795339428,0.002939158935260341,0.7071582032330288,-6.819952420262094e-05,-0.0008551493093060771,-0.006555757435399021,0.00011627724942292163,-0.029598769520103957,0.00034464901048829154,-0.6061091713714208,0.18038799009298417,2.5147792813132916,-0.03873599804237414,-0.024009848446861184,0.005804990520293063,0.4342600196919407,0.1486989993034677,2.5373346651626547,-0.055138672851845184,0.0017593570859758512,0.0038137852060011594,-3.0,0.0,0.0,0.0,0.0,0.0,3.0,0.0,0.0,0.0,0.0,0.0,0.002565198548011064,0.0049968545395262754,-0.0005870329665344509,0.0017183584397991206,0.0034715715281224864,-0.000539352171735394,-0.0003496533777467141,-0.002493901062620935,-0.007013821645075473,0.0005373727525072653,0.0022915404127322398,-0.006638438580387632,-0.0012868390225498256,0.001859833091548681,2.028626261830113,6.74596840472724,17.257353907933652,18.860022222412727,-0.2933656176126098,-2.38864866725963,0.04500647361511698,-2.0193941728158604,-3.416626330311221,-12.988082084000778,19.955812835024897,-1.0975822889442983,-2.4560979437074346,0.04645963872412412,False,False,False,False,False,False,False,False,False,False,False,False,False,False,False,False,,,,,,,,,,,,,,,,,,,,,,,,,,,,-0.0009696694403684338,-0.00024485778847359204,-0.0005455119046134902,-0.0012515300322459288,-0.0028988577019248654,-3.8108092754711556e-06,0.0012227114215594091,-0.00012208360901844976,-0.0008294177475655668,-0.0020866586870465723,0.0030592584401662884,0.0015428697139866201
2.04,SQUEEZE_GRASP,-0.419989757129642,0.252082999919053,0.3995432657402844,0.7070400131694167,-0.0027770646709740945,0.002727187408844169,0.7071628314172358,-2.613822780808484e-05,-0.0009206485276199618,-0.005944690927545866,0.00032351315092616674,-0.030597989444166997,0.0006178783028056019,-0.6506350443907944,0.19852958408350577,2.4796719899690305,-0.03828069243494311,-0.028052258616522538,0.0075415026829691945,0.4884954002825831,0.11082860855038287,2.550658309874797,-0.05934478424287602,0.0023341306924459203,0.0006722750040999265,-3.0,0.0,0.0,0.0,0.0,0.0,3.0,0.0,0.0,0.0,0.0,0.0,0.002838661563411445,0.0058285451216990546,-0.0005872131620849378,0.0019325007473039767,0.0032533654745203634,-0.0008354751079126087,-0.0004947965024477535,-0.0027297824717689976,-0.0077912556438774535,1.0686115460139482e-05,0.0024868386269680186,-0.007100016760575128,-0.0014576567199333797,0.0016980353874325297,2.1107331803188867,6.7509778827159534,17.254886188337466,18.90808640338923,-1.1208628068105984,-2.4176812043286957,0.03881460051768417,-2.1027841550462516,-3.411394968300436,-14.165812458541872,20.015227662181537,-1.1103715051419687,-2.477730796169357,0.0549573296795018,False,False,False,False,False,False,False,False,False,False,False,False,False,False,False,False,,,,,,,,,,,,,,,,,,,,,,,,,,,,-0.0011221242719230025,-0.0002649554174468204,-0.0006058041406019566,-0.0005809991801181375,-0.003272933870088598,0.0002820180789391064,0.0014416306725716754,-0.00028916459029894813,-0.0008083335519983181,-0.002045419744087506,0.0033678610662432316,0.0011948621634304617
2.06,SQUEEZE_GRASP,-0.41999004559865094,0.25206511870384063,0.39942894820157354,0.7070365232429034,-0.002555778931818753,0.002511708406095195,0.7071679532582922,-2.3690580983585455e-05,-0.0009120200901261798,-0.005486818640022762,0.00018402932201795028,-0.031463401751626825,0.0006119515269949747,-0.7001627631445214,0.202519393461804,2.459682356264023,-0.041809032742581034,-0.030702674834020158,0.008662881435434424,0.522278654238056,0.1650541986112221,2.502780861843572,-0.05671314320568549,0.005215797620547562,0.002866019329941098,-3.0,0.0,0.0,0.0,0.0,0.0,3.0,0.0,0.0,0.0,0.0,0.0,0.00307816149210057,0.006523358987840467,-0.0005642553775335435,0.0021131141892150604,0.0036150858470331685,-0.0010888197654034,-0.0006160971630575792,-0.0030638794224720615,-0.008290467118652054,0.00043446688250754084,0.0026752374155516435,-0.007588362785026209,-0.0016771066579589105,0.004210284554469194,2.183753540064035,6.757715048674816,17.252342792487912,18.959328934861784,-1.1082948134797415,-2.444221954986592,0.034107741117415546,-2.1879577362407145,-3.4221982186035853,-12.976022175356386,20.073695761434006,-1.1092297691227027,-2.5010055516804517,0.30614949070534947,False,False,False,False,False,False,False,False,False,False,False,False,False,False,False,False,,,,,,,,,,,,,,,,,,,,,,,,,,,,-0.0012557515981090038,-0.00031075384172515386,-0.0006542132071274627,-0.0005098502780788193,-0.0035273889045378164,0.00035477196285387056,0.0015183905728292802,-0.00024386957505694273,-0.000929055818972174,-9.237253975927923e-05,0.0034983636757386027,0.0013853953472226228
2.08,SQUEEZE_GRASP,-0.4199897204435834,0.25204722177711847,0.39932425868588867,0.7070324432244783,-0.002333922188807426,0.0022961198626581885,0.7071735323587968,2.8477603878915736e-05,-0.0009383393553936229,-0.004942980463436113,0.00045334124577825366,-0.030632346838269847,0.0008566195145893429,-0.7616581379845117,0.2046260833714037,2.426329179594445,-0.04184354652908567,-0.035591256986080934,0.008694226750854408,0.5961765928047383,0.13010894435376386,2.501376245050247,-0.05590105066119014,0.0054034396769224585,-0.00015913482746832505,-3.0,0.0,0.0,0.0,0.0,0.0,3.0,0.0,0.0,0.0,0.0,0.0,0.0032859529252530495,0.007053625949876323,-0.0005449383943993298,0.0022844603867840994,0.0040056544212637,-0.001317166356105553,-0.0006954100603568635,-0.003234953835236062,-0.008703121681351681,0.00011245350839387056,0.0028507580935030175,-0.007990076148086207,-0.0018114587869165798,0.0041024502407169365,2.254192904945804,6.767195593788235,17.251498588018045,19.01054452857369,-1.1065302089320472,-2.469930247205351,0.030477192645436836,-2.264103668209087,-3.4581434531690975,-14.188646304557016,20.135573362021642,-1.1316947606658516,-2.523582860635605,0.3079207600592301,False,False,False,False,False,False,False,False,False,False,False,False,False,False,False,False,,,,,,,,,,,,,,,,,,,,,,,,,,,,-0.001368584522730593,-0.00034662899869262055,-0.0006751592921114171,-0.0005638659795628241,-0.0036546783749321203,0.0003826562242028262,0.0016604229483385036,-0.0003377667508726396,-0.0008756208917627974,-0.00017318447554063015,0.0035388082221231524,0.0012181805807322391
2.1,SQUEEZE_GRASP,-0.4199893249260005,0.25202840621647754,0.39923707572860606,0.7070297722521298,-0.0021460843670576884,0.002113450356863322,0.7071773672838949,2.3275303116620776e-05,-0.0009525849169018736,-0.0039550133664912985,0.00023397550324770307,-0.024893529036240078,0.0004091520926136424,-0.8246573192607338,0.1854562353727772,2.357334714744422,-0.036553578002278604,-0.039259840667550956,0.010778477417149622,0.6710207884614493,0.12276008428526511,2.4450358649122266,-0.061157671971457515,0.008548930278455808,-0.0007920442131829641,-3.0,0.0,0.0,0.0,0.0,0.0,3.0,0.0,0.0,0.0,0.0,0.0,0.003465207785834613,0.007396888296199368,-0.0005172081962502085,0.0025011624139997185,0.004406617484223043,-0.0015644897432924875,-0.0006889987262241192,-0.003385390816031661,-0.008830810234799102,-0.00014816865907890425,0.0031041746746071647,-0.007724508177343785,-0.001966257277515262,0.0014360813349315147,2.3158074917847116,6.783673696343952,17.248793961299864,19.055368977006403,-1.1160077463404543,-2.489943677860992,0.025523289254688518,-2.3061114771723044,-3.432867333098972,-14.148457125101134,20.172348995269385,-1.1106164067041278,-2.532612555914067,0.05691814141575015,False,False,False,False,False,False,False,False,False,False,False,False,False,False,False,False,,,,,,,,,,,,,,,,,,,,,,,,,,,,-0.0014678526276416743,-0.0003560565843842449,-0.0006348798510569176,-0.0007509948564912113,-0.003552186280452981,0.0003574627377327618,0.0017748905939307938,-0.00036451387902938055,-0.0007263494790525581,-0.00228931614387509,0.0033426590782605174,0.0008731304547210283
2.12,SQUEEZE_GRASP,-0.41998832712572265,0.25201121405390564,0.3991637935563474,0.7070283565039114,-0.0019739493877659006,0.0019462430639234313,0.7071797641060784,5.5791134321080024e-05,-0.0008028786009681935,-0.0033705443253059424,0.0001876383514459571,-0.023123984772239533,0.0001239111624954469,-0.8986755677291547,0.15976701237499583,2.3153116479133127,-0.03404215127042829,-0.04316500221619274,0.012577594541973982,0.7458723008507189,0.19207676760976947,2.3742683048309807,-0.06289980284025261,0.011532427268509641,0.002374370134651082,-3.0,0.0,0.0,0.0,0.0,0.0,3.0,0.0,0.0,0.0,0.0,0.0,0.003590202352131097,0.007602145149776225,-0.0005017210875733274,0.002689313183937353,0.004554689816543104,-0.0017581453458356544,-0.0007117430117453118,-0.0035809994288004527,-0.008836360609886984,0.00037826982654274037,0.0036004145560388167,-0.007698414588137667,-0.002122012265048368,0.0014499755327808807,2.3684824663400024,6.800563298592259,17.247727150179934,19.095249530435975,-1.1147201536742173,-2.5086278141244893,0.022652002189454852,-2.354808146096664,-3.448746578446526,-12.978117455392645,20.194765637739927,-1.1033159874310576,-2.5494051556983917,0.05303674153518746,False,False,False,False,False,False,False,False,False,False,False,False,False,False,False,False,,,,,,,,,,,,,,,,,,,,,,,,,,,,-0.001537967720623402,-0.0003428431998414437,-0.0005828319896682857,-0.0007335450254948241,-0.0034139369415345966,0.00036509313777360495,0.0017791214862837377,-0.00012209005779061872,-0.0006267808727560648,-0.0024293411749350393,0.0029285049418863946,0.001256844393757113
2.14,SQUEEZE_GRASP,-0.41998614736830003,0.25199647729592234,0.39910303964449556,0.707028224191563,-0.0018128080093586952,0.0017924425959323915,0.7071807343764303,0.00012574648422833393,-0.0006917236540209832,-0.002726911983635274,0.00044529468777207415,-0.02132876302485206,-1.2602075302754076e-05,-0.9842956524580676,0.15571510134747243,2.254290466814569,-0.03345422291207097,-0.049053562270899,0.012952027702979546,0.8574889001484954,0.15188975856509399,2.380895603285892,-0.060730355319169024,0.011437217752260885,0.0006118284473846775,-3.0,0.0,0.0,0.0,0.0,0.0,3.0,0.0,0.0,0.0,0.0,0.0,0.0036789877337133525,0.0076992570273639776,-0.0004887165978520707,0.0028676191660567465,0.004686016747354556,-0.0019401989598147515,-0.0007312503387672675,-0.0035975862485561716,-0.008808863236577365,7.808113909326466e-05,0.004181281742700908,-0.007847786487636932,-0.0022064263216268767,0.0015287478690811044,2.4199131132856397,6.82572772203924,17.246623901656058,19.131341947330014,-1.1156907755268146,-2.5275220121794097,0.01919379916320486,-2.395475730825696,-3.4940620773976914,-14.190995969395404,20.19674408127241,-1.121448499252366,-2.569529203252463,0.05256132599374579,False,False,False,False,False,False,False,False,False,False,False,False,False,False,False,False,,,,,,,,,,,,,,,,,,,,,,,,,,,,-0.0015909296123180182,-0.0003186090358139526,-0.000513239404838727,-0.000742049693252661,-0.003192874202322216,0.00034437729755517303,0.0018675189205758786,-7.884381718710232e-06,-0.0003092713081898426,-0.0020453985738837547,0.002335019749495543,0.0014004168694095732
2.16,SQUEEZE_GRASP,-0.4199827391562962,0.2519843413331301,0.3990544483788041,0.7070293636140825,-0.0016649055661715534,0.001653530687935361,0.7071802973168773,0.00019461722663835417,-0.0005787895378817153,-0.0021163346201249576,0.000557787853617702,-0.01928648453714038,-0.00013356118035929386,-1.071358260085055,0.14318529527533214,2.2008966785815236,-0.03152541189741956,-0.054089764404612634,0.013614995807859806,0.9618261831665992,0.1550944544694821,2.3427721929020184,-0.057417411047009495,0.012613295775512023,0.000290427348364372,-3.0,0.0,0.0,0.0,0.0,0.0,3.0,0.0,0.0,0.0,0.0,0.0,0.003744361008869644,0.007741849206285739,-0.0004835052876897523,0.0031009469999040353,0.004808307646568651,-0.0021071023307927426,-0.0007464374699400917,-0.003575065321023816,-0.00856986643504298,-0.0001402982834484109,0.004597490425342985,-0.007649926718344054,-0.0022964433833836855,0.0015131991295221352,2.4583333443236715,6.837357738739782,17.24749584831551,19.155068892943653,-1.1223368886532339,-2.543212199322648,0.016087599196694537,-2.402168485925967,-3.4614695197401457,-14.153824980346721,20.170859185738735,-1.1044963547282678,-2.580289342129619,0.05336361618624157,False,False,False,False,False,False,False,False,False,False,False,False,False,False,False,False,,,,,,,,,,,,,,,,,,,,,,,,,,,,-0.0016347169572196861,-0.00026283953503537544,-0.0004150702357383066,-0.000752015239021679,-0.0028994417671345265,0.00025868251096694604,0.001911338131052104,9.206648455085095e-05,-2.1066266475273e-05,-0.0016134101678268967,0.001713981440387747,0.001396082722504784
2.18,SQUEEZE_GRASP,-0.41997823239979665,0.25197509699331705,0.39901738999432296,0.7070312842107817,-0.0015337670757970283,0.0015299412619661059,0.7071789518824401,0.00023010716207233674,-0.00039828922727036954,-0.0015907322035995902,0.00024226593779253772,-0.016886142400964053,-0.0003355671222533092,-1.1573232926117472,0.11679229899845149,2.163332850131856,-0.027141510952585483,-0.05766348499259643,0.014452343631130739,1.0616188323101599,0.21835760199691845,2.251033569092672,-0.05537363949332195,0.01606186517378435,0.003920923440601207,-3.0,0.0,0.0,0.0,0.0,0.0,3.0,0.0,0.0,0.0,0.0,0.0,0.0037994629496276547,0.007822622250405292,-0.0004937158378369596,0.003519376514015929,0.004949800295651605,-0.002271487434536503,-0.0007715835514079809,-0.0036309291868415056,-0.008296662557548547,0.00042104183655921007,0.004943883356945515,-0.00773363534678138,-0.0024670704458935955,0.002169363872257576,2.4982102675334508,6.858857402156753,17.24560599808521,19.162901169217488,-1.125139714457259,-2.5628757448194186,0.010320488334384911,-2.4324347086047258,-3.4950232580135148,-12.981088888701995,20.15133808355903,-1.0889095099005994,-2.6002572530005374,0.03362849303341094,False,False,False,False,False,False,False,False,False,False,False,False,False,False,False,False,,,,,,,,,,,,,,,,,,,,,,,,,,,,-0.001683530538290737,-0.0001321110262969978,-0.000260061352409813,-0.0007122177302104395,-0.0025194254640527724,2.455696696887932e-05,0.0018507324618491053,0.0003345124986464749,7.968475446042025e-05,-0.0013512542454135216,0.0011080807334288415,0.001897872013547348
2.2,SQUEEZE_GRASP,-0.41997269922749936,0.25196882534586595,0.39899120974322055,0.7070333566994035,-0.0014206507795985624,0.0014213120743797765,0.7071773427774146,0.0002904366668419035,-0.0002766731257061663,-0.0010670727393478113,7.85381718910987e-05,-0.014874121312456613,-0.0002606030519889151,-1.2481642741403136,0.12642653328142806,2.1180744326620653,-0.02559090028088493,-0.06262949094360429,0.012887834417061797,1.1944621404326285,0.1551629379779724,2.2433858162576237,-0.05120358699347868,0.016357129175283192,0.0017730360314499277,-3.0,0.0,0.0,0.0,0.0,0.0,3.0,0.0,0.0,0.0,0.0,0.0,0.0038574926810207954,0.00799268760188734,-0.0005092943575408206,0.004127436067365338,0.0051655392265491885,-0.0024623396272208903,-0.0008438290180368303,-0.0035332376900014087,-0.008087698492332093,0.00016426317494555739,0.005162470408598194,-0.008011258109011777,-0.002569250234900742,0.002914171287972137,2.541583421717513,6.885638792876021,17.242265803451676,19.151626682183085,-1.1233591172856086,-2.589077024373208,0.00032139764621464187,-2.4611467112794037,-3.5599009215309785,-14.19196441025071,20.13343396320967,-1.1153577199590716,-2.6225401957505214,0.015646816584552692,False,False,False,False,False,False,False,False,False,False,False,False,False,False,False,False,,,,,,,,,,,,,,,,,,,,,,,,,,,,-0.0017478334152748495,6.488485395273467e-05,-5.1938346500103996e-05,-0.0006121821599704229,-0.0020629119824700846,-0.00035324027032433936,0.001874756515270659,0.000366978576906857,0.00028662812147836364,-0.0006278404752348928,0.0005666715240114146,0.0020252491254641593
2.22,SQUEEZE_GRASP,-0.41996622502323067,0.2519648930683134,0.3989737118413327,0.7070355394190592,-0.001322537486926683,0.0013240702678342117,0.7071755395451141,0.00033884609574095473,-0.00018875603004266832,-0.0006743904158462183,-0.00010860220047266409,-0.013137272895918041,-0.00023321969178452005,-1.3397274550993639,0.12597327366085653,2.0883540653433794,-0.02354148630548645,-0.06684688001069612,0.011891342659902014,1.3117327721953107,0.14022456954997767,2.20472453422891,-0.047373873823846266,0.018030735545818844,0.0008459968960000676,-3.0,0.0,0.0,0.0,0.0,0.0,3.0,0.0,0.0,0.0,0.0,0.0,0.0038986402841915567,0.008153257062882332,-0.0005337167752209811,0.004604852439000465,0.005472404166047243,-0.002666764166339828,-0.0011387278384791372,-0.0034330186276262465,-0.0077874299718195894,-1.0237004488689602e-05,0.005181206528715351,-0.00786756576040934,-0.002659882519717421,0.00303457960311842,2.574195627839292,6.893396180701039,17.24055443333167,19.13037052622916,-1.1275653963235288,-2.6134264633590476,-0.0010968243006313771,-2.4630211177833456,-3.5341852421903903,-14.152863357784067,20.099427476199587,-1.0983640619558137,-2.6338607907551044,0.016429432314553207,False,False,False,False,False,False,False,False,False,False,False,False,False,False,False,False,,,,,,,,,,,,,,,,,,,,,,,,,,,,-0.0018021086416054209,0.0002162336243997139,0.0001075908829124189,-0.000424496413482566,-0.001667244874260731,-0.0006937152667956979,0.001867582059717129,0.00036262791439807865,0.00041891013282232886,-0.00030950877748309527,0.00016935873721086902,0.0019241589127565874
2.24,SQUEEZE_GRASP,-0.41995917178436,0.25196272160378,0.39896218336239964,0.7070380147790788,-0.0012377414198233476,0.0012360355805620157,0.7071733775174802,0.0003448794526298332,-7.815304782661595e-05,-0.0004693409904217358,-0.0005514238920032233,-0.011460693487580059,-0.0004030719194408612,-1.4333722802381885,0.10274761813487346,2.077725219794738,-0.019331798234428252,-0.07015098260792549,0.011869918778332532,1.4190870223139924,0.19639701970432433,2.126634509031546,-0.047023702579511925,0.021995983527939713,0.004490594400414515,-3.0,0.0,0.0,0.0,0.0,0.0,3.0,0.0,0.0,0.0,0.0,0.0,0.00391491849039022,0.008276838060191544,-0.0005762342296805668,0.004887862005118804,0.0057702969364087356,-0.0028604620198414087,-0.001865724183171775,-0.0034476036905281876,-0.007535533899140265,0.0005868776193086407,0.005126819306918872,-0.007933653600114238,-0.0028075110824811516,0.003009731901746861,2.6092989957163786,6.911279750804436,17.238320281109203,19.113066068276986,-1.127502026318071,-2.6394904525298104,0.014738117946216144,-2.4927693016319994,-3.565203189398027,-12.97966397699236,20.082733855369383,-1.0833252646219482,-2.653129683098951,0.026353646115656527,False,False,False,False,False,False,False,False,False,False,False,False,False,False,False,False,,,,,,,,,,,,,,,,,,,,,,,,,,,,-0.0018367110403546163,0.0003076773725885222,0.0001961864760518403,0.0001184923778042564,-0.0013830599651324322,-0.0009370847650915473,0.0017693177508524823,0.0004880477772027905,0.0003417397482214983,-0.00089182975377181,-9.593309030949157e-05,0.002265235508424097
2.2600000000000002,SQUEEZE_GRASP,-0.41995171571092815,0.25196167927524327,0.3989545895252641,0.7070407021397859,-0.0011647500332289719,0.0011563129136022837,0.7071709494991181,0.0003707156686581479,-4.8426624274442064e-05,-0.00028998951034705524,-0.0007069130802347724,-0.010083345525185677,-0.0003791370763523733,-1.5353250384891695,0.10792768864706768,2.0481187941950894,-0.018368524371395526,-0.07576278306941787,0.010244479650437396,1.557607647757505,0.12148553061209993,2.1448874027428664,-0.04543766771829124,0.02208297327075688,0.00197942577736229,-3.0,0.0,0.0,0.0,0.0,0.0,3.0,0.0,0.0,0.0,0.0,0.0,0.003922870476718795,0.008372747993573204,-0.0006178076762143854,0.0050216336235347995,0.006094701679128962,-0.0030505712067946267,-0.0021965393545962265,-0.003330836997383991,-0.0073826560120235805,0.000355010248099376,0.004986196598830369,-0.00813955162715077,-0.0028627705196368797,0.0024584666345051293,2.6465434882379113,6.931803018376583,17.23796826967447,19.100267717835283,-1.1295133734122713,-2.6668464385186885,0.013155156198489958,-2.5227894104405717,-3.6221917297516484,-14.192059629075949,20.076107825373064,-1.1136092728709213,-2.6729793164613316,0.05976668823827629,False,False,False,False,False,False,False,False,False,False,False,False,False,False,False,False,,,,,,,,,,,,,,,,,,,,,,,,,,,,-0.0018613109075142327,0.00034496246542103633,0.0002342437535447416,0.0001866058829273179,-0.0011787571892779723,-0.001105305030529396,0.0017652968496073011,0.00041009452153063965,0.00037909621735397075,-0.0015484631630833523,-0.0002624122983071667,0.0022124559802624805
2.2800000000000002,SQUEEZE_GRASP,-0.4199440038934454,0.2519611423098681,0.39894945088284123,0.7070436135855804,-0.0011007239419544102,0.0010822888099350947,0.7071682582989565,0.00037760850371292373,-7.172742504349174e-05,-0.0001696134722197948,-0.0008723280959347582,-0.009653527820719519,-0.0003832976957551574,-1.6487602160353843,0.09753202922583235,2.0355330146545985,-0.011295028051118547,-0.07952067789342454,0.010345719766307849,1.6791454961428147,0.1126026568218981,2.124844213129968,-0.04421480475404574,0.023909862343979467,0.0009036443570790935,-3.0,0.0,0.0,0.0,0.0,0.0,3.0,0.0,0.0,0.0,0.0,0.0,0.003925563908723147,0.008427828904014587,-0.0006602068735226999,0.005034053949276612,0.006331680509522855,-0.0032217751884089005,-0.003482613296263687,-0.0032238692027638416,-0.0071254356258468945,0.00019227961692686786,0.004722212770848107,-0.007837444706361212,-0.002898787041496629,0.00337376823708554,2.674479255540645,6.937287761314691,17.23967321470425,19.08902052146433,-1.1302499965188686,-2.6894402704160196,-0.26029956026544737,-2.5229576064357992,-3.588177814085789,-14.160131417661015,20.056328499060843,-1.0929526348024041,-2.6806816623450684,0.02610502459424378,False,False,False,False,False,False,False,False,False,False,False,False,False,False,False,False,,,,,,,,,,,,,,,,,,,,,,,,,,,,-0.001875433528385561,0.00034312878539486617,0.00023390127253209464,0.0012406648125059907,-0.0010391127852778174,-0.001162376226024702,0.0017376822447927828,0.0003173787848245894,0.0003787163307501305,-0.0004050537254258737,-0.000337972134761609,0.001915119378711923
2.3000000000000003,SQUEEZE_GRASP,-0.4199367883875069,0.25196084483140196,0.3989457444116545,0.70704692749828,-0.0010455005143534437,0.0010138544224465916,0.7071651301804454,0.00034160568739754625,-1.916439380526067e-05,-0.00015654358466321458,-0.0012096153152796692,-0.00849544222284408,-0.0004945324250196191,-1.752225279889153,0.08672048821723671,2.033547902059483,-0.019006650963400255,-0.0818821399325825,0.01060486015514994,1.787668407388384,0.16860096540341718,2.0611601484904307,-0.029956050464793743,0.027135252677339,0.005451054693883641,-3.0,0.0,0.0,0.0,0.0,0.0,3.0,0.0,0.0,0.0,0.0,0.0,0.003858362525868085,0.008209830596271738,-0.0006883376040469618,0.004865077077298859,0.00630478141749515,-0.0033068692058188525,-0.0024449242251346356,-0.003233088323711718,-0.006850430937965902,0.0007954781007308491,0.004489637831137721,-0.008028611589296434,-0.0029739772856006803,0.004625677041536113,2.689844935696564,6.946757280241032,17.246925645722904,19.080849920201292,-1.1283424824373147,-2.7053460263936193,0.002980429356758605,-2.55118019086145,-3.611926969871415,-12.992297506639234,20.05332110887519,-1.085916150305473,-2.6941952108045952,0.31671723868368007,False,False,False,False,False,False,False,False,False,False,False,False,False,False,False,False,,,,,,,,,,,,,,,,,,,,,,,,,,,,-0.0018428550002369873,0.0003091524213567299,0.00021997785463938639,8.732727730912868e-05,-0.0008809063663701978,-0.001117775718297509,0.0016197426205550097,0.00038457689743755615,0.00022444728984793595,9.840160771530486e-05,-0.0004500525109043986,0.002240041595565651
2.32,SQUEEZE_GRASP,-0.41992945303767615,0.2519605357122487,0.39894292640730306,0.7070504383536148,-0.0009964980633378642,0.0009500895318865482,0.707161779188788,0.00036250696099607657,-3.987067142372343e-05,-9.66841482401696e-05,-0.001208263014862408,-0.00768157886730824,-0.0005019967754243937,-1.857316196669883,0.08312647732394508,2.0103938579841203,-0.015332978048214953,-0.08668806743564446,0.010017670004763142,1.9241797372265772,0.08509923393911208,2.0913499219551843,-0.03941925981709522,0.026925989720092348,0.0007613417030624067,-3.0,0.0,0.0,0.0,0.0,0.0,3.0,0.0,0.0,0.0,0.0,0.0,0.003845655715242032,0.008158620382961446,-0.0007381974891667688,0.004786230193324977,0.006616501220361021,-0.00343810485572063,-0.0034958308269836063,-0.003119595646209928,-0.006661373326034815,0.0005463850388962501,0.0042456890403187635,-0.007660257207304921,-0.002959358232388242,0.0031529675143981096,2.7132561963824506,6.942014698354111,17.254389915720875,19.07286080516115,-1.1499066380919893,-2.7204039198096988,0.03916945844778757,-2.565491982785623,-3.6360881412600063,-14.213462381716859,20.051992664873037,-1.08445485785637,-2.7030868150676515,0.03889704617815634,False,False,False,False,False,False,False,False,False,False,False,False,False,False,False,False,,,,,,,,,,,,,,,,,,,,,,,,,,,,-0.0018384399402572706,0.0002800016288613584,0.0002006940934931904,0.000769994778390971,-0.0007388801611856993,-0.0011744018735771568,0.0016053457558918326,0.0002813908264342483,0.0002294378442419962,-0.0010034686489818053,-0.00042434557018979313,0.001895823603971411
2.34,SQUEEZE_GRASP,-0.4199219199069339,0.2519584097186111,0.39894222850782013,0.7070540766036604,-0.0009503252899084729,0.0008880733483676887,0.7071582856516045,0.00038458637561449813,-0.00018243484525436185,4.6570477444132356e-05,-0.0010779471375966813,-0.0077829663007456225,-0.0005717971113552103,-1.9415419103125122,0.08899359290797328,1.9998665233085373,-0.019385226258994234,-0.08878168433504223,0.01168786931529211,2.0193104123297254,0.06575580071457961,2.0851601169580327,-0.025451886969793242,0.02758568897563924,-0.007674053959321012,-3.0,0.0,0.0,0.0,0.0,0.0,3.0,0.0,0.0,0.0,0.0,0.0,0.0035699219535277535,0.006692969688338213,-0.0005089699913978373,0.003983917727120703,0.005427517152682949,-0.0032662911105368238,-0.0023459128179035135,-0.002747231866440202,-0.005055798234298103,5.7567144709261e-05,0.0033286806433676357,-0.00432257396187571,-0.0027140913546672444,0.0022313081796816892,2.6204064237877884,6.907335092600558,17.245361310368455,19.05425829846551,-1.1327756763382006,-2.6975046595329686,0.007062662698748723,-2.458897781044932,-3.5663682958238825,-14.145268421842605,20.02249256643241,-0.28834823394907927,-2.6754046425916616,0.05184662776049778,False,False,False,False,False,False,False,False,False,False,False,False,False,False,False,False,,,,,,,,,,,,,,,,,,,,,,,,,,,,-0.0016660987343817824,8.778662022512971e-05,0.0002636307469312564,0.00019751730486516515,-0.00011417671109606811,-0.00042082877345627954,0.0014174665168646663,5.6053243184981206e-05,0.00036283129329094566,0.0007029302275843542,-0.0006624401131394719,8.078023553960164e-05
2.36,SQUEEZE_GRASP,-0.41991432165188786,0.2519553719149382,0.3989434803451726,0.7070584889274824,-0.0009068189662516373,0.0008289638659753558,0.7071540028408634,0.0003740330886055381,-0.00016253965571349642,0.00012680573773017091,-0.0011329064322086189,-0.0071143344645607995,-0.0008089621518236455,-2.0135877380273643,0.06782330701374212,1.99876125011417,-0.021360020859567726,-0.08866418947724905,0.007526142007324022,2.1005791623819614,0.066552455355485,2.0851764825293406,-0.023240490449904585,0.026160479630943336,-0.005610519825427477,-3.0,0.0,0.0,0.0,0.0,0.0,3.0,0.0,0.0,0.0,0.0,0.0,0.0032426182702982843,0.005487572342389938,-0.0004926583634827343,0.003459893099288114,0.006217238252586986,-0.003084350057240574,-0.0035384805904379287,-0.0024669295866391635,-0.0038473778049622686,0.00042112630328134597,0.002965931627568532,-0.004048700197960135,-0.0025334326583811018,0.002232076546353722,2.5723315127650173,6.9514324998875345,17.25341861590873,19.055168701048096,-0.26503290508861144,-2.685307649496267,-0.25533692180321704,-2.4095853681522934,-3.626561822710727,-14.210658957095465,20.001533125266256,-0.24803678590062345,-2.667543068644559,0.041007620251614744,False,False,False,False,False,False,False,False,False,False,False,False,False,False,False,False,,,,,,,,,,,,,,,,,,,,,,,,,,,,-0.001477428676292256,-1.3784467846615012e-05,0.000299355907667574,0.00013088955187404204,0.0005718633105737056,-0.0007057962104510772,0.0011757778977239347,0.00013901202371092446,0.00041429459077761693,0.00029359134840182036,-0.0013156981910454496,0.00035027768216811797
2.38,SQUEEZE_GRASP,-0.4199067725664721,0.25195279941652204,0.3989472234217788,0.7070633191346708,-0.0008664341921303878,0.0007740866260719924,0.7071492860888343,0.00037062285834623396,-0.00014172085601132567,0.00027340929346277227,-0.0010428763461234928,-0.006724889167089418,-0.0006046195864198767,-2.0717552208165118,0.07223058298126875,1.9860619122339551,-0.017262529907827673,-0.09044938700975083,0.012142122296519476,2.162544353990015,0.07112506550060489,2.1046428746914203,-0.021840968696148755,0.02189738910008392,-0.0015742625469086723,-3.0,0.0,0.0,0.0,0.0,0.0,3.0,0.0,0.0,0.0,0.0,0.0,0.0029798581134719065,0.0044152214052972415,-0.0005182450321694971,0.003075156321765843,0.0039834473012051305,-0.002921192612117822,-0.0016839756450086362,-0.0021357245518033975,-0.002877374818092029,0.00013784971996731946,0.0027875994161853995,-0.0043023276226320205,-0.0023232015705762737,0.0031159172570440034,2.518839568674002,6.947100500523932,17.258992925195532,19.027563616041242,-1.1323500984727453,-2.669535506113127,0.0008356330324480014,-2.3461725408501257,-3.5945993750386984,-14.152342364125758,19.953323802336723,-1.0710652363732673,-2.6533187204119564,0.31230389498053523,False,False,False,False,False,False,False,False,False,False,False,False,False,False,False,False,,,,,,,,,,,,,,,,,,,,,,,,,,,,-0.0013153606643320347,3.852278170548621e-05,0.0003800819285652393,-0.00011274807718511981,0.0009642959432790751,-5.935246447525872e-06,0.0010479634115430553,0.00012191545500111537,0.0006187108084918305,0.0008794233180327961,-0.002022322722573439,0.0005641341120499856
2.4,SQUEEZE_GRASP,-0.41989973625204546,0.25195130517399544,0.3989526286745813,0.7070685559149402,-0.0008297501711485116,0.0007221086349603494,0.7071441488905449,0.0003291126415415435,-4.6288833699950446e-05,0.0003066619197566504,-0.0012155259474689903,-0.0055365561584107235,-0.0007674794331200608,-2.125385047710964,0.0457046618037865,1.9882641994176928,-0.02304166996498091,-0.0900154818018796,0.008711175931921377,2.21867868957894,0.05656955932009939,2.106391026548256,-0.027756786996866126,0.02131045812666328,-0.0003871291003423299,-3.0,0.0,0.0,0.0,0.0,0.0,3.0,0.0,0.0,0.0,0.0,0.0,0.002726520270058046,0.003690453505361372,-0.0005473387230407663,0.002943383143765143,0.004644930868677322,-0.0027765894326614656,-0.0019040638268554067,-0.001956178114372911,-0.0022580894256692494,0.0005344946621650744,0.0026657093908246613,-0.003778061802932015,-0.00223830806718778,0.001525594367723951,2.479788881351583,6.971859636208071,17.264640117608938,19.00188067967293,-0.2769958510114029,-2.661610153552065,0.013451257617660757,-2.3192422394095304,-3.6498104759931027,-14.210065466827094,19.921121875513226,-1.0740847007032057,-2.652005398256457,0.05928323696191712,False,False,False,False,False,False,False,False,False,False,False,False,False,False,False,False,,,,,,,,,,,,,,,,,,,,,,,,,,,,-0.0011869881163334936,6.684255444673994e-05,0.0004543278758905013,-0.0007957557501368565,0.0014719116027866223,-0.00045865340099299684,0.000885358364297489,0.0002600526689755206,0.0006279741310393183,-0.0007028423549671175,-0.0023164150660600993,0.0007565839598107281
2.42,SQUEEZE_GRASP,-0.419893337626657,0.25195071493741256,0.3989592627281887,0.7070735234686987,-0.0007965724655124713,0.0006727165167172551,0.7071392686977258,0.00030593315926466253,-5.448431450146299e-05,0.00038783504933746044,-0.0011819498964839629,-0.006109330069148873,-0.0006940778717584894,-2.1737688014721943,0.0683026307032595,1.999383489927324,-0.007812580194403599,-0.09120872054224945,0.013421844979143695,2.2655586920820845,0.08517121869007319,2.119659128596083,-0.021971899140514603,0.021593379408814936,-0.005369149772870433,-3.0,0.0,0.0,0.0,0.0,0.0,3.0,0.0,0.0,0.0,0.0,0.0,0.0025208118406643424,0.0030089100098702848,-0.0005896027804009043,0.002800258146878561,0.0028208921487591788,-0.0026490849360067655,-0.0025650797740616946,-0.0017140643792900676,-0.001711212426191768,0.00025378095983682504,0.002509655792910525,-0.0023780579114881704,-0.0021042087304577383,0.002022250984994736,2.434506080221185,6.969295214564791,17.267481051822635,18.96489874545249,-1.1111667241363137,-2.651109275817319,-0.2579461703319953,-2.270027670561078,-3.610087234063804,-14.150079754355488,19.869873236553964,-0.2453171918044021,-2.6420279621637817,0.03524228901405896,False,False,False,False,False,False,False,False,False,False,False,False,False,False,False,False,,,,,,,,,,,,,,,,,,,,,,,,,,,,-0.0010730617977451602,0.00017219829930368915,0.0005381420205105423,0.0012776263493764282,0.001738975476382067,2.3886694488751746e-05,0.0008147373745926549,0.0002517099648963828,0.0007586448917906203,0.0010665819711925563,-0.0024408709214050342,0.00016836776570471626
2.44,SQUEEZE_GRASP,-0.4198877099646322,0.2519511200565571,0.3989661355521357,0.7070784638704741,-0.0007673790766905273,0.0006256853595269608,0.7071344041819444,0.0002579389781291726,3.574802308929727e-05,0.0003507896177540362,-0.0013895777173094236,-0.004947020162160737,-0.0007071390555335,-2.2169479243322177,0.049232250631102314,2.0025113812944113,-0.01994947587401765,-0.09055695861729296,0.00960702244426008,2.308566760310977,0.05969335539514182,2.1237439887939624,-0.02398666594248652,0.019748198311518275,-9.752581180128006e-05,-3.0,0.0,0.0,0.0,0.0,0.0,3.0,0.0,0.0,0.0,0.0,0.0,0.0023072764989101103,0.0025684993699280983,-0.0006132906030039204,0.002721011937767313,0.0037936486556111627,-0.002540877400024927,-0.001473968293901717,-0.0015874485342315366,-0.0013708475490082832,0.000656841144635956,0.002404814703358531,-0.003069765021903317,-0.0020557169967200693,0.0022499480689091526,2.4028921415585214,6.986375265945949,17.27045005587966,18.932529997193345,-0.3024641873812729,-2.6462306802701856,-0.001945629443326373,-2.253669983838373,-3.6640714845418962,-14.20775126381004,19.839520619349233,-1.0696628260592158,-2.643736906531312,0.03167408447727156,False,False,False,False,False,False,False,False,False,False,False,False,False,False,False,False,,,,,,,,,,,,,,,,,,,,,,,,,,,,-0.0009775371221928605,0.0001883905986136308,0.0005740174934928133,-0.0008980562349969184,0.002067126942779222,-0.0005364973050520488,0.0006864012552304265,0.00034895038238492694,0.0006987959009296807,0.0002778877615464727,-0.0026981671652753616,0.0008219722492280072
2.46,SQUEEZE_GRASP,-0.41988270698318175,0.2519520638229318,0.3989730668614295,0.7070830551463899,-0.0007405951217360696,0.0005804284687469556,0.7071298803943338,0.00023850091503575167,2.2607969197455916e-05,0.00038004703934854585,-0.001316473606667326,-0.005361809621001765,-0.0006182006520026904,-2.25711127015235,0.08341415244291218,2.0118521469406834,-0.015927210868511812,-0.09170951370463479,0.013064504998078574,2.3448407396492774,0.08014075436994306,2.137945829706596,-0.007163561956241336,0.019988225084649886,-0.005005455314974585,-3.0,0.0,0.0,0.0,0.0,0.0,3.0,0.0,0.0,0.0,0.0,0.0,0.0021346032492364705,0.0021223518947475553,-0.0006491561728729617,0.0025874346226978707,0.002379756915203329,-0.0024434574934480086,-0.0015850147752503564,-0.0013930613371971434,-0.001025601525119027,0.00036913060039429446,0.0022552306858402414,-0.0019099582678586075,-0.0019421251956157736,0.002667429158590349,2.364740069209508,6.981584742782574,17.274753920501578,18.894218420151283,-1.1211485301362243,-2.6381213839681767,0.001958844726243355,-2.2132226557489685,-3.617682392115247,-14.14663438418063,19.789343163182664,-0.247756543718349,-2.6345368793711854,0.31666434761047746,False,False,False,False,False,False,False,False,False,False,False,False,False,False,False,False,,,,,,,,,,,,,,,,,,,,,,,,,,,,-0.0008896261003335152,0.00026467087029461984,0.0006122988650920935,0.00032393390632063767,0.0021786267616778075,-0.0001671043843862209,0.0006440031320431085,0.0003174761647509933,0.0007842809828648075,0.0018035114849608669,-0.002687257075627382,0.0002800110870237301
2.48,SQUEEZE_GRASP,-0.41987855502484445,0.25195180418786467,0.3989765076512357,0.7070871866411149,-0.0007161686877127404,0.0005349747102465603,0.7071258101585758,0.00017909596524127197,-3.9739541766139525e-05,0.0001345305436331106,-0.0016955292428838882,-0.005086962627828366,-0.0004724058756195185,-2.2918730641062424,0.0675975103040952,2.0249932862387654,-0.012708958364117126,-0.0917152625955868,0.013113915827449939,2.3804082097305415,0.06591657678394426,2.130054932777296,-0.014944183441399816,0.020556452624480404,-0.0009965879893847312,-3.0,0.0,0.0,0.0,0.0,0.0,3.0,0.0,0.0,0.0,0.0,0.0,0.001969135820776637,0.001842193959284387,-0.0006997644711447234,0.002113187736698451,0.0016984222955160483,-0.0023424413926585426,-0.0018196692807883141,-0.0012832862696287642,-0.0009684712471900855,0.0007502228756541057,0.0015635413770376343,-0.002830475646948015,-0.0019283986496245733,0.003022402710581457,2.346777994233074,6.998554668703324,17.279042024341464,18.8960214591527,-1.0781877806570064,-2.6331982526611535,0.01069260753378972,-2.2212895873388674,-3.654154921546089,-14.204730442522875,19.815458719846927,-1.0581638516809744,-2.633157888404522,0.3168631321860515,False,False,False,False,False,False,False,False,False,False,False,False,False,False,False,False,,,,,,,,,,,,,,,,,,,,,,,,,,,,-0.0007967902314206206,0.00018328554970343847,0.0004757094454687234,0.0009219032914525679,0.0019525524655780255,0.0001651748991043416,0.0005139980994557068,0.00018861048275465412,0.00042386336854088674,0.0007808160715622688,-0.0023162181583953217,0.0006523379953190741
2.5,SQUEEZE_GRASP,-0.41987521277170275,0.25195010251930006,0.3989772902254345,0.7070913730488041,-0.0006929802930746235,0.0004908495567959816,0.7071216790659031,0.00014921925023556862,-0.00013314821732506632,4.312407611325932e-05,-0.0015062905362978759,-0.004813387969213195,-0.0005656146587950738,-2.3344705170332563,0.062059413694378965,2.033126054725783,-0.0055205964140384416,-0.09091567172290779,0.014508586344687388,2.4102753439474025,0.06586193313474833,2.1265097816354683,-0.01911252786420444,0.02212118464337282,-0.005644231276018251,-3.0,0.0,0.0,0.0,0.0,0.0,3.0,0.0,0.0,0.0,0.0,0.0,0.001775779133883554,0.001451269704493426,-0.0007022028981632746,0.0015215008467008115,0.002043733696164605,-0.0022048926344137663,-0.0024630823747903013,-0.0011176333882990074,-0.0008457918574350079,0.000429460593093042,0.0011259262742141583,-0.0016229153329150312,-0.0017991505445651974,0.001438267074877503,2.320512507553536,6.9971725926028565,17.284739505960687,18.90775584883058,-1.1315433096478322,-2.6195379322879697,-0.2597266156669585,-2.1900462763277155,-3.583729548202714,-14.150558672672103,19.80832864644486,-0.23753916400076167,-2.617628722038183,0.058331597830581575,False,False,False,False,False,False,False,False,False,False,False,False,False,False,False,False,,,,,,,,,,,,,,,,,,,,,,,,,,,,-0.0006885232582197985,1.9443925938609525e-05,0.0003168056710874884,0.0009375246570426038,0.0018155146381250834,0.00020862040648212215,0.00048203028207349525,3.790533822275462e-05,0.0003437456631668047,0.00030372265384396137,-0.001859733696018702,-0.00011648903520505755
2.52,SQUEEZE_GRASP,-0.4198726680696127,0.2519476679925492,0.3989765194903275,0.7070957566413191,-0.0006717031965605083,0.00044743414332206355,0.7071173449699437,0.00012460938348305214,-0.0001388161855293435,-0.00013561340235603242,-0.001465774207662278,-0.00457835766529922,-0.0005469848720450227,-2.3466796594886503,0.06956922269893796,1.947480023136326,-0.01699222464203131,-0.09482551877347112,0.013541835037391996,2.4264229507047976,-0.01348256086086182,2.0929823907063376,-0.015179705274180666,0.023563507123936206,-0.009032174449957263,-3.0,0.0,0.0,0.0,0.0,0.0,3.0,0.0,0.0,0.0,0.0,0.0,0.0016665133110443176,0.001156833409687807,-0.0010814348497183211,0.0010166407402190576,0.0011521440944464469,-0.002121141118113945,-0.001441859431123188,-0.0010376076980221642,-0.0007879418017884285,0.0007674831681663383,0.000724912799897841,-0.001037712572218861,-0.0017412219617348463,0.0020095886411101035,2.27159880578186,6.932136363616497,16.101484320304674,17.743044199411628,-1.1016823137672718,-2.6005025961609864,0.007954146667860863,-2.1577799887114155,-3.559314009255232,-14.222908777457828,18.64743455462678,-0.2678337190176857,-2.606678991357642,0.029164550146645003,False,False,False,False,False,False,False,False,False,False,False,False,False,False,False,False,,,,,,,,,,,,,,,,,,,,,,,,,,,,-0.0005643110313918134,-5.709553435276905e-06,9.026134160689628e-05,0.00021492861194324312,0.0014926343234018648,0.0004794650407254965,0.00037777995041691066,2.5561664580087784e-05,0.00011807911097392267,0.0009863425153150828,-0.0014321986381069182,-0.0002620756890418415
2.54,SQUEEZE_GRASP,-0.4198706699120617,0.2519450466020577,0.39897530286269484,0.7070996239586085,-0.0006526699165117372,0.0004054953512998689,0.7071135208671194,9.644510116684717e-05,-0.0001259604169253076,-1.2370885532469582e-05,-0.0015651164838087774,-0.004134392027445817,-0.000450112432015335,-2.394481996972727,0.06161951084394285,2.0368972475998905,-0.011903977517432029,-0.0907754338503339,0.014572198683461686,2.4635285461971685,0.05075107805234882,2.105955492414313,-0.013920784920659917,0.023411884424881107,-0.005951864972331117,-3.0,0.0,0.0,0.0,0.0,0.0,3.0,0.0,0.0,0.0,0.0,0.0,0.001541509608738443,0.0010161315619501257,-0.0007020819680891878,0.0012100637161711818,0.0009816599221734547,-0.001947238359259013,-0.0010596659633550218,-0.0009131570953187065,-0.0007589667771982164,0.0004203277557726312,0.0007808369793122737,-0.0012707824789482413,-0.001587220747065742,0.0013777553331819291,2.271512465829529,6.968791173317998,17.287911909212188,18.891166206334514,-1.0873734498729153,-2.5952579040052313,-0.005341060481624693,-2.1506871974422745,-3.5106153859576184,-14.16748453211359,19.795555848971972,-0.2292456972762108,-2.5937533583788825,0.046051163949269724,False,False,False,False,False,False,False,False,False,False,False,False,False,False,False,False,,,,,,,,,,,,,,,,,,,,,,,,,,,,-0.00056917276055886,3.072375744559175e-05,0.0002730564102741883,0.0002938688213193905,0.0016680582860331807,0.00047264210133478573,0.0003901026264275328,-4.398295442603447e-06,0.00020608473314813683,0.00040974890384280597,-0.0014441459115699343,-0.00019085183359488904
2.56,THROW,-0.41986929918735977,0.25195087845893893,0.3989634250497326,0.7071042962763961,-0.0006416561765400535,0.00037109634741318927,0.7071088775799057,-1.0399008129565251e-05,0.0021312222552372605,-0.002722335690436787,-0.002064022394178775,0.0010859141675569083,-0.0011410974737446156,-2.381264841579701,0.5709391516291766,1.682542675796753,0.009250046320808667,-0.10963659848986752,0.028171976651704227,2.412573623815757,0.6879263355356209,1.7404988933609722,0.009456518860443776,0.04288363463211487,-0.016549228192425092,-3.0,0.0,0.0,0.0,0.0,0.0,3.0,0.0,0.0,0.0,0.0,0.0,0.007612250938516838,0.000955978499267737,-0.016596177979057533,0.002903841223413777,-0.02432254723703698,-0.0025174038347770536,0.009018976656718235,-0.006109682293217272,-0.0038090369500494757,0.01794949001515769,0.0021817799826378496,0.020304293886957935,-0.007756830910078786,-0.007430679121262256,2.947903606647293,7.075578905806384,13.41546903599054,19.364873443882185,-2.4155143262966776,-2.5656523080020146,0.4339656052493992,-2.6352946912612887,-4.337984104320839,-10.52789085604656,20.195760580173015,1.0565355773787086,-2.6713469465150586,-0.3801884034284484,False,False,False,False,False,False,False,False,False,False,False,False,False,False,False,False,,,,,,,-0.41986912196673287,0.2519512233846788,0.3989717869192345,6.703456678928618e-05,0.004282670047471805,-0.0010218945800504302,7.502766207192731e-05,0.004751049852183903,-0.0008985476290737948,-0.0030641151051899727,0.004751049852183903,-0.0008985476290737948,0.0022327276650253402,0.004126766106732825,0.007851020691444943,0.00292092482112313,0.004751049852183903,-0.0008985476290737948,0.0022336888409928294,-0.004920918117033399,-0.007863137737930438,-3.074091077046915e-05,0.0034866576602027087,-0.0029012544813103187,0.002372965975996016,-0.002641714318906572,0.004649820863748381,-0.0003192169109970212,0.003578808759791473,-0.003021644025257739,-0.0004285469343811403,0.0007549378680604534,-0.0038283174833465133
2.58,THROW,-0.41987229450601166,0.252101937499118,0.3988200162132288,0.7071224075543711,-0.0007797797250182308,0.0004723183080135686,0.7070905667547167,-0.00024530401351534353,0.012282154683844578,-0.010146137521723796,-0.0029854265221713103,0.030351383642813406,-0.0038052771314094082,-2.4798700777561224,1.616884215849223,1.3837139352646173,0.043665190530615884,-0.12606097697668328,0.041208047256868156,2.4780752893942384,2.098622282799638,1.3293680308432037,0.08502686900462948,0.07260099847187543,-0.018933602219890714,-3.0,0.0,0.0,0.0,0.0,0.0,3.0,0.0,0.0,0.0,0.0,0.0,0.03934956822469633,0.0015714235629584194,-0.0800468883747926,0.02113954073966593,-0.10960147193011265,-0.0050902376921883085,0.05329326994507038,-0.03150495450039428,-0.023699171310235266,0.08169086842009134,0.019832687598593517,0.09632356096024844,-0.03011346577976031,-0.0502025449236103,2.537894862159974,7.09222756439289,13.093162107240758,20.376034126585157,-2.5235733895383046,-2.5715573647180285,0.39848991912615517,-2.1952928259696645,-4.6979226473325655,-10.177496605202322,21.282440223755703,1.1551362446184135,-2.592371805737922,-0.29829167337393975,False,False,False,False,False,False,False,False,False,False,False,False,False,False,False,False,,,,,,,-0.4198680915173438,0.25225449113789083,0.3989072188121448,3.626028616890431e-05,0.02600337190677466,-0.005295196338548119,9.508896184664021e-05,0.029109048866897344,-0.0043163644438739155,-0.002563914540758326,0.029109048866897344,-0.0043163644438739155,0.002297467769830579,0.005401171936912078,0.006054626596142254,0.002768269761189105,0.029109048866897344,-0.0043163644438739155,0.0030906465242997007,-0.005653267079712963,-0.006226168315438558,-0.0002746897883453998,0.018675917519141175,-0.011586259899514856,-0.0041941716084734695,-0.011229660644644451,0.015774106387170802,-6.76663618717913e-05,0.018823143647731796,-0.0118863202023976,-0.009565343537133043,0.008074891551212254,-0.015340920891312521
2.6,THROW,-0.41987753221805973,0.2524747541039329,0.3985700886137476,0.7071548283011279,-0.0011279493543247027,0.0007737344710170782,0.7070574077651866,-0.0002526544391576965,0.02404000747392999,-0.014024164512782697,-0.003522445951070119,0.05747347401943569,-0.005021747902895491,-2.6100904949465895,2.7523194776338546,0.9533285631319467,0.06911323138841123,-0.13240315663201377,0.04132193211487323,2.6348134321365557,3.330688852127222,0.7864497296208174,0.18782406453607545,0.08459717051212245,-0.015964057505117733,-3.0,0.0,0.0,0.0,0.0,0.0,3.0,0.0,0.0,0.0,0.0,0.0,0.06987448103256237,0.0021088250374339157,-0.14209421079230217,0.04614231404783067,-0.1943339129467648,-0.009236649399820718,0.09627900958982666,-0.05518687019652489,-0.04356808082286064,0.143891846241411,0.04466974704316432,0.1718809075419688,-0.0521565949779802,-0.08612565178763593,2.0420909013384483,7.122597289189483,12.77656027898378,20.988400621769543,-2.6426944449947354,-2.490720617459381,0.36437274850092305,-1.6258458844434718,-4.699131855912842,-9.766653006013879,21.893144906143277,1.282643532313381,-2.4715851626554644,0.004716603150345,False,False,False,False,False,False,False,False,False,False,False,False,False,False,False,False,,,,,,,-0.41986766155872424,0.25298972892627125,0.39876556785730743,6.9854898279986255e-06,0.04747967356430027,-0.008730179354822273,9.384196922774907e-05,0.05398765875721297,-0.007140711335111538,-0.0019228244700637167,0.05398765875721297,-0.007140711335111538,0.0033725252534408303,0.007850266786991352,0.0023955933103553253,0.002028532780180837,0.05398765875721297,-0.007140711335111538,0.005153273874215554,-0.007500091468221605,-0.0026211628615556166,-0.0008005136725148047,0.036370636348975784,-0.017260754538704095,-0.006822319222820422,-0.013385334446738388,0.022314714169169376,0.0002922703138693236,0.03669145486429759,-0.017591300081540973,-0.008254377225707946,0.010399652871105322,-0.021860922930173127
2.62,THROW,-0.4198816297379159,0.25309582971323363,0.3982685165393232,0.7071911103830733,-0.0016566800667793733,0.001253007938942191,0.7070193906657851,-0.0002117836320539229,0.03697470421531524,-0.01565942490720946,-0.003511709097934555,0.08176380570717542,-0.005428353172531364,-2.8020068701358123,3.7321066812607007,0.40357795253852763,0.10664507976158014,-0.13878352331909574,0.03620059870941371,2.7682358378057605,4.415616942278395,0.2142173395507894,0.21311266597279854,0.09405126725905757,-0.005994735543759184,-3.0,0.0,0.0,0.0,0.0,0.0,3.0,0.0,0.0,0.0,0.0,0.0,0.09905037757632734,0.001652819959709197,-0.2027236195395048,0.07475792303413946,-0.2794790073121098,-0.012553279003701488,0.140543318465964,-0.07300897481810333,-0.062368610115343656,0.20367121627564852,0.0722917058629241,0.25054286243348006,-0.07399936570285975,-0.1331313495101217,1.59508510509266,7.193871733297213,12.445374202912648,21.428116949111555,-2.748119812443094,-2.3853823831840546,0.3520297071114203,-0.10558269058551811,-4.590191234631652,-9.422363906114654,22.282895631932945,1.545493406902661,-2.3142233862049015,-0.38529857151489066,False,False,False,False,False,False,False,False,False,False,False,False,False,False,False,False,,,,,,,-0.4198678021011888,0.25415204874578434,0.3985636004295668,-2.0789822233330257e-05,0.06871157502004864,-0.01132684362887286,6.900067528038957e-05,0.0793275606883486,-0.009366174237582403,-0.0010055005645333026,0.0793275606883486,-0.009366174237582403,0.0048745292248435195,0.010534977475848091,-0.002352004765281463,0.0006211043792429084,0.0793275606883486,-0.009366174237582403,0.007374399594554895,-0.009610884307357506,0.0020461961921744596,-0.001147008943853893,0.055561709606589155,-0.021268918014934832,-0.008369049409149731,-0.013041753846275615,0.025870716346772907,-0.00048364973865374326,0.056779354707366045,-0.021476925860975625,-0.0124959373834969,0.010441113721925167,-0.02390220473966217
2.64,THROW,-0.4198858689864346,0.25397992941840897,0.3979504502348771,0.7072300886192217,-0.0023381003949003018,0.0018869167910456495,0.7069770679330528,-0.0002504212716666536,0.05027462839523722,-0.015935617688882832,-0.002594684523726622,0.10336636904548947,-0.005898474683937799,-2.997687328447612,4.689264005223158,-0.05650777102779604,0.14382976906419492,-0.14335247832739204,0.02477840610541285,2.85067716501992,5.521000772737669,-0.4729228138955317,0.24559837141419077,0.14160062892777028,0.024162600396037768,-3.0,0.0,0.0,0.0,0.0,0.0,3.0,0.0,0.0,0.0,0.0,0.0,0.12323038305002106,0.0009358642048261783,-0.2608651271563563,0.10462293439912362,-0.3674353697406164,-0.015153606711280545,0.18626768624270457,-0.09100422096472865,-0.07984813816022614,0.26276597386965317,0.10313145853613985,0.3303779921090881,-0.08796128291990499,-0.1762931304634946,0.1542003115047132,7.0152843203040325,12.128177292212118,21.723072946189138,-3.0095719586771064,-2.3567189188245385,0.5325072460699714,1.4301109674879513,-4.4740781018062545,-9.240677570949275,22.559095326436015,1.7780982921882011,-1.7120323340998391,-0.5662240448402764,False,False,False,False,False,False,False,False,False,False,False,False,False,False,False,False,,,,,,,-0.41986848315505176,0.2557365625923947,0.39831808290376736,-4.7065650015110094e-05,0.08969907627401971,-0.013085189160699895,6.305508413451013e-05,0.10512124810091258,-0.010977176208659347,0.000526313127658361,0.10512124810091258,-0.010977176208659347,0.006558311695712298,0.013093028446018033,-0.0076355491724987195,-0.0010713833574781716,0.10512124810091258,-0.010977176208659347,0.009432330284914553,-0.011760098569118287,0.006806779891466015,-0.00047034783892443527,0.0763107988637563,-0.024419537356662538,-0.0064384163556234775,-0.012565178254148594,0.025820458941893755,-0.0019115803692755593,0.07814086492182844,-0.024647239029694606,-0.01007911592735386,0.015006724402211239,-0.022583516752615298
2.66,THROW,-0.41989070344749585,0.25512586584828467,0.39764301485184944,0.7072792018187246,-0.003202023374614139,0.0026994993773275435,0.7069219125363772,-0.0002101868703035589,0.06288638812705726,-0.014656164482092024,-0.003674448458910208,0.1326385209384269,-0.008863407384240064,-3.120427201241243,5.234270925553934,-0.4637509182160777,0.132835473165144,-0.18780345782449118,0.02000831027737381,3.0335006111328893,6.53266897770297,-1.0523783044236228,0.2663558994950108,0.19908433871239664,0.05073413314550591,-3.0,0.0,0.0,0.0,0.0,0.0,3.0,0.0,0.0,0.0,0.0,0.0,0.1519668764192817,0.0006794957218871225,-0.32057987326530135,0.13977975502325807,-0.4558427301109239,-0.013201164875268038,0.23529900919606586,-0.11231563312776414,-0.09686735422446759,0.3239839658616487,0.13707213228521867,0.4120743590584085,-0.10073697049387492,-0.22277974948641202,-0.01098054082298891,7.038423815156053,12.015528971614943,21.987889466890888,-3.0764996055170055,-1.7011295039879333,0.3939755472152575,1.6107492279700961,-4.330693230046663,-9.065078146422353,22.80591513347496,2.060500718224544,-1.0875822943020523,-0.6128873764951102,False,False,False,False,False,False,False,False,False,False,False,False,False,False,False,False,,,,,,,-0.41986967473062753,0.2577383824620666,0.3980457816547536,-7.184199351745191e-05,0.11044217732621356,-0.014005215950303365,5.20947173572692e-05,0.13147006618865845,-0.012056152655670326,0.001376373682881422,0.13147006618865845,-0.012056152655670326,0.007909786095327866,0.015893083556574525,-0.012767362579107688,-0.0027713201656460744,0.13147006618865845,-0.012056152655670326,0.011054096309934456,-0.01456352152519295,0.011193512231676294,-0.00039866878305535463,0.09822459732398688,-0.02698567693055688,-0.006515453627368439,-0.01465664026695848,0.02460163951878957,-0.0030945551331741823,0.10023222496390762,-0.027289043587643176,-0.009318399362968355,0.019561207424681655,-0.021743814310107447
2.68,THROW,-0.41989821538371475,0.2565295420057284,0.39737517634271174,0.7073368577252113,-0.004274849597384376,0.00370698813695111,0.7068539832265905,-0.00044472035017468933,0.07623138181582295,-0.012426575780506632,-0.0036091964106596533,0.1601861301092579,-0.008573132275208164,-3.3784843931521227,6.0710806180005745,-0.9062874239230975,0.15126488932624998,-0.1934968111359959,0.017584905111556377,3.262421349385892,7.378539181410347,-1.3932795125666197,0.2747345354868408,0.19883905894755802,0.06003351467363127,-3.0,0.0,0.0,0.0,0.0,0.0,3.0,0.0,0.0,0.0,0.0,0.0,0.1789913501590854,-0.0027664836940951123,-0.37817081571546285,0.1748285909153224,-0.5495345134577313,-0.012623963575884299,0.2875362038249109,-0.1351962710045219,-0.11610084565142019,0.3852171782492709,0.17364827803201782,0.49121013093123234,-0.12147321029131843,-0.27007887228013994,-0.12366346192013625,4.30828563033691,11.84652500220366,22.160963719132667,-3.3183210435481776,-1.1115588826065033,0.5947826689779077,1.8299559428693608,-4.614165886785786,-8.83574425996435,23.117927880090818,2.066574071654036,-1.0103676626246454,-0.6120333567635154,False,False,False,False,False,False,False,False,False,False,False,False,False,False,False,False,,,,,,,-0.4198713468382306,0.2601526203507647,0.39776346305737,-9.511885274027243e-05,0.1309408781766301,-0.01408692399768334,9.545734073002435e-05,0.15823038293580108,-0.012504462824216278,0.0031534341459985094,0.15823038293580108,-0.012504462824216278,0.009143547326503491,0.018583926219249244,-0.017656977129519656,-0.00359175830012035,0.15823038293580108,-0.012504462824216278,0.012733089991762347,-0.017072575661259942,0.01574063960057071,6.706207486043673e-05,0.12039594830927432,-0.02859476252288573,-0.00409432387883929,-0.013573376865808024,0.02493100353375516,-0.0032531943497172686,0.12236656502289128,-0.02882963498361849,-0.009657144486277303,0.017763090730296555,-0.02272285454494592
2.7,THROW,-0.4199089639447521,0.2582055488446134,0.39715731262196535,0.7073879250230644,-0.005550416259471438,0.00492867652981376,0.7067865480882997,-0.0005659544086267338,0.09005717069450367,-0.009797892222469549,-0.0025205775616634375,0.19092273569105667,-0.007913775849035836,-3.6151855496457928,7.034623491861435,-1.4623377648102303,0.17018193658235795,-0.218585699352282,-0.010035757909459623,3.4459372640831263,8.116612404894491,-1.6284994746809662,0.28366303340707394,0.1982216521477838,0.06854818229286697,-3.0,0.0,0.0,0.0,0.0,0.0,3.0,0.0,0.0,0.0,0.0,0.0,0.20345444378311064,-0.0037694333344263833,-0.43318716543455377,0.21131517115450812,-0.6413286683590911,-0.012819619739580252,0.34557402764026246,-0.15843953518930418,-0.13622692085922952,0.44533617168807754,0.21239540571534882,0.5698713179177697,-0.1420294774460206,-0.3194878263498022,-1.3671078819971776,5.726914311709038,11.737433693584412,22.419768927023373,-3.4163832141520616,-1.0029052497389075,0.43435539387638467,2.080987218909,-4.827525782760624,-8.647896467136611,23.410932051722863,2.094978108414646,-0.9366858956378497,-0.6008619956730594,False,False,False,False,False,False,False,False,False,False,False,False,False,False,False,False,,,,,,,-0.4198734694881753,0.26297438825445335,0.3974878934864611,-0.00011689622768351615,0.1511951788252695,-0.01333031330283968,0.00012730028164336329,0.18532869023974277,-0.012303965946944488,0.004489461331395206,0.18532869023974277,-0.012303965946944488,0.010138710272416453,0.021003363512493003,-0.022334199707371678,-0.004466523803418234,0.18532869023974277,-0.012303965946944488,0.014427445068529297,-0.01929275065515945,0.02049275926415507,0.0008076426258425237,0.1432249514078681,-0.029947306614959018,-0.00578182853815562,-0.013726366250283948,0.022398850434010385,-0.00341218359522197,0.14489188113262474,-0.029841097556548044,-0.010028978859849824,0.016718470478338063,-0.023386257569126774
2.72,THROW,-0.4199229465706406,0.26015697762962353,0.396996138470285,0.7074305053422658,-0.0070320224629140645,0.0063673646450884205,0.7067192423011722,-0.0007397071517565913,0.1037848194152901,-0.006689796611753245,-0.0021413679707467928,0.22018890817949216,-0.00736596437688572,-3.837158423977099,7.760926780421409,-1.6952817150824524,0.17217055117685048,-0.2147981499085438,-0.010962426815619193,3.635965107319849,8.858382769060162,-1.8660672317139373,0.2889570485070848,0.19924229716674102,0.07707408373001173,-3.0,0.0,0.0,0.0,0.0,0.0,3.0,0.0,0.0,0.0,0.0,0.0,0.2321129884462794,-0.009158813851794671,-0.48683376104865816,0.24950014290270187,-0.7369534655988037,-0.008989033600862374,0.40455650515456687,-0.18232226593808032,-0.15748854514525615,0.504248373606403,0.25334526501809634,0.647190404632612,-0.16309344179623642,-0.3706190770115638,-1.6546252674350523,4.628861233556282,11.595448518549812,22.631521673585553,-3.5608605162472164,-1.7053619267579014,0.6180954486380683,2.296248831123468,-5.056357477753515,-8.513393712439271,23.737020056222313,2.112680864590269,-0.867660049402984,-0.6068291097544191,False,False,False,False,False,False,False,False,False,False,False,False,False,False,False,False,,,,,,,-0.41987601269077607,0.2661987981690969,0.39723583931687123,-0.00013717411834723858,0.1712050792721316,-0.011735383865772525,0.00019499851706677074,0.21277679697260615,-0.011323255018966577,0.005855798125699604,0.21277679697260615,-0.011323255018966577,0.01132588137298233,0.023521742710970284,-0.026876704758358388,-0.005176743630105774,0.21277679697260615,-0.011323255018966577,0.016186071127776237,-0.02136299923680892,0.025383519636737496,0.0011170972033013589,0.16556817687595854,-0.030436890270406785,-0.0043173087373997165,-0.014130454187245537,0.023493046382607012,-0.003489552933054332,0.16767645480125584,-0.030321829128990577,-0.010533948633832557,0.016139057686157567,-0.02393403702916792
2.74,THROW,-0.41993989608882953,0.262397845661131,0.39689821726216334,0.7074518634416714,-0.008692098017419837,0.008000767820901124,0.7066627880815838,-0.0007992263209476764,0.11964914153134167,-0.0036913047200273167,0.0001520499298384465,0.23976536814970012,-0.0021903576087170906,-3.9726529169164726,8.261728642921844,-1.850343634472898,0.17528052392390567,-0.22565966201593968,-0.033251206095284674,3.710238406821229,9.350400002726891,-1.9421265457245367,0.27467749964291566,0.19567850101524392,0.07326287806060605,-3.0,0.0,0.0,0.0,0.0,0.0,3.0,0.0,0.0,0.0,0.0,0.0,0.2596744148255545,-0.011391912264288758,-0.5384757219454587,0.28968813997391374,-0.8302203270501157,-0.013124284712518123,0.4686764091265161,-0.20672540958023264,-0.18048312445739564,0.5617493810872386,0.29718934950074427,0.7218639890606573,-0.1844519754295675,-0.42219528209835144,-1.7782000400182303,4.9080263150431875,11.750558717579203,22.920704155026524,-3.5724052482891655,-0.827938922216108,0.4680039585071685,2.478409681875794,-5.252477308677856,-8.50176563482845,24.043773169978326,2.11901961878322,-0.8242394857676758,-0.615507298473082,False,False,False,False,False,False,False,False,False,False,False,False,False,False,False,False,,,,,,,-0.4198789464563473,0.2698209620906601,0.39702406692344494,-0.00015595252473143972,0.19097057951721644,-0.00930213568648175,0.0002497043717733769,0.24026553777989973,-0.009535871835278435,0.006879551634485975,0.24026553777989973,-0.009535871835278435,0.012471404223581423,0.025998444265576917,-0.03150808230444298,-0.005628660535106888,0.24026553777989973,-0.009535871835278435,0.01799487229449763,-0.02338283115827556,0.030362304284449953,0.0008023758667685673,0.18823677812978387,-0.03007256436666133,-0.006717785870720583,-0.00980245267679849,0.024125196512004923,-0.003517692887783714,0.19094502369758148,-0.030160116394874877,-0.01030545783400455,0.016363500126859245,-0.023353622154107044
2.7600000000000002,THROW,-0.419965604422178,0.2650351469675726,0.396847371859909,0.7074424565145015,-0.010350389573651782,0.009649301557192068,0.7066292741854513,-0.0018648003525283876,0.14225043373016213,-0.0012962073516563344,-0.0005643346507799886,0.2292270149536132,-0.004314577709499725,-3.99306374845135,8.388670187751528,-1.9334922711684022,0.1474833394860075,-0.2261395524113772,-0.038768194415813716,3.6161720736443073,9.171091442861853,-1.8454248421724946,0.24121636116396497,0.1953117997288035,0.09337822539255776,-3.0,0.0,0.0,0.0,0.0,0.0,3.0,0.0,0.0,0.0,0.0,0.0,0.2861513093859467,-0.006431384321757372,-0.5850495781583888,0.33535986108623383,-0.9159307690702857,-0.012758858361248885,0.5305434170582426,-0.23174998790735443,-0.20692478224046745,0.6163926121558292,0.34638830418254263,0.7878796781611744,-0.20592268212776724,-0.4711691558678231,-1.8309290763542778,6.413763710440848,12.021343300603952,23.00382350778471,-3.557626027937991,-1.7128849897109657,0.5039310231925052,2.402078910501435,-5.3677434088600595,-8.845185706443877,24.206709636213873,2.0520773909000267,-0.8362236850145603,-0.6644664962440407,False,False,False,False,False,False,False,False,False,False,False,False,False,False,False,False,,,,,,,-0.4198822407952034,0.27383599201510705,0.39686934268102675,-0.0001732314468362306,0.21049167956052392,-0.006030568764967492,0.0004636633791404296,0.2665003067273758,-0.006608114128112005,0.006666569642594547,0.2665003067273758,-0.006608114128112005,0.01375042863419522,0.02824979837336258,-0.0358180872294779,-0.0048218245134924,0.2665003067273758,-0.006608114128112005,0.019668429533725548,-0.025511953847460543,0.034896770401674895,0.0002928290055922599,0.21207367553250533,-0.029060341024494007,-0.005364490401758681,-0.013059741275324664,0.018472403372943508,-0.0031222368963283805,0.21508319360458175,-0.028524387573598074,-0.008914264957330886,0.01650174612936177,-0.018617249406965172
2.7800000000000002,THROW,-0.42000186670245737,0.268148879465504,0.3968700178965448,0.7074255864551977,-0.011896699000201861,0.011190875297703207,0.7065990889404598,-0.0015969295050898857,0.16836162904307575,0.002752126530000802,0.0011211393807202125,0.19769967908838904,0.0008625416259532455,-3.727655218751609,7.927412437797867,-1.8514915879414071,0.09098475270648854,-0.2206212754233833,-0.03416531445137041,3.3859081521219228,8.640190148745528,-1.7814989044258909,0.1836075548650856,0.1917328374042932,0.10613898630515146,-3.0,0.0,0.0,0.0,0.0,0.0,3.0,0.0,0.0,0.0,0.0,0.0,0.3114524185721784,-0.005119986197882802,-0.626396901403455,0.38245518515435245,-1.0018643607644666,-0.01697238302060918,0.5936137887057747,-0.2560428674956725,-0.2323559965987942,0.6664340831459141,0.3980424482295639,0.85118368917928,-0.22747385038650714,-0.5212391201156535,-1.7592859507906298,5.288830463611379,12.528687660077514,22.918864878182546,-3.5314262882205547,-0.8772105592834256,0.5542931789253792,2.4104955047867422,-5.336862300666597,-9.08613672053496,24.171611803722985,2.023138975237635,-0.8453722811329751,-0.5309646232801541,False,False,False,False,False,False,False,False,False,False,False,False,False,False,False,False,,,,,,,-0.4198858657176589,0.2782389999384025,0.3967884329644611,-0.00018901088466150018,0.22976837940205425,-0.0019206831012296421,0.0005186551987245159,0.2916929101442184,-0.00300878905599526,0.006599372508272574,0.2916929101442184,-0.00300878905599526,0.014966880061841572,0.030381823497625117,-0.03924554547598812,-0.0044963014057419984,0.2916929101442184,-0.00300878905599526,0.021082059493606715,-0.027532675219558253,0.03851277829298363,-0.0004348519398553388,0.23569982249542673,-0.02553431118461486,-0.0013554981853380887,-0.008615902209871573,0.014577469629794228,-0.0028285319256522623,0.23922086861975334,-0.02504520713868342,-0.005608127215586234,0.015237145424371585,-0.013845119620393944
2.8000000000000003,THROW,-0.4200559539014876,0.2717871040992873,0.39698437373122947,0.7074781386944854,-0.013243818502405046,0.012517093962806604,0.7065002525828186,-0.002873150439296635,0.19067843558089653,0.008384676869932025,-0.0010252731227513537,0.19451390540056376,-0.013719390793786417,-3.863568695322406,8.298825115395449,-2.0957122384552123,0.09867132576754926,-0.23437904951275274,-0.04542051456211375,3.5930851337440646,9.060804208193122,-1.9234791702159482,0.20299964629518602,0.19300505002506493,0.12983796789903626,-3.0,0.0,0.0,0.0,0.0,0.0,3.0,0.0,0.0,0.0,0.0,0.0,0.3335716919949418,-0.000577740690485961,-0.6604677069036462,0.4296999082170486,-1.0833872692512396,-0.02079048163166811,0.6635284021596349,-0.2806023688812437,-0.2566814756541131,0.7119356119591526,0.4507728843038448,0.9088815235766029,-0.25013095414635816,-0.5726158657909005,-1.7767126583371748,6.923982823076911,12.828106545556139,22.770124603729762,-3.5423523404803987,-0.8937248343876361,0.631797694224473,2.4167981510059797,-5.342495664095644,-9.371681755676537,24.038326706028805,2.032027787811935,-0.8100231119790824,-0.7411815671475376,False,False,False,False,False,False,False,False,False,False,False,False,False,False,False,False,,,,,,,-0.41988979123402803,0.2830250978565108,0.39679810414859246,-0.00020329083820713745,0.24880067904180742,0.003027521304731662,0.001004335114093532,0.3158894197171604,0.001429761124416899,0.006795153476958758,0.3158894197171604,0.001429761124416899,0.01570919934498224,0.031618057642183776,-0.04156761652533672,-0.004175575720893102,0.3158894197171604,0.001429761124416899,0.022380395499008787,-0.029172703643782463,0.040932600695514784,-0.000997190013552433,0.2586447173971304,-0.021301075935870765,-0.0010904267905654796,-0.007700932575927913,0.009355144478791773,-0.0023877544766467283,0.2624710178055281,-0.020135918140818238,-0.003666606796188132,0.012156991034157355,-0.00998689704300728
2.82,THROW,-0.4201099161558208,0.27579201123714464,0.3972255718343745,0.707555014087652,-0.014734497683026137,0.013984552322458692,0.7063662144481375,-0.002520861806608626,0.20797938812002578,0.014779172231547727,-0.0006705590607217178,0.22073654449399976,-0.015374529721122729,-4.001426103159042,8.728112760381011,-2.2362972692705534,0.11350215867596081,-0.24166417426063483,-0.05027799161846305,3.821278036171975,9.652220460777597,-2.1007320854955003,0.23919025835699048,0.19470395219450376,0.14329664976728715,-3.0,0.0,0.0,0.0,0.0,0.0,3.0,0.0,0.0,0.0,0.0,0.0,0.3544299012002322,0.0005595921144544631,-0.6915992334902656,0.4739313409265588,-1.1706997400339099,-0.027133736394646866,0.7416330571931615,-0.3046227612500548,-0.27824501581241645,0.7557850016877259,0.5004847397980898,0.9686584946034339,-0.27408612615864064,-0.6316906070476815,-1.9255369177090824,8.782926525915494,13.066271980741595,22.824759374117946,-3.634482626032672,-0.8623892437068349,0.6423645989538941,2.5201134386090764,-5.638888381410775,-9.393501508879572,24.19280179206173,2.0407987657726268,-0.750049305437662,-0.5495356906958178,False,False,False,False,False,False,False,False,False,False,False,False,False,False,False,False,,,,,,,-0.4198939873546253,0.2881893977653962,0.3969151226082652,-0.00021607130747325343,0.2675885784797828,0.008814044452916503,0.001192058135433313,0.3408551767032952,0.006561129565652784,0.007776463765428114,0.3408551767032952,0.006561129565652784,0.016402409576845984,0.03245891931894022,-0.04347316365760334,-0.005065074159371053,0.3408551767032952,0.006561129565652784,0.023482274529002006,-0.03031722423746725,0.043149399368716077,-0.0010922259573211575,0.28043148014644387,-0.016933960418859303,-0.0030734135506151894,-0.005745771795662406,0.008770583569252347,-0.0027826276216581067,0.28442948575473087,-0.015618580145432149,-0.006931300480768732,0.010413408527082085,-0.010197568623526
2.84,THROW,-0.4201581125176536,0.28013773857304364,0.3975963106148803,0.7076305053768548,-0.016408040373640964,0.015643686612036124,0.7062188889716688,-0.002370818904668124,0.224886940153806,0.0213588708673053,-0.0001666803995142589,0.24823447815149124,-0.01579259189964443,-4.135136830287732,9.155869396532765,-2.336804167588195,0.13627768928574988,-0.25172389059880385,-0.05442006908013835,3.970883142860208,10.12311391244375,-2.171839681269216,0.2573468116435343,0.19857301440501746,0.15001975616471214,-3.0,0.0,0.0,0.0,0.0,0.0,3.0,0.0,0.0,0.0,0.0,0.0,0.37285367458340907,0.005319019191527097,-0.7187207752031359,0.5183087448100553,-1.2571233925289413,-0.03764152546888587,0.8241975028583164,-0.32963015755332464,-0.30188338206133764,0.7983533876085699,0.5518332404743354,1.0243534288350327,-0.2996956038891916,-0.6881754263927725,-2.06530019641794,9.486611683338324,13.412189358335153,22.932048933922793,-3.7750776960710866,-0.7914630444568472,0.6664352540552889,2.6250672535066832,-5.8870409354201305,-9.551089004723613,24.418353465998507,2.108961766573107,-0.703729931260507,-0.7123131371666851,False,False,False,False,False,False,False,False,False,False,False,False,False,False,False,False,,,,,,,-0.4198984240897651,0.2937270116610235,0.3971562547183239,-0.00022735229245984812,0.2861320777159814,0.015438886343324965,0.0013662337419093518,0.3657673462874782,0.012615054271038576,0.008834335402082071,0.3657673462874782,0.012615054271038576,0.01758993335538798,0.03280778319557713,-0.04532026436937199,-0.005808591763815946,0.3657673462874782,0.012615054271038576,0.02480133791681067,-0.03127087483862574,0.04543113422071644,-0.0011010857488874919,0.30191233779933113,-0.012139536223854105,-0.005488673908414454,-0.004929003275036394,0.008542290860337108,-0.0032229584791090703,0.3061931375993038,-0.010823273320494592,-0.007448041183292231,0.010288653213745521,-0.010582380377531155
2.86,THROW,-0.4202064324853149,0.28482137343438985,0.3981020757151983,0.7076975720257346,-0.018280865350518524,0.01751042525644408,0.7060618538897669,-0.002494630289521361,0.24176766727308416,0.028243307980107345,0.0002080804079168119,0.27788188248514306,-0.01571416447049017,-4.274474298394339,9.597816821202676,-2.4359675332991295,0.16160362422242774,-0.2676032991766798,-0.062495056280421235,4.0837897497674565,10.507150006041723,-2.1412554316989785,0.28009360545242484,0.2008846594927586,0.15594581303892305,-3.0,0.0,0.0,0.0,0.0,0.0,3.0,0.0,0.0,0.0,0.0,0.0,0.38827239327030927,0.017530861687995038,-0.7419146570025481,0.5636951568905942,-1.341149276541371,-0.05421672966963098,0.910447553484262,-0.35637148622811077,-0.32779252088549476,0.8399295584336699,0.6058287799311798,1.0740952481822659,-0.3275106574488907,-0.7454955941650349,-2.2008052244136462,10.01586582182294,13.794181231354074,23.062181705784184,-3.8968706253886,-0.7589726147595214,0.6740317347361691,2.684991504975443,-6.128833881115408,-9.74793462993213,24.682546525869178,2.1466535085307745,-0.6732224412019652,-0.7066363782398102,False,False,False,False,False,False,False,False,False,False,False,False,False,False,False,False,,,,,,,-0.41990307144976186,0.2996330515393569,0.39753826685361304,-0.00023713379316714356,0.3044311767504025,0.02290204697595699,0.0015837360892574511,0.39055901320328346,0.01961398143390152,0.009921699500898322,0.39055901320328346,0.01961398143390152,0.019258723627402777,0.03302496217910996,-0.04709496659566132,-0.006209262859356292,0.39055901320328346,0.01961398143390152,0.026272283176596127,-0.03224992501343351,0.047736185673668885,-0.0011489990190284313,0.32334093406903675,-0.00697247319324024,-0.007239642702448812,-0.006531094048361015,0.007880793349946257,-0.0035116365327065584,0.3278898985236471,-0.005350974064327149,-0.009725796953654164,0.01069652276074144,-0.010584832892983882
2.88,THROW,-0.42025577048720675,0.28983868829627496,0.3988318590827913,0.7077490151745729,-0.02024880883006179,0.019484083380182513,0.7059048716046804,-0.0027135901331761286,0.2624224169410719,0.03794878056921196,0.0008522643565840749,0.28999196053232096,-0.01503017808817567,-4.369432620660624,9.730485784547003,-2.6372293697123586,0.17692973245578555,-0.26664679763088783,-0.07017038884862349,4.1079076394347265,10.517834368855416,-2.2488496259800095,0.2852759993615209,0.19838879802305512,0.16205445123749038,-3.0,0.0,0.0,0.0,0.0,0.0,3.0,0.0,0.0,0.0,0.0,0.0,0.40089394300302245,0.03747518258386951,-0.7631508145441469,0.6122769156707258,-1.4187149472537586,-0.08273072016018962,0.9958778855556426,-0.3852289651603522,-0.3563968596200981,0.8819190243641384,0.6649467630656863,1.115787584478905,-0.35835318355093987,-0.7987284097478475,-2.248462832819901,10.707178404108358,14.206582247461425,23.072584824753108,-3.9269931652850723,-0.7447054485202473,0.6784400834493023,2.6243825956796973,-6.430828178623392,-10.042195274484618,24.791264968994636,2.1183988939394975,-0.6442976203442731,-0.7018421068360233,False,False,False,False,False,False,False,False,False,False,False,False,False,False,False,False,,,,,,,-0.41990789944492996,0.30590262939636104,0.398077925388977,-0.00024541580959469567,0.32248587558304675,0.031203526350812583,0.0018258662755655786,0.4147435182008945,0.02683775610339193,0.010653461719900184,0.4147435182008945,0.02683775610339193,0.02101211045100637,0.032706542837136775,-0.04890256160705454,-0.006106623062020074,0.4147435182008945,0.02683775610339193,0.027985285460650242,-0.032769970468336955,0.05004950265743677,-0.0013969336578252074,0.34546052024176765,-0.0005263429735215367,-0.008067791444779981,-0.004320121758339957,0.005618315480435357,-0.0037381969065618885,0.35057576622301095,0.0014668575976358941,-0.010009849928771963,0.009667690225947921,-0.007697410254264008
2.9,THROW,-0.42031154340915033,0.295297583867429,0.3996657868649039,0.7077878737300507,-0.022451097324929715,0.021701348249390975,0.7057345999125729,-0.0028815235894582908,0.28134082892044143,0.04448793666499503,0.0016907743142888622,0.3318507544372268,-0.014337860779782084,-4.4446695057954235,9.926888845394684,-2.4107166530484,0.225184058374662,-0.26344415303631646,-0.07620077137508584,4.121991514156176,10.627176852060302,-1.928434171497582,0.32746716505695334,0.19253195966920653,0.1662162789964789,-3.0,0.0,0.0,0.0,0.0,0.0,3.0,0.0,0.0,0.0,0.0,0.0,0.4102768970047577,0.0648270893434105,-0.7797910922592997,0.6607870366567287,-1.4905811278465422,-0.11812074682696921,1.0853422232697463,-0.41572138243826157,-0.38539843864364,0.921421015029474,0.72453460049669,1.1516911223519626,-0.3891111936122138,-0.8542098387078957,-2.2632589291369873,11.298936577759802,14.705489848017848,23.189740711850966,-4.005935392850102,-0.7889889131100714,0.6449855812789691,2.5693778757523402,-6.582867202528463,-10.388453765628782,25.018671744876997,2.147585720908606,-0.6659994427376051,-0.6575857530397852,False,False,False,False,False,False,False,False,False,False,False,False,False,False,False,False,,,,,,,-0.41991287808558375,0.31253085722800034,0.39879199669926035,-0.0002521983417427265,0.3402961742139138,0.04034332446789174,0.002097457166093528,0.4383942368988723,0.03584477944789509,0.011286787991891718,0.4383942368988723,0.03584477944789509,0.023277454441576854,0.0325721532037183,-0.05010401811144518,-0.0058973529725235025,0.4383942368988723,0.03584477944789509,0.029838164994879145,-0.033725943025204125,0.05165922089961317,-0.0015505242289817129,0.36662094936872447,0.006598500753952456,-0.011100683050722537,-0.00432597404509932,0.004276175356193746,-0.003986774234303014,0.37211173214617344,0.008863054869530367,-0.013158172970738957,0.01086009422965197,-0.005980687855140834
2.92,THROW,-0.4203705583283333,0.30112790073404444,0.4006323153953457,0.7078033227760178,-0.02494728624534978,0.024225231835614324,0.7055531357160367,-0.0030539190900577247,0.2998151090468878,0.05118015599962367,0.002420365891444824,0.3745019329102969,-0.013254655783291446,-4.490249110293358,10.084784786434538,-2.091027036443873,0.27362430718869657,-0.25951116771071714,-0.08200692179679497,4.098083488043643,10.681130736649848,-1.5106485434759906,0.36821827616092584,0.1859766855631074,0.16859732647518444,-3.0,0.0,0.0,0.0,0.0,0.0,3.0,0.0,0.0,0.0,0.0,0.0,0.41735563158076944,0.10049454344687575,-0.7944557274390109,0.7105125697548956,-1.5551292357760382,-0.16295156656542098,1.1745468200359885,-0.44886627218839764,-0.41510110651575083,0.9609448447876562,0.7858493729520348,1.1815579015034312,-0.42135580480227147,-0.9083001702027963,-2.279148936147991,11.942773242319715,15.285241722831804,23.40005101479448,-4.067208176394675,-0.8468991418589676,0.5993689364887187,2.494350394313072,-6.744533712973996,-10.814129343131386,25.33854034464847,2.1640386779874943,-0.699365660724462,-0.6088203881283761,False,False,False,False,False,False,False,False,False,False,False,False,False,False,False,False,,,,,,,-0.41991797738203773,0.3195128470302391,0.39969724715930754,-0.000257481389611236,0.35786207264300307,0.05032144132719449,0.002384871884045509,0.4617653734740704,0.046080999414998706,0.011796285826203482,0.4617653734740704,0.046080999414998706,0.026169685732489,0.032538414395560246,-0.05112006200381297,-0.005485370048480414,0.4617653734740704,0.046080999414998706,0.03232466639580021,-0.03500796624177528,0.052979710799242685,-0.0016366620808823662,0.3872917702299484,0.014395427652718238,-0.0144781556797553,-0.005032541299552312,0.003603234572812556,-0.004275939483716505,0.3931496171834997,0.016908455388959555,-0.016519795051434638,0.012783922600402033,-0.004628892795570114
2.94,THROW,-0.4204343412742317,0.30732947224658214,0.4017411025889313,0.7077895756385829,-0.027770279524412942,0.027080351594230497,0.7053576275550039,-0.0033407223308212866,0.31858574399017825,0.05899060414396107,0.0019365666991475298,0.4292094207388927,-0.012112140427170981,-4.5171784440834495,10.109661230448696,-1.689814738741087,0.33641891490174436,-0.2530270854395754,-0.08486764593087355,4.072850074418092,10.629639793596008,-1.0539064267784977,0.43144174312345634,0.17791969829664495,0.17006380701037177,-3.0,0.0,0.0,0.0,0.0,0.0,3.0,0.0,0.0,0.0,0.0,0.0,0.42233052322639525,0.14457002655720896,-0.8079164965413418,0.7623697635916632,-1.610523735002369,-0.21745505177298755,1.2606526696789806,-0.48499826558940856,-0.4448404254800518,1.0008439396383881,0.8495302924382027,1.20466420139968,-0.4549169097516747,-0.9611331367664224,-2.358824373536727,12.511089559109749,15.92501599837318,23.626698707556976,-4.19801891985118,-0.9163432266210658,0.7254410832641018,2.406419141657503,-6.879954692814165,-11.267937112372659,25.684594846298353,2.18826804465364,-0.7387812372840089,-0.5377753491280961,False,False,False,False,False,False,False,False,False,False,False,False,False,False,False,False,,,,,,,-0.41992316734460633,0.32684371079904184,0.40081044314396297,-0.0002612649532004463,0.3751835708703153,0.061137876928720636,0.0027190875187685514,0.4847176762722915,0.05747882880438577,0.012441454110358581,0.4847176762722915,0.05747882880438577,0.029455950365972317,0.032726515183001785,-0.05204644474076107,-0.004976205648438727,0.4847176762722915,0.05747882880438577,0.03547708007750624,-0.03671500337267963,0.054047835025875166,-0.0014813973890451296,0.40770049001395864,0.023160524172099455,-0.016956961183114627,-0.006068008963798764,0.0031576132509689332,-0.004622968376532638,0.41386602974279235,0.02600609213384692,-0.02063411866599274,0.01448383202527597,-0.0030405072114035765
2.96,THROW,-0.4205047514043912,0.31391211432568233,0.4030240663589127,0.7077397068964463,-0.031039038415934708,0.030367187606392267,0.7051375180014354,-0.0035898398096540786,0.3378180161668422,0.0682262958790469,0.0007823543932830503,0.49532842116387793,-0.01137603412971391,-4.511544093898598,9.980368619144144,-1.1368215854727248,0.40508222672783156,-0.24328446528923656,-0.0867564548007162,4.036601890534236,10.478514456132764,-0.5154464591366696,0.5074936456919747,0.168116666389362,0.1715699372259804,-3.0,0.0,0.0,0.0,0.0,0.0,3.0,0.0,0.0,0.0,0.0,0.0,0.42669282725715996,0.19664924494974503,-0.8222315871873471,0.8176230995702785,-1.6533068878820798,-0.2811230754963739,1.3412371825753209,-0.5245417858026671,-0.4738204434132131,1.04208487699656,0.9156678482731163,1.2213148646681307,-0.48933934315923844,-1.01157696947145,-2.3105102418286263,13.09028470981863,16.592880393664835,23.885544481352945,-4.291953293343118,-1.0034290974819542,0.8214648817799592,2.2909810112198494,-7.014462181443933,-11.774476118913324,26.023123854254358,2.231577493850847,-0.7861490649839693,-0.44869334849298986,False,False,False,False,False,False,False,False,False,False,False,False,False,False,False,False,,,,,,,-0.4199284179836039,0.3345185605303732,0.40214835102807117,-0.0002635490325098022,0.3922606688958503,0.07279263127247051,0.003084127182745556,0.5071334901399432,0.0698796422501144,0.012913979654763263,0.5071334901399432,0.0698796422501144,0.03289150978369895,0.03316086025719195,-0.05281612460551397,-0.004448339540332009,0.5071334901399432,0.0698796422501144,0.039396392952932555,-0.03874452004505468,0.054789084184249756,-0.0009631725560751876,0.428116334771736,0.032829426452837505,-0.020114629787806093,-0.007251196006232955,0.0018946127473824222,-0.005196926945574312,0.4343946604689026,0.03618191073155266,-0.024559029534654386,0.015802773033394016,-0.0008879474607820151
2.98,THROW,-0.420580591468795,0.3208665748065339,0.4045104025115916,0.7076226040741728,-0.03482628371485009,0.03418353255027635,0.7049034446420898,-0.004559594036733247,0.35402279580075885,0.07994652707050275,0.004270354432192308,0.5930831101198322,0.001454731633211926,-4.56151221680788,9.865794620338702,-0.3096833767824212,0.5063475082312358,-0.21505649863508472,-0.09936116996157966,3.7745227896245837,8.827165744075376,0.36548721195639594,0.43094952695254185,0.19818405069930436,0.075259232019118,-3.0,0.0,0.0,0.0,0.0,0.0,3.0,0.0,0.0,0.0,0.0,0.0,0.4325806875234744,0.255756829404266,-0.8395423545530999,0.8767345320768729,-1.682192181332565,-0.36064067117958676,1.4167870194466423,-0.5803523090634418,-0.503971291830232,1.0948941600936148,0.9912502383565236,1.2293579386309006,-0.5217365973641124,-1.051544454142089,-2.1367006954204175,13.741298022544417,17.06254286575292,24.23446237341286,-4.273708532137837,-1.526415485790694,0.6285818168936235,-0.716675580325564,-7.536468778838475,-12.395948964034007,26.423312000884188,3.1116367277955357,-0.9507248528765555,-0.5360847453741467,False,False,False,False,False,False,False,False,False,False,False,False,False,False,False,False,,,,,,,-0.4199336993093449,0.3425325082201975,0.40372773718647664,-0.0002643336275399699,0.4090933667196084,0.0852857043584439,0.00354423540412492,0.5293904379235204,0.08312806666713347,0.013191308811022477,0.5293904379235204,0.08312806666713347,0.03687649017654866,0.03345124970075013,-0.05352515986192637,-0.0015493205651437927,0.5293904379235204,0.08312806666713347,0.043917792523801014,-0.04110970646260781,0.05507769337707155,-0.0007780654194958045,0.4479628504855195,0.04385267811646261,-0.027014608468904244,-0.0024667551097880794,0.004141775598963452,-0.004309677491102283,0.4562609015808475,0.0467914637791661,-0.02369115300108149,0.01822124418262547,0.003297940232383353
3.0,THROW,-0.42070596575301333,0.32829205752048335,0.40620745158747373,0.7074042986984189,-0.03890012413006273,0.038428151794355644,0.7046908653270127,-0.005967626487975103,0.4049100339137342,0.08144870023319033,0.011780099098380162,0.47354632239086314,-0.003914102064017846,-3.165933782653172,5.795853952688437,1.675911735547724,0.34366047297714863,-0.13858042561864561,-0.07380674493193208,3.0743905745860167,6.921111666452465,1.5761490314108373,0.43411932763834404,0.09110973918190647,0.17417144669273313,-3.0,0.0,0.0,0.0,0.0,0.0,3.0,0.0,0.0,0.0,0.0,0.0,0.45577594570305857,0.3241136430365176,-0.8656079018947012,0.9574063651858332,-1.6703549513489788,-0.4270969117795536,1.4512134812758652,-0.6294630332453347,-0.5310424135256802,1.140368681965199,1.0679180607348258,1.2206360256065012,-0.5525047804182716,-1.0858430062272648,2.035676784189353,14.735790231791153,19.493394872658786,24.531752395461965,-3.113571447694498,-2.2957326491417245,0.445923934534883,-1.5669946154549947,-7.686154048789168,-13.583717990767335,26.56012888245048,1.2309015402470809,-1.4570638364463304,-0.31740667712996584,False,False,False,False,False,False,False,False,False,False,False,False,False,False,False,False,,,,,,,-0.4199389813321437,0.3508806658644791,0.40556536799402376,-0.0002636187382903943,0.4256816643415887,0.09861709618664072,0.0043590788465583665,0.547605951952663,0.09843769925380402,0.006682905747111654,0.547605951952663,0.09843769925380402,0.04161747925050395,0.03399174300193528,-0.054181637083314846,0.001860956995721066,0.547605951952663,0.09843769925380402,0.04804710607903394,-0.043689657430017584,0.05453197411481016,-0.0019491327252240858,0.4718529908735426,0.056651592886169014,-0.021331282663738405,-0.005658654343037939,-0.0131243231769603,-0.005360641546872985,0.4781971582713481,0.060808048094881655,-0.022727587007073335,0.016156073201961198,0.016969368075647775
3.02,THROW,-0.420855030255644,0.33767362962848035,0.407701104000366,0.707419935560205,-0.03959581197230375,0.039318644547478326,0.704587290998921,-0.007182414678881258,0.4961404451609297,0.07997699478559422,0.01764008848338773,-0.024746582269682182,-0.005208951918503618,-1.6385998980598677,0.46679152489739706,3.6305742262874365,-0.052615677745685534,-0.07287702706692885,-0.05059148141802677,1.5929859976403578,0.3128246954938297,4.119285070661533,0.007993594095254773,0.007110407893815545,0.05981474360664999,-3.0,0.0,0.0,0.0,0.0,0.0,3.0,0.0,0.0,0.0,0.0,0.0,0.4678130705877566,0.38748253521516873,-0.8527633758063177,1.0537555554257656,-1.6212316105079323,-0.46814524560295717,1.4516855272649178,-0.6687713976755163,-0.5483298344829204,1.1433761160561942,1.1604918947402818,1.183447271978459,-0.5503781756945937,-1.088107560656194,2.6442533861938813,13.452199917128782,22.571170781643765,21.84571143795633,-2.847015646412662,-3.1147949645795148,0.7287453375465855,-3.1604799626918494,-5.325352485304606,-17.48690695296251,24.25857962167497,2.7318818046199125,-3.035190002462291,-0.7273103097335745,False,False,False,False,False,False,False,False,False,False,False,False,False,False,False,False,,,,,,,-0.4199442340623146,0.3595581454591825,0.4076780098255571,-0.0002614043647615194,0.44202556176179214,0.11278680675706125,0.005292667014785561,0.5486545257835344,0.11869424990285268,-0.001635800816940672,0.5486545257835344,0.11869424990285268,0.04187574887231159,0.03573533594877539,-0.04730963998927722,0.012080123416631353,0.5486545257835344,0.11869424990285268,0.048573583715218416,-0.04661210086280569,0.04677494016200047,-0.002396517083431948,0.49642721828633785,0.08707299554073683,0.019937073938196992,0.0002797809691842257,-0.051311619826343656,-0.0036356206871796123,0.4993724450431744,0.09242504882783376,0.022775111683952964,0.006950986841462361,0.048435977002624094
3.04,THROW,-0.4209514300153166,0.34781553319402425,0.4095515248052755,0.7074489787428139,-0.039234691437095535,0.03918935586553471,0.7045855348007295,-0.003419173438483151,0.5141914643889766,0.10189754162317657,0.017896095284307873,-0.04491651618085196,-0.00010102990276174642,-1.5520125283848714,0.3451332160901954,3.5403070628774693,-0.056868978346386205,-0.05597240141960495,-0.052397541118451754,1.4493411102537597,0.08560722556373791,3.982298993307644,0.002655305527232138,-0.007466192071754015,0.046391660838915945,-3.0,0.0,0.0,0.0,0.0,0.0,3.0,0.0,0.0,0.0,0.0,0.0,0.4784823101133892,0.4368287689405973,-0.8543784689535154,1.1240923656402888,-1.6085300038022685,-0.5354195007998624,1.498128824521561,-0.7113288591769267,-0.5537495577276043,1.1649846537827948,1.2308802775262933,1.183164984074452,-0.5732272376193127,-1.1345526834708042,3.146099910873031,13.948654211284914,22.147945345684217,20.98824455069981,-2.7520039924743456,-3.0345277960222243,0.7456842736748625,-3.4234951392700284,-7.121872812167687,-17.184589739328885,23.428296683977486,2.7352708867532622,-2.9637259467836286,-0.770664391845422,False,False,False,False,False,False,False,False,False,False,False,False,False,False,False,False,,,,,,,-0.4199494275101723,0.3685600590002722,0.410082429055921,-0.0002576905069529012,0.45812505898021805,0.1277948360697052,0.005196205751107944,0.5587460277518079,0.13559648650287592,-0.0021474856938212177,0.5587460277518079,0.13559648650287592,0.037495048918304234,0.03512141786409109,-0.036964350772260214,0.012501447627563058,0.5587460277518079,0.13559648650287592,0.04514089968560597,-0.046483648577229815,0.03580198277930462,-0.0010990570801813595,0.5126041304994162,0.11019985801970736,0.025016285503144164,0.010868700300273334,-0.05155217568996769,-0.004179773236296231,0.5141320582999662,0.1159423971964885,0.030267183077220983,-0.003428387504975621,0.045869557316782515
3.06,THROW,-0.4210012430997689,0.35824893972542754,0.4118028821295008,0.7074519450687237,-0.038844535166130095,0.03902968056366153,0.7046130367381132,-0.002301032122798362,0.5270646713808539,0.12076285429719877,0.01736630083434021,-0.0440977166824358,0.003628276641925939,-1.3975844212457211,0.3613793661660291,3.4455470535655364,-0.05311616309973212,-0.05267961379134801,-0.045765174845640084,1.2436340171743094,-0.05849919277359797,3.988075086162414,-0.0016112315974445798,-0.023412770636261623,0.023086493253215098,-3.0,0.0,0.0,0.0,0.0,0.0,3.0,0.0,0.0,0.0,0.0,0.0,0.49765836523826956,0.485093542338053,-0.8654528115463936,1.1909654233445388,-1.5892097830634995,-0.6003738014368922,1.5404340958776979,-0.7624601805384957,-0.5543066001305467,1.1947828480001845,1.2961711886288625,1.1815814690004343,-0.5911493043331988,-1.1823620662370422,3.458047960562918,14.33992241554343,22.28835664969173,20.791260820319266,-2.7071287382890734,-2.9872969174906743,0.7359294695432861,-3.698159674249604,-6.396298770846906,-17.366595413448447,23.2296301242286,2.744162887618379,-2.9447571418122873,-0.7767943660744434,False,False,False,False,False,False,False,False,False,False,False,False,False,False,False,False,,,,,,,-0.4199545316860309,0.37788151848371276,0.41279539205996013,-0.0002524771648647617,0.473980155996867,0.14364118412457277,0.005231789214459487,0.5695646131412768,0.15347629659710754,-0.0028185386047012723,0.5695646131412768,0.15347629659710754,0.03275833973808668,0.03315750181154235,-0.02702912487618812,0.013507595658978503,0.5695646131412768,0.15347629659710754,0.04098855744059126,-0.044954997244292805,0.025490487429589006,8.861948003157084e-05,0.5256930590462531,0.12997500506197884,0.022920911773830266,0.012841042506800796,-0.04626779414532392,-0.0048266641735037205,0.5261329566096442,0.13633327006702348,0.02857595196647522,-0.007106552369423596,0.04049208119561884
3.08,THROW,-0.4210516863927884,0.36892200849514517,0.4144227536933216,0.7074403062581307,-0.03847044734722499,0.03887170132092202,0.7046539779201729,-0.002852704368382895,0.5384844311547253,0.1391193419758269,0.01614068705691862,-0.04261456958399777,0.004681676813063366,-1.2374959511619559,0.3743082525117661,3.4641364387199527,-0.05187419535006634,-0.044392681033983895,-0.03741254767747707,1.0664250572678935,-0.12380010803528228,3.9244999379522714,-0.002703043419763344,-0.024112728818153684,0.005291319740509381,-3.0,0.0,0.0,0.0,0.0,0.0,3.0,0.0,0.0,0.0,0.0,0.0,0.5245987604716684,0.529132953683797,-0.8828415021623749,1.2589473455356432,-1.5636098178305904,-0.6615056867162181,1.575503960870486,-0.8203196871214927,-0.5552774309325654,1.2307838929617456,1.362308877833763,1.1783628433125497,-0.6083537394387536,-1.2288598170320442,3.6696592658521756,14.593376138526812,22.418786830345006,20.871319910892268,-2.657430442594137,-2.9401503044901256,0.7174768110008839,-3.9111808713042526,-6.708019080234896,-17.554403220035873,23.249209116622115,2.7668486892481168,-2.9394076328753838,-0.7775638765430002,False,False,False,False,False,False,False,False,False,False,False,False,False,False,False,False,,,,,,,-0.419959516600205,0.38751763590546845,0.4158336652125188,-0.0002457643384971009,0.48959085281173836,0.16032585092166388,0.005544226971731626,0.5807151268146701,0.17218889205461055,-0.0032852491178652467,0.5807151268146701,0.17218889205461055,0.02847253253407008,0.0311079950309796,-0.018371605944229357,0.01474901715699678,0.5807151268146701,0.17218889205461055,0.0371723640770246,-0.043023074604265216,0.01636492525550752,0.0011710358947608856,0.537261275480694,0.1492946485791931,0.020033605471735383,0.0116282288200444,-0.03877342308746155,-0.005077618057850473,0.5371498386801162,0.15609073508577545,0.026583238150409638,-0.006613224264166412,0.034139137708769085
3.1,THROW,-0.42110714053684034,0.3798157925943597,0.4174121574874262,0.7074203956549824,-0.038115509894436045,0.03871610297591837,0.7047018199828877,-0.0028622191161739156,0.5493349791535452,0.15762582599471983,0.015183658796837828,-0.041329386811808005,0.005768888051601187,-1.0774390011273902,0.3871008928466294,3.4665273585668883,-0.049413993615378564,-0.03797363960015333,-0.02886005310200638,0.8796692407417843,-0.15655096380895406,3.8484971461707356,-0.0038632412050063547,-0.021987537370257555,-0.008815396408390278,-3.0,0.0,0.0,0.0,0.0,0.0,3.0,0.0,0.0,0.0,0.0,0.0,0.5605501101820474,0.5666582128122285,-0.9067826654789248,1.3306746899727129,-1.5323664113777153,-0.7173386086292843,1.6032730589019906,-0.8847941385041305,-0.5497575428305574,1.2725938923063156,1.4298527771552367,1.1751802833641645,-0.6228498720983501,-1.273988569814314,3.840885498545165,14.798747113771181,22.521787962084517,21.073801120357977,-2.612500650663508,-2.882363777409185,0.7012899446172016,-3.9932033565695635,-7.385796993940765,-17.8041806800359,23.367521108352893,2.8168369795552213,-2.864662441275308,-0.7848687637932298,False,False,False,False,False,False,False,False,False,False,False,False,False,False,False,False,,,,,,,-0.4199643522630089,0.39746352326150375,0.41921401488844146,-0.00023755202785002982,0.5049571494248325,0.1778488364609786,0.005810102395660302,0.5921229131657348,0.19170080234909223,-0.003832618738582769,0.5921229131657348,0.19170080234909223,0.024735840017974645,0.02939588950606718,-0.011249295962059112,0.015847873713427617,0.5921229131657348,0.19170080234909223,0.033874662596685576,-0.041005537663450345,0.008571209646972921,0.0020783897587445693,0.5482784756597611,0.16906631242517278,0.017304976035777075,0.009670850338087397,-0.03126702147172981,-0.005465465963832302,0.5475916651701132,0.1762628344152534,0.02381290932450497,-0.00652170156340144,0.027661247636396612
3.12,THROW,-0.42116074847579754,0.3909271236259116,0.4207703907299837,0.7073944930949704,-0.03777136987593942,0.03857072184098586,0.7047543218549788,-0.002729218135360889,0.5602513852092413,0.17640943193853603,0.017279345576174103,-0.032352009211252725,0.0065714719816298995,-0.9670333599734828,0.5295196932422253,3.535638838251427,-0.10249076065084761,-0.007809768713842969,-0.059485032101044916,0.6822859835697446,-0.3367783014534585,3.794261802167279,0.02989274519555856,-0.030524022674705373,-0.014148439232767781,-3.0,0.0,0.0,0.0,0.0,0.0,3.0,0.0,0.0,0.0,0.0,0.0,0.6051600472686365,0.5971608191651694,-0.9365282193773575,1.4076666301402492,-1.469304696025705,-0.7665542942735482,1.6238615105738925,-0.9567025725123752,-0.5356916664956248,1.3197976673785852,1.4997613432114858,1.1728519121436423,-0.6310552937433255,-1.3195803219408027,3.965645749179049,15.03485354168496,22.795213176390554,21.348876532589458,-0.9284068164440817,-2.8405962455513385,0.6722410454098553,-3.8400077305418567,-6.636998173023539,-18.405207732654564,23.483921257325747,2.841751303634793,-2.6881207960810825,-0.7980285580769026,False,False,False,False,False,False,False,False,False,False,False,False,False,False,False,False,,,,,,,-0.41996900868475706,0.40771429254778324,0.4229532074625727,-0.00022784023292343747,0.5200790458361497,0.19621014074251683,0.006025289340157552,0.6036857349963981,0.21216608865319136,-0.0044635367313144185,0.6036857349963981,0.21216608865319136,0.021690296789529023,0.028024171975945596,-0.005502206990870794,0.016785825006448395,0.6036857349963981,0.21216608865319136,0.031133501147594524,-0.039133342796542514,0.0019242306492104602,0.0030120249836576864,0.558965465929766,0.18960833683261735,-0.007287548579985703,0.01564257930768001,-0.03552702986997658,-0.006029073667470034,0.5577598006535777,0.19705002055041881,0.0189635554463099,-0.006141566034971827,0.022817792323167305
3.14,THROW,-0.4212060547001065,0.4022534073694958,0.4244976264735293,0.7073556773618904,-0.03742189637266762,0.03843012558991318,0.7048196030353572,-0.0025735594911527808,0.5708652884058504,0.1943861236725816,0.015202397478201565,-0.03524240949675878,0.007706787207911159,-0.8203997699736231,0.5192094435919566,3.566518544784503,-0.09413679385214234,0.0025737053128436116,-0.054034114246774644,0.48428270573768784,-0.3201350087705119,3.5398164141140924,0.019113954018122045,-0.014231745377158609,-0.01818757328645546,-3.0,0.0,0.0,0.0,0.0,0.0,3.0,0.0,0.0,0.0,0.0,0.0,0.65789012354735,0.6179005635191008,-0.9727904044876903,1.4868874021269172,-1.4357631303032383,-0.809542471219666,1.64404316807675,-1.0347301775422568,-0.515742327027206,1.3720045805367689,1.5728364389977636,1.1738637023070018,-0.636365520699571,-1.3636573835941361,4.174614535892531,15.382363410543906,22.994644423930232,21.707067536409962,-0.7721672642625532,-2.7651065882670562,0.6613228660521661,-3.9667825875030993,-7.303241475150189,-18.73141288108924,23.679803653003788,2.9536966545521,-2.6251590707525425,-0.8204736983505718,False,False,False,False,False,False,False,False,False,False,False,False,False,False,False,False,,,,,,,-0.41997345587576396,0.41826505576027123,0.427068009309757,-0.0002166289537172128,0.5349565420456895,0.21540976376627857,0.006199068910442839,0.6154372634858588,0.233651636771009,-0.005008012917564993,0.6154372634858588,0.233651636771009,0.02088636919094112,0.026524094912169158,-0.00016185950701328448,0.017852047025962953,0.6154372634858588,0.233651636771009,0.029079903304219973,-0.03722840903480575,-0.0036521648761831463,0.0042189245233588595,0.5696821949530327,0.21077409962387808,-0.008522725863332248,0.013552606136117584,-0.02955334570082351,-0.006741970336882502,0.5678490519895601,0.21857782401112535,0.01742791993230086,-0.0049039292567765215,0.018198583939189248
3.16,THROW,-0.42124050364675664,0.4137919758863687,0.4285843302648859,0.7073097141588804,-0.03705176346976241,0.038258082336698813,0.7048946405074892,-0.0013578694227390558,0.5816197250270495,0.21248190506051368,0.014761567883446776,-0.04084120051403117,0.008617852829543188,-0.6511481292125233,0.4884520574862631,3.5472910467991814,-0.08415979743136195,0.00661959630952901,-0.048937197355646646,0.28104762077178613,-0.2516822505225934,3.230057259657465,0.020394894687521172,0.0026750263954186076,-0.017233504939493296,-3.0,0.0,0.0,0.0,0.0,0.0,3.0,0.0,0.0,0.0,0.0,0.0,0.7208542344816925,0.6300195210719776,-1.0158809934814024,1.5716604215045882,-1.4025627270718288,-0.8450677939139494,1.6627066433905782,-1.1191423992613887,-0.48579910588506536,1.4271580463569056,1.6489959689407478,1.1799739070611317,-0.6356795954300466,-1.4096811638551623,4.25758070944709,15.60120038771235,23.489887263467192,22.01435975714982,-0.6643131307540854,-2.5624656641539927,0.6658239535092951,-3.688204093073342,-7.972213593963999,-19.309252108003655,23.809468880139995,2.981374836407888,-2.3893136856835477,-0.8275862760459717,False,False,False,False,False,False,False,False,False,False,False,False,False,False,False,False,,,,,,,-0.41997766384634394,0.4291109248949323,0.4315751868048387,-0.00020391819023157787,0.5495896380534522,0.23544770553226396,0.006182085080478683,0.6273096089066035,0.25621775519824375,-0.005932482060680698,0.6273096089066035,0.25621775519824375,0.020163958971324517,0.025571594189852588,0.004027036864991996,0.018458168366114247,0.6273096089066035,0.25621775519824375,0.027368290329653377,-0.03541286966126731,-0.008283944094613232,0.005237266561386581,0.5806380787152133,0.23283224105559863,-0.009423653094020157,0.011064477372517482,-0.02567331623065178,-0.007390684855579303,0.5775000697674388,0.24115389532922724,0.01594574564545015,-0.0035405442087119185,0.013649013750171256
3.18,THROW,-0.42125934991209535,0.42554361713041605,0.43302066710010917,0.7072748051237905,-0.036602712489101435,0.03796668501799216,0.7049688803800417,-0.0005133454186462418,0.5920267743504161,0.23059198261487446,0.014878019890401111,-0.056002658959867876,0.00951906771290001,-0.5336317211146554,0.48055726969416823,3.4178892216168717,-0.07782143702355176,0.007448558719615118,-0.03632197351960099,0.2558430301617348,-0.18506989070256505,3.2157350218073035,0.014976068096986345,0.0010252379600155224,-0.017093040394313346,-3.0,0.0,0.0,0.0,0.0,0.0,3.0,0.0,0.0,0.0,0.0,0.0,0.7925239734644829,0.6320830818577395,-1.064728068803232,1.6612244458548076,-1.373266029646737,-0.878542447816918,1.6831695344892248,-1.209237574520307,-0.4442370827553617,1.48280473725877,1.7287960219939036,1.1923480751668403,-0.6298093460400432,-1.4579406896722338,4.384505292683848,16.393760147711344,22.33593020882538,22.39370385081881,-0.5485698667559911,-2.5632342681848987,0.6952876754164483,-4.075082662594535,-9.120275145023047,-18.840624886394387,24.09183569009088,3.0361147336548293,-2.5017229475985943,-0.8174170049293085,False,False,False,False,False,False,False,False,False,False,False,False,False,False,False,False,,,,,,,-0.4199816026068114,0.44024701194773086,0.4364915063226624,-0.00018970794246642164,0.5639783338594371,0.25632396604047275,0.006209428396918291,0.6393331999941427,0.2801652762995062,-0.006671871280416028,0.6393331999941427,0.2801652762995062,0.019369947456838538,0.025090894066913956,0.007270121045338364,0.01934845153013413,0.6393331999941427,0.2801652762995062,0.025977959674655205,-0.03381213935581381,-0.012019551883428231,0.005982869824566447,0.5912905871831264,0.25634862588237023,-0.010550214283253201,0.012042008651602753,-0.01977131620690517,-0.007517837961865073,0.5863847296990662,0.2653003231935216,0.015074433970518886,-0.003971187252424801,0.0077535182728689514
3.2,THROW,-0.4212412789960698,0.43749224906424194,0.43776037058512063,0.707214195741955,-0.03598264814460735,0.03755628858189352,0.7050835805502175,0.00021391727957737773,0.601744329911192,0.24159003148118346,0.00045156320759862263,-0.08575970991641481,0.014038166599110325,-0.35688996531123884,0.32936846474279924,3.06814356572383,-0.03519532412558936,0.017383005783192247,-0.013844860240032082,0.008534350688807002,-0.0008542428882624466,2.222422864475964,0.010820709140546746,0.00862555810450447,-0.005954600984843242,-3.0,0.0,0.0,0.0,0.0,0.0,3.0,0.0,0.0,0.0,0.0,0.0,0.8717181060921341,0.6257478278965204,-1.1160862690224178,1.756045310682293,-1.348270808531667,-0.9034893841468186,1.709332971864861,-1.3048381172637202,-0.39207078884035385,1.5395663503675725,1.8134919442567574,1.211864144473348,-0.6147497876300875,-1.5111807646908078,4.485242840215941,17.22031174708136,22.494381652561707,22.79389320233546,-0.5904841371002538,-2.716494159950467,0.747009760850665,-4.5005041827150905,-10.03198296349167,-19.08834474815892,24.43806797208522,2.9809606869516587,-2.134326717091631,-0.8130510429119692,False,False,False,False,False,False,False,False,False,False,False,False,False,False,False,False,,,,,,,-0.41998524216748073,0.4516684289146314,0.4418337342380725,-0.00017399821042174413,0.5781226294636452,0.27803854529090516,0.005944925941143437,0.6516198682956571,0.3063854892909223,-0.007889853710077652,0.6516198682956571,0.3063854892909223,0.018791951745195472,0.024560327913039873,0.009611505455858692,0.020985145719282824,0.6516198682956571,0.3063854892909223,0.024774045205481973,-0.03236772114235182,-0.014721137152667225,0.0065776220162006285,0.6016963306081475,0.2819203644466776,-0.012398776604733985,0.011623922284829264,-0.01623041168835872,-0.00774554954696878,0.5954985196142684,0.29007197971819876,0.012414253651817697,-0.0019156747673183003,0.005200157379627156
3.22,THROW,-0.4212654360772388,0.4496262532844054,0.4427441485031535,0.7071421188786264,-0.0353424563351603,0.03664968511385086,0.7052359428369348,-0.001656589872348422,0.6108340993183584,0.25730945092305635,-0.022064865381909333,-0.11996406486216554,0.016078000625968297,-0.2855309132276688,0.34994208369589797,2.914949089826025,-0.03010639997250667,0.013490279235189825,-0.008002748677065973,0.00983037795129788,-0.00420210200746048,2.2075742723889915,0.01115472124238401,0.008328212324813827,-0.007337450623258064,-3.0,0.0,0.0,0.0,0.0,0.0,3.0,0.0,0.0,0.0,0.0,0.0,0.9556248086491197,0.6119580536946593,-1.1719646659854135,1.8547468531180744,-1.3323389021070982,-0.9277401108583745,1.741072248379657,-1.4015264526829254,-0.3275882447826103,1.5905742137411563,1.902893502422671,1.243856643447107,-0.5970103295953847,-1.5705236275417218,4.732025285785371,17.894633646523516,21.335287090632125,23.261753074207675,-0.5435437380528999,-2.5975493177817146,0.7600426240810998,-4.421997309606246,-11.372105612608383,-18.726003668899867,24.688674943749096,3.079819145157618,-2.309820121350803,-0.847372441698178,False,False,False,False,False,False,False,False,False,False,False,False,False,False,False,False,,,,,,,-0.41998855253866635,0.46337028779159817,0.4476186369259134,-0.00015678899409754532,0.592022524866076,0.30059144328356124,0.006417211002083791,0.664181639661237,0.33431803348703804,-0.007745492298668882,0.664181639661237,0.33431803348703804,0.01844539702938901,0.024231042961253318,0.01115482062402549,0.02141562040017683,0.664181639661237,0.33431803348703804,0.024140580969875314,-0.03104241274157239,-0.01656166015763043,0.007953230597798455,0.6118181588907413,0.3086813410910567,-0.012616471736359047,0.010475724975700304,-0.011322210565606491,-0.007217103247973929,0.6035369775581435,0.3171026194919503,0.011795547494670933,-0.001741154011855181,-0.0015322986682359731
3.24,THROW,-0.4212787251225043,0.4619451630631349,0.4481350089952276,0.707063212381837,-0.03457778549503637,0.03554831820682904,0.7054093191326609,0.0011061398933291473,0.6200423806581372,0.27907444821306354,-0.012351737352139468,-0.1336514216502613,0.016995087124725323,-0.020916013226225,0.15729774125571225,2.2305100972451086,-0.013400625124026145,0.007801654789060787,-0.0046524033486952,-0.02573053772784009,0.03407614423545576,2.2670677682128133,-0.00015933596143935473,0.001185450645582394,0.0013392652657553193,-3.0,0.0,0.0,0.0,0.0,0.0,3.0,0.0,0.0,0.0,0.0,0.0,1.049797946949954,0.5845821439548029,-1.2332445371127605,1.960656602625725,-1.320830292851545,-0.9460614414975101,1.774538181557965,-1.499638173473945,-0.25097859268191264,1.6413989277040455,1.9965777459582001,1.2805637349138634,-0.5719199490916507,-1.6314400141560501,4.803811271480976,19.10666070417558,21.38418590469985,23.587478100976703,-0.4812169479774483,-2.6453281385321072,0.7932629569742058,-4.074635374126195,-12.335795137847716,-19.342500052819044,24.855728358901295,1.3897103247106959,-2.057994269827648,-0.85393196824048,False,False,False,False,False,False,False,False,False,False,False,False,False,False,False,False,,,,,,,-0.4199915037306828,0.4753477005745959,0.4538629807610297,-0.0001380802934937697,0.6056780200667293,0.32398266001844067,0.006286372734406286,0.6768632090617053,0.3623288698352598,-0.007989034276175278,0.6768632090617053,0.3623288698352598,0.018158191289212613,0.023961723817722706,0.012000795486472326,0.021312029165566182,0.6768632090617053,0.3623288698352598,0.022760586238729466,-0.03063247415589006,-0.016892889350696418,0.009247694543863804,0.6220617000017381,0.3366046851374055,-0.013788887314094112,0.012751604430511649,-0.008456564237935244,-0.008180422341190756,0.6124846281358715,0.3428562920552328,0.007065100172160221,-0.0008955200382859534,-0.0005256925084040525
3.2600000000000002,THROW,-0.42116576809730755,0.4744346514751584,0.45390745381058306,0.706998049592349,-0.03345389742916543,0.03467637373494094,0.705572210141533,0.008106181236077141,0.6285163166177011,0.2984973889593415,0.029802152604953766,-0.14012127351198775,0.019112227074219307,-0.02225153623558259,0.14812967035782998,2.2392396726251356,-0.01316488854773686,0.0078344863319598,-0.004340150368249518,-0.030971467560199598,0.03209989910648792,2.2744722800770507,-0.00031039906239582667,0.0009782224417340646,0.001437871253834027,-3.0,0.0,0.0,0.0,0.0,0.0,3.0,0.0,0.0,0.0,0.0,0.0,1.158576536152677,0.5493795801351186,-1.3008906264138458,2.077862886706475,-1.317867205327182,-0.9568401046993704,1.8143446211471894,-1.5918790165476526,-0.16460393444008797,1.6817084889065474,2.0938705571936964,1.3335407107204595,-0.5485014339947939,-1.701431516193952,5.106074876624366,19.969421043159645,21.49792838310606,23.87820741392077,-0.4820117129102217,-2.5892238686246136,0.836822523502508,-3.894423781171551,-13.399192519218863,-19.476190359275403,25.15741085740823,1.4369848148338202,-1.9836690070901892,-0.8950728631190294,False,False,False,False,False,False,False,False,False,False,False,False,False,False,False,False,,,,,,,-0.4199940657538443,0.48759577925958886,0.4605835321182659,-0.00011787210861058384,0.6190891150656056,0.3482121954955438,0.004632235537832624,0.6899171718107073,0.3924358084327903,-0.010456241384624995,0.6899171718107073,0.3924358084327903,0.017861013732059797,0.0236879433700571,0.012678730648295371,0.019706959751464907,0.6899171718107073,0.3924358084327903,0.021306418408612846,-0.031045449321730405,-0.016172258285491938,0.008862933961472768,0.632512904762221,0.3662739801165807,-0.0125869712438198,0.011974096200325657,-0.007465102854787645,-0.009367972907179951,0.6202293384749963,0.36951816932228676,0.0031224566123799757,0.0011480341717464582,-0.004251446349902555
3.2800000000000002,THROW,-0.4210012951889547,0.4871057999858935,0.46016039208963716,0.7068981126081774,-0.032206605876424085,0.03385435416958377,0.7057702711454182,0.007335187156349937,0.6378698796152342,0.3248583149019558,0.030440300746238623,-0.1430365315977899,0.025989436529967564,-0.008164206906760691,0.12118299494679327,2.272301901216027,-0.013114784309809243,0.008175086968403496,-0.004997692523793353,-0.008221588397463472,0.05402573479296761,2.2575896108629396,-0.0003589753672581512,0.00032616486970871096,0.0006507918487508855,-3.0,0.0,0.0,0.0,0.0,0.0,3.0,0.0,0.0,0.0,0.0,0.0,1.2733005739918517,0.4979891091912109,-1.3714544998049445,2.1994693577839457,-1.3267947009424632,-0.9647377031625216,1.8592114285210488,-1.6850906660024227,-0.06815540579088442,1.7171104056034576,2.2000485082636807,1.3946408177700755,-0.5256861016696223,-1.7733894842738678,4.979041036019894,19.744100349487606,21.9048067503145,24.05569040576689,-0.4582745999247271,-2.352182780099661,0.8701564580334726,-4.315483416793944,-14.77956658819989,-19.072678659096532,25.433080052553308,1.4820562295040118,-2.0390341865736126,-0.9217670667630473,False,False,False,False,False,False,False,False,False,False,False,False,False,False,False,False,,,,,,,-0.4199962086184653,0.5001096358425416,0.46779705737246635,-9.616443944776565e-05,0.6322558098627047,0.37328004971487044,0.0038345252609473897,0.7029657314665709,0.42243607194550786,-0.011311214806001516,0.7029657314665709,0.42243607194550786,0.01725232599110843,0.023606331760869084,0.012981805117265616,0.018833620535197104,0.7029657314665709,0.42243607194550786,0.020625864880323263,-0.03187508973034125,-0.014948592447765753,0.009288960815562354,0.6422005743477548,0.3956799063460306,-0.012490327130291634,0.012801555851492227,-0.005639563109995454,-0.010296340060415472,0.6283308248591916,0.3961088780750219,-0.00019802712036276482,0.001142812124017476,-0.006872296419967984
3.3000000000000003,THROW,-0.4209034103070209,0.4999646830329661,0.4669598311460941,0.7067507552098876,-0.03095836466552431,0.033008110656725036,0.7060137493692051,0.0027404348838476634,0.6470160640266828,0.3529374546448683,0.027791643376433528,-0.14566210519899495,0.03162858313957711,-0.01880103346728696,0.10693133647216371,2.297757842103976,-0.01304499801636836,0.009216980868076857,-0.004509447385938776,0.022448244287316385,0.07102585531245076,2.249610227384243,-0.00020849081155871425,-2.5318384178851743e-05,-0.00019637358414133872,-3.0,0.0,0.0,0.0,0.0,0.0,3.0,0.0,0.0,0.0,0.0,0.0,1.392381484132537,0.4339513968139287,-1.4427879188355552,2.327148431356557,-1.347535322447057,-0.9724229895259542,1.910286493951538,-1.7781646582048494,0.022563823479256524,1.7481893293722945,2.316180035908357,1.4638404868136536,-0.5055112950199211,-1.8496775383656874,5.144393060135698,19.668226119697035,21.891598390925953,24.322445170452376,-0.44306503064051994,-2.277240125370946,0.9056420983646681,-5.01662825287812,-14.42762422221611,-18.94417417383211,25.741731186610203,1.5241139701264141,-2.123403645950238,-0.9505320430350954,False,False,False,False,False,False,False,False,False,False,False,False,False,False,False,False,,,,,,,-0.41999790233486034,0.5128843823194186,0.4755203228984755,-7.295728600545393e-05,0.6451781044580265,0.39918622267642073,0.003986619895340292,0.7161207445691862,0.4529403216362542,-0.01117250807639424,0.7161207445691862,0.4529403216362542,0.01674441744930472,0.02346476611815694,0.012822695969900044,0.018879405466623637,0.7161207445691862,0.4529403216362542,0.02030247864132553,-0.0335595380564916,-0.013653626252834495,0.010373307811015323,0.6509755690482222,0.42523228574644917,-0.012266505631268299,0.013515845873344406,-0.002651115434892355,-0.010153948077784414,0.6361116455701239,0.4229705555479233,0.003360279085488971,0.01157321911420068,-0.006866727015524151
3.3200000000000003,THROW,-0.42088865573891626,0.5130028345900821,0.4743312276204265,0.7065698485985611,-0.02971951437361315,0.03213475258469578,0.7062882960895808,-0.00045662323508664137,0.6559998954326769,0.3816558985893337,0.02345782950397744,-0.14482570184025534,0.03429066398991493,-0.002922899557241596,0.09445391828365357,2.3111780340718755,-0.012826426047520111,0.008846295646209503,-0.0055403138132525094,0.00484217950072314,0.05581867372400941,2.2506046140460336,-0.0005557058077672017,0.00010391357043737467,0.0007936179641528987,-3.0,0.0,0.0,0.0,0.0,0.0,3.0,0.0,0.0,0.0,0.0,0.0,1.5183293588033029,0.3589863949196624,-1.5168130809206657,2.4643954729197857,-1.3790572950312452,-0.9792019991106161,1.967945029910915,-1.8736232855825998,0.13165048874817833,1.7710838611444741,2.44506992959663,1.5405556384831758,-0.4900566921727287,-1.9312147261809782,5.1478450519491,20.791997860309813,22.260053843437547,24.498465857655866,-0.42341218884390885,-2.013835394454958,0.9443385839425121,-4.687561697122816,-15.621381215405073,-19.441440640587597,25.755058573191274,1.5666337153671859,-1.91025608547997,-0.9929441791476996,False,False,False,False,False,False,False,False,False,False,False,False,False,False,False,False,,,,,,,-0.41999911691334363,0.525915130686184,0.483770095071138,-4.825064828364867e-05,0.6578559988515711,0.42593071438019436,0.004426805998257129,0.7293978469527134,0.4840777911407278,-0.01078754645671495,0.7293978469527134,0.4840777911407278,0.016303889404096075,0.02340218804055418,0.012141580927743471,0.01939759304506862,0.7293978469527134,0.4840777911407278,0.019581002112210085,-0.03668729746081464,-0.012236300603896327,0.01192461709694659,0.6595742574466982,0.45416693495668886,-0.012774703447284708,0.011589354989841337,-0.0014503931154711545,-0.008862561620228748,0.6439521988125548,0.44981402964240613,0.00013547058030538572,0.010721311104078746,-0.008979457616819952
3.34,THROW,-0.4208999486264765,0.5262101988700858,0.482276835781354,0.7063745730267059,-0.028534364243270594,0.03123670418457644,0.7065727287054436,-0.00019708034960628498,0.6634139152414296,0.40912893269064554,0.016495308996201233,-0.1391783665291285,0.033142309318242476,-0.020376325077783124,-0.024698793807420814,2.187803031568148,-0.01353773582175941,0.008126365537382427,-0.004387599531120208,0.0023449870651949577,0.03543378582828307,2.0465504873020595,-0.0014771694913482362,0.0012820413106762146,-0.0008970369006086263,-3.0,0.0,0.0,0.0,0.0,0.0,3.0,0.0,0.0,0.0,0.0,0.0,1.6471163370805881,0.2716304547240081,-1.587180855833115,2.6054358629811607,-1.4237233849229503,-0.9860988908149694,2.0329521683017546,-1.9642521483822724,0.2419023882501279,1.7881096750167784,2.5801835825417814,1.6238891816283172,-0.4902925306114482,-2.0187268667791183,5.803876730448358,21.878233066583604,22.05587479940159,22.58869937456265,-0.3898631536607383,-2.0082992636000245,0.9910512342331811,-5.282790273716168,-17.560095086964004,-17.623919785841952,24.03450168294945,1.5897006881300668,-2.0183126643775715,-1.038586288810213,False,False,False,False,False,False,False,False,False,False,False,False,False,False,True,True,,,,,,,-0.41999982236422984,0.5391969929388025,0.49256314026529796,-2.204452628232212e-05,0.670289493043338,0.45351352482619106,0.004520412951404744,0.7429527630718318,0.5160430882349836,-0.010636466635559894,0.7429527630718318,0.5160430882349836,0.015929190052902175,0.02388412903787773,0.011120752486961514,0.01946690349487261,0.7429527630718318,0.5160430882349836,0.01973025026728262,-0.039471851202234606,-0.010167368849118502,0.012890031130299339,0.6652646021574672,0.48102352314667784,-0.015772442917903806,0.004886385954818961,0.0030777962561995267,-0.00764636777146207,0.6501710197244644,0.4735675086317601,-0.007758772692316285,0.012419847317327488,-0.01599013681280562
3.36,THROW,-0.4208853003824577,0.5393810498964431,0.4904992071314665,0.7062219736008958,-0.027641125811934994,0.03054853352988232,0.7067908313399929,0.0013541513728908862,0.6497381191981214,0.40933576495169005,0.00739709993004869,-0.08938637246942652,0.020773335835945005,-0.14318295369004766,-0.5017139432748869,2.0828176179657736,-0.007998212760347713,0.014744931762106965,-0.0017923646459375123,0.05451745217624318,-0.45243369803266587,1.795015894794103,0.007545161242464266,0.006538825482644482,-0.004854083598107638,-3.0,0.0,0.0,0.0,0.0,0.0,3.0,0.0,0.0,0.0,0.0,0.0,1.7391501595544898,0.16530045301570973,-1.6175484596251377,2.6439391343968954,-1.4474628238665646,-0.9651192159749328,2.047654814747532,-2.0056107389200983,0.3527478344386505,1.7622824070116403,2.6204360879339954,1.6805076344464729,-0.47981114985349427,-2.067745714344799,6.739949273236452,21.764426535904917,25.13925186176462,16.980397568755098,0.574041392941802,-2.5162899244501813,-0.0991200346135428,-4.975490523828027,-18.728050062648013,-21.279201654273596,17.914151328886085,2.300583645917892,-2.098539268652712,-0.48878895185598914,False,False,False,False,False,False,False,False,False,False,False,False,False,False,True,True,,,,,,,-0.42,0.55,0.5,0.0,0.6800603202514721,0.4761833626773901,0.0042461990512054,0.7436896536058603,0.537808448765593,-0.010549779146694537,0.7436896536058603,0.537808448765593,0.019748448602678933,0.029679265708122477,0.006590793425032914,0.019163114359024305,0.7436896536058603,0.537808448765593,0.024923436139059656,-0.04624302676595141,-0.005381965141829899,0.004708277942981981,0.6409773772356229,0.47348110535939514,-0.042087621799852926,-0.030361722773835774,0.03258061901558626,-0.0023338334086674475,0.6322366188739761,0.46149839696469386,-0.05338089534832147,0.04382114446544107,-0.035888375455004735
3.38,RELEASE,-0.42085793957664397,0.5511928685489138,0.49877755962549863,0.7061821671550815,-0.02667203182307308,0.029659891352785146,0.7069056799570383,0.0008904358593093325,0.5415162718508258,0.40952533266151936,0.0032408418696460647,-0.14437411039154935,0.0024597643346631957,1.2081420729721035,0.6310343685189608,1.6251739519277253,-0.012845132686616117,0.0038257616881210966,-0.017368959207189814,-1.3061527178884635,0.6701889081866323,1.5403378431098749,-0.00016941318479923994,0.008104691812182298,0.014920150034086943,0.0,0.0,0.0,0.0,0.0,0.0,0.0,0.0,0.0,0.0,0.0,0.0,1.0514590538319812,0.17685376581895604,-1.1989363018199461,2.1677403747835644,-1.4095595238858005,-1.2909505038730364,1.891636488896364,-1.2154684573593693,0.21547987282047118,1.2829407393810943,2.163835936028206,1.6161942828173972,-0.9277840336110111,-1.9218699398319685,-19.149959578813736,15.9691668982639,3.198368660379945,26.925563189883036,0.4487740069985158,0.8083937583490066,0.5436085569743803,19.673913782961552,-14.852348676276991,0.9683922474579987,26.99351540951093,1.4452632191700108,1.0768414324722306,-0.5876764725486374,False,False,False,False,False,False,False,False,False,False,False,False,False,False,False,False,-0.420876386060714,0.5432448182134808,0.4929575578711506,0.0015266414988530709,0.6411556226652213,0.4099306086301008,-0.42,0.55,0.5,0.0,0.6800603202514721,0.4761833626773901,0.0,0.6800603202514721,0.4761833626773901,0.25,0.6800603202514721,0.4761833626773901,0.0,0.0,0.0,-0.25,0.6800603202514721,0.4761833626773901,0.0,0.0,0.0,0.13209635397229677,0.5129796512978628,0.4688668360761974,0.021323764136434997,-0.027968070795555706,0.26307697131821967,-0.13612491533224746,0.5125536814201023,0.46036771582935904,0.01634289477569517,0.03996588601252451,-0.25962805345476725
3.4,RELEASE,-0.42087159883673414,0.5622009175453574,0.506706871153979,0.706197613529328,-0.025756197870360795,0.028709880615141358,0.7069634302223907,-0.002357700685133443,0.561258336640665,0.383162919659195,-0.00373163717126493,-0.11340006958894762,0.004062581233542826,0.40398592751488976,0.23375071494303282,2.031334228972375,-0.0130650444671446,0.014004871049881103,-0.002286090127986717,-0.528256183357551,0.44871240621077413,1.8402576982017445,-0.0010441015677965498,0.0020220087856395123,0.012147250426483323,0.0,0.0,0.0,0.0,0.0,0.0,0.0,0.0,0.0,0.0,0.0,0.0,1.0885250605948362,0.04742262496108233,-1.2955004784020525,2.2993276544319676,-1.4038594276222274,-1.2769013784094387,1.8609578822646544,-1.223140191801398,0.33025953289682014,1.3558098824506593,2.2838443691283987,1.6225694471501697,-0.908577516432139,-1.9053352481826995,-6.091249367087479,18.032368552194143,11.685284891860407,25.773757468213272,0.46437435932652615,-1.3200545915545558,0.5837208044887077,6.281408770114891,-16.180111655004175,-9.009736062011507,26.131688900258908,1.242450795566059,0.5468375930337301,-0.621671349134133,False,False,False,False,False,False,False,False,False,False,False,False,False,False,False,False,-0.420876386060714,0.5432448182134808,0.4929575578711506,0.0015266414988530709,0.6411556226652213,0.4099306086301008,-0.42,0.55,0.5,0.0,0.6800603202514721,0.4761833626773901,0.0,0.6800603202514721,0.4761833626773901,0.25,0.6800603202514721,0.4761833626773901,0.0,0.0,0.0,-0.25,0.6800603202514721,0.4761833626773901,0.0,0.0,0.0,0.20271544280863402,0.5608603097925877,0.45444266389185073,-0.0005357457692252154,-0.027275763212716856,0.12520810014634426,-0.2104071722276239,0.5613283704829981,0.44415408983288185,-0.0014386978443452492,0.053654500693198715,-0.10342817719907617
3.42,RELEASE,-0.4209299321599906,0.5735399726532243,0.5136559317817171,0.7062053176958227,-0.024481285283268248,0.027027313482308163,0.7070673519933944,-0.0032258440705012427,0.5676727660050406,0.2930258630587459,-0.04814359969622023,-0.2871073522468071,0.005644833583855619,0.11503554554664723,0.016956272793613975,2.142814948112526,-0.012923879939631715,0.014968394088127203,0.0018102007112058742,-0.2431074745198566,0.313150182695014,1.8985811698357709,-4.967176995940328e-06,0.0022588371304628164,0.010583616436225053,0.0,0.0,0.0,0.0,0.0,0.0,0.0,0.0,0.0,0.0,0.0,0.0,1.1723176254172523,-0.07293013724765993,-1.3523520796348094,2.4396956914055976,-1.4040416222374856,-1.2618085466017548,1.842005723253848,-1.2787531762401807,0.4479344904657361,1.3879290051546995,2.416613670320447,1.629449212590854,-0.9093951794535913,-1.897128045815458,-0.4675000472820669,20.042655274233816,15.454277620678987,23.86829038778839,0.37276358558981615,-1.8542680698537224,0.5905732230135443,0.3827759986491933,-20.038597514413883,-12.828003007973631,24.4993641472443,1.2724502962097017,0.22593479388924587,-0.6009492260436936,False,False,False,False,False,False,False,False,False,False,False,False,False,False,False,False,-0.420876386060714,0.5432448182134808,0.4929575578711506,0.0015266414988530709,0.6411556226652213,0.4099306086301008,-0.42,0.55,0.5,0.0,0.6800603202514721,0.4761833626773901,0.0,0.6800603202514721,0.4761833626773901,0.25,0.6800603202514721,0.4761833626773901,0.0,0.0,0.0,-0.25,0.6800603202514721,0.4761833626773901,0.0,0.0,0.0,0.23495798777473453,0.5828115385905538,0.45389993363409636,-0.0028644172422500613,-0.021185575768966108,0.054241220318081894,-0.24326295356641936,0.5835595183867007,0.4389751169646995,-0.010819094690568853,0.044341320598517135,-0.035382871363086155
3.44,RELEASE,-0.42099444904140065,0.5848934279733254,0.5173582490428921,0.7062282225031254,-0.022789608558413752,0.02466060912043011,0.7071875181588264,-0.0032258440705012427,0.5676727660050406,0.09682586305874585,-0.04814359969622023,-0.2871073522468071,0.005644833583855619,0.01389278772397583,-0.1099624336129308,2.0891374701326186,-0.013023477373463734,0.014470769403775747,0.003718342923808067,-0.085311062331948,0.03325925401821923,1.922840722225943,-0.0002451209509795044,-2.9141971480239872e-05,0.0014580373795807962,0.0,0.0,0.0,0.0,0.0,0.0,0.0,0.0,0.0,0.0,0.0,0.0,1.2726569497945626,-0.1972446161860296,-1.3829248335535735,2.580004742505872,-1.4144158629024632,-1.2556059813010323,1.8302643790731532,-1.3512141748786313,0.5565694784098907,1.399284080418385,2.5521333224591105,1.639368458324508,-0.9383794695549303,-1.8940087362675126,1.780101238520695,22.37783758280692,16.76550862732397,22.230085503391464,0.40130930422130806,-2.0736855023771303,0.6144222401780182,-1.6362553017459995,-22.81987602165681,-14.9596212549759,23.102012749355772,1.2158607161389838,-1.0100562022844342,-0.6178461545199754,False,False,False,False,False,False,False,False,False,False,False,False,False,False,True,False,-0.420876386060714,0.5432448182134808,0.4929575578711506,0.0015266414988530709,0.6411556226652213,0.4099306086301008,-0.42,0.55,0.5,0.0,0.6800603202514721,0.4761833626773901,0.0,0.6800603202514721,0.4761833626773901,0.25,0.6800603202514721,0.4761833626773901,0.0,0.0,0.0,-0.25,0.6800603202514721,0.4761833626773901,0.0,0.0,0.0,0.24803830170505747,0.5901672119537033,0.45467226902803465,-0.0015081807943797543,-0.012079773111701306,0.025589425816079422,-0.25527827532512704,0.5896624605077281,0.4365183093754265,-0.0134075613740392,0.03401452253680702,-0.022181970862312148
3.46,FOLLOW_THROUGH,-0.4210589659228107,0.5962468832934266,0.5171365663040671,0.7062451398904561,-0.02109773862270605,0.02229369568531076,0.7073016887713545,-0.0032258440705012427,0.5676727660050406,-0.09937413694125415,-0.04814359969622023,-0.2871073522468071,0.005644833583855619,-1.0927691585813752,-2.190040893818868,-0.6310923722077492,0.050402077117608426,0.05141395371692031,-0.022546432895481514,0.9513675510370688,-2.3577812673339955,-0.6855800094227342,0.06304970787554802,-0.04197822355225745,0.011811812934167977,0.0,0.0,0.0,0.0,0.0,0.0,0.0,0.0,0.0,0.0,0.0,0.0,-0.3261770325642904,-0.03559882604338936,0.12560301363409485,0.5500176244942914,0.07017092725698879,0.27918406187183853,-0.06490398232828559,0.3411453927749454,0.07638797562454981,-0.0705316075794516,0.5594181284607754,0.22741427663090746,0.24987658534366328,0.017432010879932625,18.990184862469217,25.871420319973776,24.93611266216297,-33.55752198075765,21.484313834728603,0.34004702762674066,-15.200561208099057,-20.891896545840673,-39.38765472810614,-27.906276524159267,-33.22470208869939,-39.45309722660181,-2.1627991271362172,16.802521889591922,False,False,False,False,True,False,True,False,False,False,False,True,False,True,False,False,-0.420876386060714,0.5432448182134808,0.4929575578711506,0.0015266414988530709,0.6411556226652213,0.4099306086301008,-0.42,0.55,0.5,0.0,0.6800603202514721,0.4761833626773901,0.0,0.6800603202514721,0.4761833626773901,0.25,0.6800603202514721,0.4761833626773901,0.0,0.0,0.0,-0.25,0.6800603202514721,0.4761833626773901,0.0,0.0,0.0,0.3159149294274528,0.2319654336429426,0.2592335065753287,0.3843798720566684,0.32217310829338974,-0.8668042986599279,-0.33386767816940477,0.23922846231710249,0.22942489781067213,0.5179188152516688,-0.10094380668086225,0.7970741041325183
3.48,FOLLOW_THROUGH,-0.4211234828042208,0.6076003386135277,0.5129908835652418,0.7062560697143887,-0.019405689819859403,0.019926593243699543,0.7074098628630372,-0.0032258440705012427,0.5676727660050406,-0.29557413694125423,-0.04814359969622023,-0.2871073522468071,0.005644833583855619,-0.4293230402343627,-0.7744022704968233,0.3033359898829069,-0.006995535056356737,0.004031345592917226,-0.0047180756557083006,0.7068695740927332,-1.132716771078772,0.326936778022367,-0.006758235171710351,-0.009757927911904267,-0.02203397055835192,0.0,0.0,0.0,0.0,0.0,0.0,0.0,0.0,0.0,0.0,0.0,0.0,-0.4969109664811553,-0.1413598845229462,0.3481321319105391,-0.10257063116627294,0.4796109233104795,0.6371411683264814,-0.6391988399630991,0.5099400105635307,0.1368549306447924,-0.32490013071580953,-0.08002434453852592,-0.49877496170576124,0.5575354491561237,0.6441958653750396,5.287690180137078,13.250519517572592,17.630789009876757,-7.950610919538224,2.2927146484094845,0.7818999150032416,-1.8563558197099905,-8.323590238811706,-15.09277428278714,-16.871175075100624,-7.8028788749924125,-2.6437479251173484,-2.9445749747067405,1.8591065793296395,False,False,False,False,False,False,False,False,False,False,False,False,False,False,False,False,-0.420876386060714,0.5432448182134808,0.4929575578711506,0.0015266414988530709,0.6411556226652213,0.4099306086301008,-0.42,0.55,0.5,0.0,0.6800603202514721,0.4761833626773901,0.0,0.6800603202514721,0.4761833626773901,0.25,0.6800603202514721,0.4761833626773901,0.0,0.0,0.0,-0.25,0.6800603202514721,0.4761833626773901,0.0,0.0,0.0,0.22972434778112025,0.10990839449635845,0.050398212847070516,0.2861224959297493,0.3999108534082381,-0.863571594743145,-0.2350394154259046,0.11788849651146921,0.03725544740918418,0.2797927711802437,-0.41299499621681124,0.8380458892954509
3.5,FOLLOW_THROUGH,-0.42118799968563086,0.6189537939336288,0.5049212008264169,0.7062610118822596,-0.01771347649510456,0.017559321863948266,0.7075120395167728,-0.0032258440705012427,0.5676727660050406,-0.4917741369412545,-0.04814359969622023,-0.2871073522468071,0.005644833583855619,0.285449924513518,-0.2910108168754489,0.7690931829792084,-0.0037446771209607662,0.005128563575968576,-0.012744662631724302,-0.016692331330845352,-0.5367260353002018,0.550247334074642,-0.007277127460177543,0.013307407776531822,-0.0035456175345879508,0.0,0.0,0.0,0.0,0.0,0.0,0.0,0.0,0.0,0.0,0.0,0.0,-0.7203157146393223,-0.2914869253419011,0.5754619525814344,-0.5448592250013973,0.7755248835629751,1.0131782907225766,-1.03600028678366,0.74059393996002,0.28712927207433736,-0.5648521075162983,-0.5004086888204192,-0.730436408979755,0.5604148630319035,0.8320952979052251,-8.956376732794995,12.369196744666617,13.118552244127576,3.228227515066454,2.456428205990931,2.1648960310569016,-1.9349552950531623,5.790390096681923,-12.848261099543762,-13.50199454125895,1.563916652953111,0.7488296263590157,0.6479394566890293,0.1620975567568851,False,False,False,False,False,False,False,False,False,False,False,False,False,False,False,False,-0.420876386060714,0.5432448182134808,0.4929575578711506,0.0015266414988530709,0.6411556226652213,0.4099306086301008,-0.42,0.55,0.5,0.0,0.6800603202514721,0.4761833626773901,0.0,0.6800603202514721,0.4761833626773901,0.25,0.6800603202514721,0.4761833626773901,0.0,0.0,0.0,-0.25,0.6800603202514721,0.4761833626773901,0.0,0.0,0.0,0.23123121755556153,0.06059326148439468,-0.08729537041482813,0.18340164606922427,0.49661769841311065,-1.0484068088851577,-0.2096266190888646,0.040910753318460794,-0.09889849312282047,-0.0002989807137571132,-0.5816334660087342,0.689356916533581
3.52,FOLLOW_THROUGH,-0.42125251656704094,0.6303072492537299,0.49292751808759205,0.7062599663521698,-0.01602111299506705,0.015191901615841018,0.7076082178663042,-0.0032258440705012427,0.5676727660050406,-0.6879741369412542,-0.04814359969622023,-0.2871073522468071,0.005644833583855619,-0.32224425637041004,-0.3287800094468782,1.0663320195125234,-0.0022765382148317507,0.005616509810690518,-0.010822842131582074,-0.30748940837502137,-0.48906163444246503,0.8550655969126537,-0.006743655321634108,0.01069041523575188,-0.00787949015747967,0.0,0.0,0.0,0.0,0.0,0.0,0.0,0.0,0.0,0.0,0.0,0.0,-0.7777845036574184,-0.476064048551168,0.7220437022661647,-0.7871646936584927,1.0760380688170332,1.426526197612095,-1.4329272497011198,1.0005352477528933,0.44228779795737366,-0.7774600363817155,-0.8371848913133363,-0.7291661899070486,0.5471565021618653,0.8300845286088511,5.105082070140678,16.342492809237143,20.659085744777006,2.930627901343133,2.3104150023651715,1.4134948546512152,-2.0171579750113837,12.546504776363944,-13.09193539823961,-11.278548791146122,6.744141429556532,0.8939721972901156,0.21958811732274985,-0.021475718266410815,False,False,False,False,False,False,False,False,False,False,False,False,False,False,False,False,-0.420876386060714,0.5432448182134808,0.4929575578711506,0.0015266414988530709,0.6411556226652213,0.4099306086301008,-0.42,0.55,0.5,0.0,0.6800603202514721,0.4761833626773901,0.0,0.6800603202514721,0.4761833626773901,0.25,0.6800603202514721,0.4761833626773901,0.0,0.0,0.0,-0.25,0.6800603202514721,0.4761833626773901,0.0,0.0,0.0,0.21775915053530134,0.041846073200082254,-0.18685935632369063,0.13093302210781244,0.6195077064762989,-1.2987709769151643,-0.22920566989213892,-0.009798720017110327,-0.2101562141491049,-0.2661144727424707,-0.61653994082712,0.5780936311401685
3.54,FOLLOW_THROUGH,-0.421317033448451,0.6416607045738311,0.4770098353487669,0.7062529331329827,-0.014328613667645602,0.012824352570423993,0.7076983970962298,-0.0032258440705012427,0.5676727660050406,-0.8841741369412539,-0.04814359969622023,-0.2871073522468071,0.005644833583855619,-0.7224329100950816,-0.8806277167914446,1.292979736643486,-0.0012868279833375645,0.007532863177496716,0.007773085740999529,-0.48942127242093764,-0.4497893097052502,1.07580027312651,-0.004968587767417587,0.009598315734498132,-0.006254571333793635,0.0,0.0,0.0,0.0,0.0,0.0,0.0,0.0,0.0,0.0,0.0,0.0,-0.8079235941947378,-0.6517641274330774,0.9036519077141145,-1.025273758749123,1.3757192090844848,1.7506919851441376,-1.8301249582500636,1.282694503169952,0.5999009848682589,-0.9810543566309602,-1.134939916384516,-0.7276665170565627,0.5417081614948255,0.8269657520851474,10.389949080662335,20.21253041534523,26.651790684620785,1.4340200929849694,2.1193410468569542,-1.2499937556251357,-2.1007340578857887,16.086563545959034,-13.766575577451498,-11.225872011847553,9.749178335057096,0.9256247309452363,0.3977112232230844,-0.014150594995504806,False,False,False,False,False,False,False,False,False,False,False,False,False,False,False,False,-0.420876386060714,0.5432448182134808,0.4929575578711506,0.0015266414988530709,0.6411556226652213,0.4099306086301008,-0.42,0.55,0.5,0.0,0.6800603202514721,0.4761833626773901,0.0,0.6800603202514721,0.4761833626773901,0.25,0.6800603202514721,0.4761833626773901,0.0,0.0,0.0,-0.25,0.6800603202514721,0.4761833626773901,0.0,0.0,0.0,0.1670518860663499,-0.013533141961245415,-0.26488904511397227,0.0910793426122074,0.7222569035806661,-1.4153232584804898,-0.2740224396069713,-0.05045349563498389,-0.29772727705359914,-0.4948217605890616,-0.6711666521257268,0.5233001623186467
3.56,FOLLOW_THROUGH,-0.4213815503298611,0.6530141598939322,0.4571681526099418,0.706239912284326,-0.012635992861890512,0.010456694799835334,0.7077825764420076,-0.0032258440705012427,0.5676727660050406,-1.0803741369412536,-0.04814359969622023,-0.287107352246807,0.005644833583855619,-0.953137931401774,-1.114123428559101,1.3931719654035826,-0.004930277811975849,-0.0015265146665833212,0.013731902829357405,-0.5902459678412937,-0.5822234328488537,1.3623242342934758,-0.0006540370495518019,0.014144885185259666,-0.004008134077384809,0.0,0.0,0.0,0.0,0.0,0.0,0.0,0.0,0.0,0.0,0.0,0.0,-0.8304602375818682,-0.82370281032323,1.0820984245539658,-1.2646283372844334,1.4425435697664801,1.756086219510066,-1.948636507198895,1.5835862315880933,0.70679227649633,-1.1593044426556272,-1.4254181157068715,-0.7271654828918885,0.5404635283740077,0.8236533985537354,15.053422295952426,23.75104513367235,31.766342378519106,0.10239659395065104,0.4659805692417134,-1.9564568074425182,-1.035120777124534,17.018849870063633,-21.510974301312558,-14.953660189906278,12.19259948144157,1.0075429659883697,0.3617997342446537,0.005877212697094125,False,False,False,False,False,False,False,False,False,False,False,False,False,False,False,False,-0.420876386060714,0.5432448182134808,0.4929575578711506,0.0015266414988530709,0.6411556226652213,0.4099306086301008,-0.42,0.55,0.5,0.0,0.6800603202514721,0.4761833626773901,0.0,0.6800603202514721,0.4761833626773901,0.25,0.6800603202514721,0.4761833626773901,0.0,0.0,0.0,-0.25,0.6800603202514721,0.4761833626773901,0.0,0.0,0.0,0.08091888971840142,-0.11535880174909284,-0.328278446807421,-0.05024846337026467,0.7397011690578489,-1.1728796928248428,-0.3333636149934637,-0.09500348870570079,-0.3633672072705168,-0.6706783957517392,-0.6920087017778979,0.5112424259506357
3.58,FOLLOW_THROUGH,-0.42144606721127115,0.6643676152140333,0.4334024698711168,0.7062209039165916,-0.010943264927881951,0.008088948377134949,0.7078607551899629,-0.0032258440705012427,0.5676727660050406,-1.2765741369412533,-0.04814359969622023,-0.28710735224680695,0.005644833583855619,-0.7833146358712076,-0.913839580098646,0.9686062512887273,-0.004924248601798342,-0.008120901024568286,0.012358354231561145,-0.42988663338967176,-0.6422420487057768,1.7142910798477802,0.002918677999538927,0.013972702086889412,-0.00419455446135553,0.0,0.0,0.0,0.0,0.0,0.0,0.0,0.0,0.0,0.0,0.0,0.0,-0.8096998260019064,-0.9547274466817451,1.1857095430563003,-1.4993120279996672,1.438624946896705,1.7406134090091359,-1.9464618726673937,1.8933204962425074,0.7320616274009439,-1.330531198733751,-1.7031835054911726,-0.7254996554359685,0.5452331862287676,0.8207984074379282,14.142769594245804,22.394837455294024,24.62105311339403,-1.291344931776539,0.4097683543730364,-1.6312720399248817,-1.0377386406603233,13.251999547012092,-25.69859942325605,-20.28051310499449,14.233611180782209,1.016348279969721,-0.05429090684486737,0.023057081319558914,False,False,False,False,False,False,False,False,False,False,False,False,False,False,False,False,-0.420876386060714,0.5432448182134808,0.4929575578711506,0.0015266414988530709,0.6411556226652213,0.4099306086301008,-0.42,0.55,0.5,0.0,0.6800603202514721,0.4761833626773901,0.0,0.6800603202514721,0.4761833626773901,0.25,0.6800603202514721,0.4761833626773901,0.0,0.0,0.0,-0.25,0.6800603202514721,0.4761833626773901,0.0,0.0,0.0,-0.011692518659819375,-0.22243464122520337,-0.39670687060404153,-0.24535566483662197,0.6645525350290118,-0.8991789106797546,-0.39014951863131525,-0.15397727835148467,-0.3918628804624573,-0.7593065025221131,-0.6619548416015816,0.5209080139863289
3.6,FOLLOW_THROUGH,-0.4215105840926812,0.6757210705341344,0.4057127871322917,0.7061959081909309,-0.009250444216608329,0.0057211333761343405,0.7079329326772937,-0.0032258440705012427,0.5676727660050406,-1.472774136941253,-0.04814359969622023,-0.2871073522468069,0.005644833583855619,-0.7083084946197432,-1.131546699830195,0.9902062572914796,-0.005560973352339721,-0.003486154751203135,0.019368705410129857,0.7219392394205931,-1.1530454567828594,2.0883587542833872,0.0069169687891353785,0.010354647518471465,-0.019912244947017894,0.0,0.0,0.0,0.0,0.0,0.0,0.0,0.0,0.0,0.0,0.0,0.0,-0.7860205148768165,-1.0879975987550699,1.2052033152345987,-1.7555896946639236,1.4330054443571854,1.73322237165529,-1.944543382664609,2.0016211857955373,0.7653877224994136,-1.453916986143686,-1.8708994359533917,-0.7212679410391408,0.5577625134113706,0.8181949978695452,10.585498521884201,18.880961346953328,23.40852154190029,-2.1535646756366376,0.5673778991245411,-2.3591018940321202,-1.039585398523999,-8.59448218414681,-33.019786833003444,-35.11696944529869,9.541583119845091,0.8831570647202128,-3.009753416275162,0.03967921120273504,False,False,False,False,False,False,False,False,False,False,False,False,False,False,False,False,-0.420876386060714,0.5432448182134808,0.4929575578711506,0.0015266414988530709,0.6411556226652213,0.4099306086301008,-0.42,0.55,0.5,0.0,0.6800603202514721,0.4761833626773901,0.0,0.6800603202514721,0.4761833626773901,0.25,0.6800603202514721,0.4761833626773901,0.0,0.0,0.0,-0.25,0.6800603202514721,0.4761833626773901,0.0,0.0,0.0,-0.08073188494901168,-0.32194713683534293,-0.49747487246010735,-0.4737734376170579,0.5383997414534764,-0.6601932176630007,-0.365990208904743,-0.22842860584703834,-0.3863773693893844,-0.7824434638452235,-0.6578714638916016,0.4362257015650646
3.62,FOLLOW_THROUGH,-0.4215751009740913,0.6870745258542356,0.3740991043934666,0.7061649253192608,-0.007557545079844646,0.0033532698712264376,0.7079991082920791,-0.0032258440705012427,0.5676727660050406,-1.6689741369412527,-0.04814359969622023,-0.2871073522468066,0.005644833583855619,-0.4244975521765082,-0.831734094326797,1.5752406685097844,-0.0016305477562760205,0.0006669536322909659,0.01565073053463014,1.132023577945459,-1.3291131567519372,2.1483547850847353,0.0067977422209156545,0.012856543615829025,-0.01760328007185304,0.0,0.0,0.0,0.0,0.0,0.0,0.0,0.0,0.0,0.0,0.0,0.0,-0.7472360510027098,-1.2451018748030336,1.2048611379881926,-1.9408104141138178,1.4339851116807338,1.724995460264689,-1.9428972733597396,2.0463226522052285,0.7822598245812509,-1.624321370453676,-2.068340082275704,-0.7183700626310896,0.5727896905837953,0.8159038973828593,5.588306619325203,19.23552771723518,24.72078540563394,5.885055161697025,0.3307628868085586,-2.094348188377654,-1.0353665571168968,-17.025073975771576,-34.948715278015094,-42.36251630358258,5.767270290495301,0.7865365617025026,-3.017828273700703,0.04493644258746726,False,False,False,False,False,False,False,False,False,False,False,False,False,False,False,False,-0.420876386060714,0.5432448182134808,0.4929575578711506,0.0015266414988530709,0.6411556226652213,0.4099306086301008,-0.42,0.55,0.5,0.0,0.6800603202514721,0.4761833626773901,0.0,0.6800603202514721,0.4761833626773901,0.25,0.6800603202514721,0.4761833626773901,0.0,0.0,0.0,-0.25,0.6800603202514721,0.4761833626773901,0.0,0.0,0.0,-0.1305943645050891,-0.40904179892897374,-0.5716264995704811,-0.6725212330044807,0.45822191681086755,-0.4534744793905244,-0.27443171042448855,-0.34315752417064144,-0.3628009395725113,-0.7761375468973712,-0.6448509426144723,0.23191651824149515
3.64,FOLLOW_THROUGH,-0.42163961785550136,0.6984279811743367,0.3385614216546416,0.7061279555642537,-0.005864581870030766,0.0009853779372153665,0.7080592814732799,-0.0032258440705012427,0.5676727660050406,-1.8651741369412524,-0.04814359969622023,-0.28710735224680656,0.005644833583855619,-0.020319486024308664,-0.5453616147715835,1.8792293840875736,0.00013580647890631912,-0.0016288852146710772,0.005503025532344644,1.3466128403024171,-1.514987918517098,2.2151962473986786,0.007962363584360848,0.01354056576725507,-0.02050311617913876,0.0,0.0,0.0,0.0,0.0,0.0,0.0,0.0,0.0,0.0,0.0,0.0,-0.7245634266087628,-1.4014264116204953,1.2101503478395963,-2.0278165246675552,1.4347399834157735,1.7345427726208547,-1.9412074067950846,2.0619237697207558,0.7893728989925797,-1.8131375222316717,-2.2914369309917544,-0.7163811898070822,0.5773285525770758,0.8138904468808141,-0.6133910521778139,19.5166054418993,25.474493971671645,11.277489170181132,0.055415858426573816,-0.8136589823337188,-1.033033106148327,-20.83145052521566,-35.54924079544165,-46.15005409686013,3.4137779686978753,0.7549513939176674,-3.548405133278673,0.05134884638622206,False,False,False,False,False,False,False,False,False,False,False,False,False,False,False,False,-0.420876386060714,0.5432448182134808,0.4929575578711506,0.0015266414988530709,0.6411556226652213,0.4099306086301008,-0.42,0.55,0.5,0.0,0.6800603202514721,0.4761833626773901,0.0,0.6800603202514721,0.4761833626773901,0.25,0.6800603202514721,0.4761833626773901,0.0,0.0,0.0,-0.25,0.6800603202514721,0.4761833626773901,0.0,0.0,0.0,-0.14535453490372782,-0.47145633691589617,-0.5948926803817564,-0.7995428513143814,0.41975022030566694,-0.33034090192984594,-0.15151011950335985,-0.48084086264853376,-0.33181915968978054,-0.7508001105709949,-0.6164048162309392,-0.044383837792052426
3.66,FOLLOW_THROUGH,-0.42170413473691143,0.7097814364944378,0.2990997389158166,0.7060849992393399,-0.004171568940149779,-0.0013825223508537165,0.7081134517107461,-0.0032258440705012427,0.5676727660050406,-2.061374136941253,-0.04814359969622023,-0.2871073522468063,0.00564483358385562,0.10916565818587962,-0.43618449872516596,2.096891984990856,0.001577911839914843,-0.0008307524060998637,0.0037228565339725746,1.2799261508052098,-1.3522869175024304,2.658292750798979,0.01227510869441814,0.011638751265172076,-0.019701759862697007,0.0,0.0,0.0,0.0,0.0,0.0,0.0,0.0,0.0,0.0,0.0,0.0,-0.7123173288535907,-1.555644282241318,1.2084690142529655,-2.0624146015526352,1.4348661912179341,1.732504069947521,-1.9396552854495825,2.0469072937586343,0.7945233586964061,-2.0059523428725723,-2.4890405397353836,-0.7167618135990881,0.5757513065893746,0.811890366375786,-2.908746440516872,19.247668808682306,26.740393707895954,13.63754201553311,-0.15189051360006056,-0.7099546442685876,-1.0309231747062306,-20.132203677553157,-35.279684548561704,-48.801849834301365,8.171201208325272,0.8480125807910887,-3.6883949246248195,0.060673222003008676,False,False,False,False,False,False,False,False,False,False,False,False,False,False,False,True,-0.420876386060714,0.5432448182134808,0.4929575578711506,0.0015266414988530709,0.6411556226652213,0.4099306086301008,-0.42,0.55,0.5,0.0,0.6800603202514721,0.4761833626773901,0.0,0.6800603202514721,0.4761833626773901,0.25,0.6800603202514721,0.4761833626773901,0.0,0.0,0.0,-0.25,0.6800603202514721,0.4761833626773901,0.0,0.0,0.0,-0.13978562120740817,-0.5190518621306922,-0.5903894824981438,-0.8846173762234968,0.41008773565422574,-0.2383680310323906,-0.019622031889550026,-0.6231648733946424,-0.2825927741375389,-0.685767221486582,-0.587133722052842,-0.34369493879326113
3.68,FOLLOW_THROUGH,-0.4217686516183215,0.7211348918145389,0.25571405617699144,0.7060360567087042,-0.002478520643606304,-0.0037504109178648276,0.7081616185452219,-0.0032258440705012427,0.5676727660050406,-2.2575741369412547,-0.04814359969622023,-0.28710735224680606,0.005644833583855624,0.2135715954492601,-0.37613980714248674,2.254826243627305,0.003121794666072643,-0.0005219016233308767,0.0030142017719567574,0.7433795963280027,-0.8729334348159504,2.498681529035829,0.013719842278028218,0.014468124003903928,-0.014053483265609262,0.0,0.0,0.0,0.0,0.0,0.0,0.0,0.0,0.0,0.0,0.0,0.0,-0.7040644027580484,-1.710175342939407,1.2057634004005648,-2.061610883839473,1.4348200507278852,1.7313353520142398,-1.938169181884539,1.989174352915634,0.7727167465818305,-2.1382532094888793,-2.5576970174038007,-0.7178862914153484,0.5556186854002427,0.8104709875865128,-4.989995194049129,19.03731287221133,28.06273303234313,14.873203536378352,-0.38968470585904846,-0.7206967600684484,-1.0290896880877842,-12.15212641650532,-31.102146674636586,-40.29741096296627,12.475073538958181,1.0224152842029028,-2.638668364579467,0.05912281365638822,False,False,False,False,False,False,False,False,False,False,False,False,False,False,False,True,-0.420876386060714,0.5432448182134808,0.4929575578711506,0.0015266414988530709,0.6411556226652213,0.4099306086301008,-0.42,0.55,0.5,0.0,0.6800603202514721,0.4761833626773901,0.0,0.6800603202514721,0.4761833626773901,0.25,0.6800603202514721,0.4761833626773901,0.0,0.0,0.0,-0.25,0.6800603202514721,0.4761833626773901,0.0,0.0,0.0,-0.12300581755284684,-0.5556212965086144,-0.5649731674051769,-0.9400734329498379,0.42243061181091157,-0.1685015510134488,0.0802406515121581,-0.7278776322023393,-0.20283384946769112,-0.5391947718475449,-0.5546289571327376,-0.5679191335567085
3.7,FOLLOW_THROUGH,-0.42183316849973157,0.7324883471346401,0.20840437343816634,0.7059811283872828,-0.0007854513341047928,-0.006118267688801358,0.708203781568347,-0.0032258440705012427,0.5676727660050406,-2.4537741369412567,-0.04814359969622023,-0.2871073522468059,0.005644833583855627,0.24762562775259775,-0.2905447440981952,2.362333316411423,0.0036738655253199994,0.00042939776555494976,0.002531460807212297,0.2414749769174075,-0.5237521746048336,2.2236068150369457,0.010953053700761016,0.01757886914151535,-0.0032723745066574506,0.0,0.0,0.0,0.0,0.0,0.0,0.0,0.0,0.0,0.0,0.0,0.0,-0.7043943039109068,-1.8631557036956181,1.2031423492223328,-2.051714473243681,1.434895612322867,1.7311513959237006,-1.9368216936793934,1.9414347457903656,0.752063310063947,-2.181305951464143,-2.591765079338025,-0.717487087778939,0.5611531155226909,0.8091691630606228,-5.530181059813337,18.57130859341849,28.997485394772056,15.523668492280965,-0.49325496979915084,-0.8199923145127146,-1.0304886586092095,-4.299783205932572,-23.743427864673585,-33.419095719740376,13.897958212378018,1.069991815252476,-0.7209104773709352,0.047709775255159015,False,False,False,False,False,False,False,False,False,False,False,False,False,False,False,True,-0.420876386060714,0.5432448182134808,0.4929575578711506,0.0015266414988530709,0.6411556226652213,0.4099306086301008,-0.42,0.55,0.5,0.0,0.6800603202514721,0.4761833626773901,0.0,0.6800603202514721,0.4761833626773901,0.25,0.6800603202514721,0.4761833626773901,0.0,0.0,0.0,-0.25,0.6800603202514721,0.4761833626773901,0.0,0.0,0.0,-0.0995664171543461,-0.5869730160744338,-0.5284084924741792,-0.978221254134277,0.4454840089613271,-0.10670488835309154,0.12372658283173116,-0.7932757844638199,-0.15575562322473085,-0.42113319897938906,-0.4754192340206134,-0.6686384539384241
3.72,FOLLOW_THROUGH,-0.42189768538114164,0.7438418024547412,0.1571706906993412,0.7059202147407603,0.0009076246344721484,-0.008486072588916272,0.7082399404226632,-0.0032258440705012427,0.5676727660050406,-2.6499741369412586,-0.04814359969622023,-0.28710735224680567,0.005644833583855629,0.25917748914999283,-0.2912405066445996,2.415135273756542,0.004115978828007394,0.0008589156966481975,0.0028457728682816513,-0.002041603110183706,-0.3747872554867148,2.1148488182096776,0.010764556365311671,0.017853640206856147,-0.0005771032922984859,0.0,0.0,0.0,0.0,0.0,0.0,0.0,0.0,0.0,0.0,0.0,0.0,-0.70846560575773,-2.0164949972514274,1.1997191313062394,-2.042934458421259,1.4342375609994833,1.731897107536759,-1.935519485559123,1.9191147829874997,0.7478284583442265,-2.1986851899215205,-2.6148834351488746,-0.7168469828139864,0.5558937256427698,0.8078371719141975,-5.720900356314269,18.174758644805127,30.1134581712021,14.798282168396229,-0.5672957910532497,-0.9625513996205004,-1.0324778037583755,-0.19987205153570797,-19.534190821712276,-29.8939290740172,14.734669081955651,1.1183283779001862,-0.16292163219067635,0.04381715163174621,False,False,False,False,False,False,False,False,False,False,False,False,False,False,False,True,-0.420876386060714,0.5432448182134808,0.4929575578711506,0.0015266414988530709,0.6411556226652213,0.4099306086301008,-0.42,0.55,0.5,0.0,0.6800603202514721,0.4761833626773901,0.0,0.6800603202514721,0.4761833626773901,0.25,0.6800603202514721,0.4761833626773901,0.0,0.0,0.0,-0.25,0.6800603202514721,0.4761833626773901,0.0,0.0,0.0,-0.07414686223150355,-0.616701926067386,-0.4855516140325996,-1.0044022277498665,0.47624566259271806,-0.04157934149781013,0.13533068275846627,-0.8408920181252989,-0.12334248900653014,-0.3172269321147556,-0.40189329831535797,-0.7239088615648043
3.74,FOLLOW_THROUGH,-0.4219622022625517,0.7551952577748423,0.10201300796051602,0.7058533162855622,0.00260069290818546,-0.010853805543902278,0.7082700948016136,-0.0032258440705012427,0.5676727660050406,-2.8461741369412605,-0.04814359969622023,-0.28710735224680545,0.005644833583855631,0.26353486361492323,-0.2766249235326052,2.4730209451682064,0.004768313859545221,0.0013315540442554402,0.003087034002001571,-0.18572587991392675,-0.2535333428185689,2.0492246311186375,0.011902051913234998,0.018682034149430357,0.0005981762250399611,0.0,0.0,0.0,0.0,0.0,0.0,0.0,0.0,0.0,0.0,0.0,0.0,-0.7135015072860632,-2.169865906588819,1.1956121412807017,-2.0358273402272946,1.4337663058176997,1.7329296597979822,-1.9343180623268046,1.9183427851294161,0.7465203438044964,-2.205878793762557,-2.6215672846787474,-0.7165134933163327,0.5509638888160237,0.8065094532233645,-5.677131355701926,17.80665836286184,31.233939858495873,14.103859951329046,-0.6485640803749266,-1.1097026422622691,-1.0340650802302283,3.002648417726859,-17.783234250360533,-27.513663546865526,15.728211014633393,1.17350642172195,0.05551446400192073,0.04100333038702536,False,False,False,False,False,False,False,False,False,False,False,False,False,False,False,True,-0.420876386060714,0.5432448182134808,0.4929575578711506,0.0015266414988530709,0.6411556226652213,0.4099306086301008,-0.42,0.55,0.5,0.0,0.6800603202514721,0.4761833626773901,0.0,0.6800603202514721,0.4761833626773901,0.25,0.6800603202514721,0.4761833626773901,0.0,0.0,0.0,-0.25,0.6800603202514721,0.4761833626773901,0.0,0.0,0.0,-0.048186833473980915,-0.6453107225847323,-0.43704010419655703,-1.018382494623581,0.5158532673304183,0.029369546909997248,0.12473490257798006,-0.8730699910159951,-0.09655249130023501,-0.21122677905034815,-0.3277263267931989,-0.7348950538948041
3.7600000000000002,FOLLOW_THROUGH,-0.421655185890776,0.7589198413187813,0.08321718128330548,0.7052142197873829,0.0008145547883937085,-0.004985497312280544,0.7089762940513028,0.006434638721368622,0.03211151383645198,0.19970703710440968,0.06878014023976729,0.17779776302500222,0.0054659232877733496,0.27093528505646963,-0.2569437126652463,2.5266656695077203,0.005493349885407832,0.0018492032442135565,0.003263907259099504,-0.20958441592285912,-0.3058953408529724,1.9129054269581562,0.011817823257371976,0.019971205315339347,0.0010581285243559636,0.0,0.0,0.0,0.0,0.0,0.0,0.0,0.0,0.0,0.0,0.0,0.0,-0.7183859061720108,-2.32301217371566,1.1914513614179216,-2.0291051026792033,1.4333914001427372,1.7339854533507248,-1.9332052844980194,1.9197327330231029,0.7462123058879616,-2.205008132728859,-2.6234485183958514,-0.7149381587153557,0.5527811442561577,0.8052732457991224,-5.633545370381945,17.435711158855334,32.2558076324626,13.342952050000672,-0.7150582968487242,-1.2516233575817368,-1.0358198944823398,3.477493505651166,-15.800947854859341,-26.850758147815533,13.926320541980182,1.161407548894953,0.23981990359609817,0.03764376323191054,False,False,False,False,False,False,False,False,False,False,False,False,False,False,False,True,-0.420876386060714,0.5432448182134808,0.4929575578711506,0.0015266414988530709,0.6411556226652213,0.4099306086301008,-0.42,0.55,0.5,0.0,0.6800603202514721,0.4761833626773901,0.0,0.6800603202514721,0.4761833626773901,0.25,0.6800603202514721,0.4761833626773901,0.0,0.0,0.0,-0.25,0.6800603202514721,0.4761833626773901,0.0,0.0,0.0,-0.02166780760578759,-0.6721944956389669,-0.3828770559416736,-1.0182705015421292,0.565700242556158,0.10526481227119569,0.10723289156655859,-0.8975678813468763,-0.07954662313607834,-0.10866939106904983,-0.24395502382873438,-0.725819041082782
3.7800000000000002,FOLLOW_THROUGH,-0.4215636446851424,0.7591602555673644,0.09242963804788279,0.7052087173879751,0.0005255429645047713,-0.00401742097565314,0.7089881868221114,0.003945273570979935,0.00669443191647456,0.46665197546106646,0.042130605157211266,0.05969634567428825,0.0019953607892713413,0.28355601916056233,-0.2321217874470505,2.5715320265192427,0.006260077701437758,0.0023961696293961442,0.003347113797409272,-0.2233810540769523,-0.19531905397975657,1.8987553067590763,0.012388232232251349,0.0193402385147552,0.0015440207831518302,0.0,0.0,0.0,0.0,0.0,0.0,0.0,0.0,0.0,0.0,0.0,0.0,-0.7229174383815626,-2.4757566531188897,1.1875655626343364,-2.0226309536447764,1.433054698728446,1.7349768992744599,-1.9321753488858915,1.920021492047058,0.7454595593223078,-2.2028136141123653,-2.622226712215097,-0.7146160744346348,0.5530546035882963,0.8041717809420484,-5.618356495292072,17.033355303206974,33.10097904990952,12.515311353982979,-0.7625278272735931,-1.3810709417587308,-1.0377085573140117,3.4652512773150344,-14.028983934542088,-25.811618055535934,14.62456408569146,1.1618821432554958,0.2902242229146128,0.03480138454068821,False,False,False,False,False,False,False,False,False,False,False,False,False,False,False,True,-0.420876386060714,0.5432448182134808,0.4929575578711506,0.0015266414988530709,0.6411556226652213,0.4099306086301008,-0.42,0.55,0.5,0.0,0.6800603202514721,0.4761833626773901,0.0,0.6800603202514721,0.4761833626773901,0.25,0.6800603202514721,0.4761833626773901,0.0,0.0,0.0,-0.25,0.6800603202514721,0.4761833626773901,0.0,0.0,0.0,0.0058535253087449,-0.696833352420117,-0.32375956863328126,-1.003004038285262,0.6263654564322695,0.18457078689836118,0.0885517620262502,-0.9181083861078678,-0.06954908602107847,-0.007117403348779638,-0.15740543271453747,-0.7116964447990305
3.8000000000000003,FOLLOW_THROUGH,-0.42148473921372287,0.7592941389882886,0.09960816190808264,0.7051964329914331,0.00042336792411273475,-0.003356596690034512,0.7090039103660997,0.003945273570979935,0.006694171046230988,0.2706361930099919,0.0396531536534845,0.053841889547100785,0.0019861062397065325,0.3279936974950155,-0.14599079253656208,2.532873633263794,0.0151299509863185,-0.004373194794319958,0.0032719559518282963,-0.22410262270913237,-0.23733166275648238,1.7648335044204697,0.012425920693758556,0.020136263044481024,0.0014908851827471746,0.0,0.0,0.0,0.0,0.0,0.0,0.0,0.0,0.0,0.0,0.0,0.0,-0.7292546702601369,-2.602169238172128,1.1761345471987494,-2.01666058119507,1.421771008374567,1.7337447831169965,-1.9307801893240013,1.9226491501026097,0.7444806345221475,-2.2021825482940454,-2.6242244688126712,-0.713133873232701,0.5546685249019088,0.8031197372873452,-5.418350206834186,21.240167242021165,34.45645490898679,11.5892012012311,-1.7132463088327328,-1.3529549113408799,-1.0429790715517169,3.4684047693328903,-12.23125913175282,-24.838964988246865,12.980670551708789,1.161468762641455,0.41570440538038267,0.033634820407420385,False,False,False,False,False,False,False,False,False,False,False,False,False,False,True,True,-0.420876386060714,0.5432448182134808,0.4929575578711506,0.0015266414988530709,0.6411556226652213,0.4099306086301008,-0.42,0.55,0.5,0.0,0.6800603202514721,0.4761833626773901,0.0,0.6800603202514721,0.4761833626773901,0.25,0.6800603202514721,0.4761833626773901,0.0,0.0,0.0,-0.25,0.6800603202514721,0.4761833626773901,0.0,0.0,0.0,0.03556814806471909,-0.7176875561689811,-0.26261566104563,-0.9522480285505144,0.6712027863420132,0.26237071774595666,0.06921142085436732,-0.936354384954655,-0.06802406393498003,0.09285536902701719,-0.0635060508953889,-0.6937326847486642
3.8200000000000003,FOLLOW_THROUGH,-0.42140583374230334,0.7594280224092127,0.10286268576828247,0.7051838330007211,0.0003211926942522858,-0.0026957709022495412,0.7090193166119705,0.003945273570979935,0.006694171046230988,0.07443619300999191,0.0396531536534845,0.053841889547100785,0.0019861062397065325,0.2684709734586828,-0.09927936345705904,2.6274038955210957,0.026540482639381746,-0.007017503818811814,0.0051881032589830385,-0.23021020330256445,-0.2109675865720591,1.6907563043685636,0.012674563194608435,0.020018503725563967,0.001445253133527361,0.0,0.0,0.0,0.0,0.0,0.0,0.0,0.0,0.0,0.0,0.0,0.0,-0.7417332811463021,-2.6178679712446398,1.1663892131404416,-2.008060201196538,1.4096050459796694,1.7375448970717424,-1.929489154445981,1.9236140893360678,0.7441760344899929,-2.2008142186189574,-2.623520062596707,-0.7123476646612854,0.5551887375245149,0.8021643159816294,-4.02610808770719,23.31537313831769,36.83114970644935,10.430576664356568,-2.9192513202486414,-1.725222490756662,-1.0348612355443234,3.5407169460208516,-10.872440807538295,-23.734994834826825,12.517434164209249,1.1450319367647386,0.4577042271483116,0.03209079440240392,False,False,False,False,False,False,False,False,False,False,False,False,False,False,True,True,-0.420876386060714,0.5432448182134808,0.4929575578711506,0.0015266414988530709,0.6411556226652213,0.4099306086301008,-0.42,0.55,0.5,0.0,0.6800603202514721,0.4761833626773901,0.0,0.6800603202514721,0.4761833626773901,0.25,0.6800603202514721,0.4761833626773901,0.0,0.0,0.0,-0.25,0.6800603202514721,0.4761833626773901,0.0,0.0,0.0,0.06441898991602897,-0.7366580998186495,-0.19446312338842858,-0.8225814074473325,0.6341115757593121,0.3276627624985068,0.04963514119781968,-0.950617090297431,-0.073433892530084,0.19080581710371158,0.03221144278274633,-0.6712802984901803
3.84,FOLLOW_THROUGH,-0.4213269282708838,0.7595619058301368,0.10219320962848231,0.7051709174214783,0.00021901732064955905,-0.0020349439080353557,0.7090344055528297,0.003945273570979935,0.006694171046230988,-0.12176380699000809,0.0396531536534845,0.053841889547100785,0.0019861062397065325,0.29072315262277565,-0.035483453512544366,2.5221942766080763,0.028865177673112044,-0.012031441461962519,0.003139755444563993,-0.23269050556873636,-0.1745358041620869,1.6156823853720532,0.012924512078934492,0.0200045843249918,0.0014975360415717335,0.0,0.0,0.0,0.0,0.0,0.0,0.0,0.0,0.0,0.0,0.0,0.0,-0.7489536689922176,-2.5990231445760927,1.162988828321193,-1.9971950999257837,1.4132982396782316,1.7372447112379032,-1.9285405361198893,1.9247412651138782,0.7440985646356224,-2.1996333257897454,-2.6233031378087843,-0.7116326025157673,0.5556029235469555,0.8012882096970072,-3.510529865109674,27.459759923743203,37.70647292798227,9.256340539757216,-3.03003588825507,-1.4938086894754394,-1.0376976890758554,3.5289070455657576,-9.743969595504813,-22.544659723104402,12.165337652812685,1.1388992007363257,0.520216022596635,0.02965093513336997,False,False,False,False,False,False,False,False,False,False,False,False,False,False,False,True,-0.420876386060714,0.5432448182134808,0.4929575578711506,0.0015266414988530709,0.6411556226652213,0.4099306086301008,-0.42,0.55,0.5,0.0,0.6800603202514721,0.4761833626773901,0.0,0.6800603202514721,0.4761833626773901,0.25,0.6800603202514721,0.4761833626773901,0.0,0.0,0.0,-0.25,0.6800603202514721,0.4761833626773901,0.0,0.0,0.0,0.09094134394336265,-0.7546625677418694,-0.12641530677393512,-0.6730880263699759,0.5878035460601765,0.39462806150315594,0.030026745930751497,-0.9615377345077996,-0.08648698819160941,0.28577942526373445,0.13202283360539707,-0.6446590996269096
3.86,FOLLOW_THROUGH,-0.4212231239596872,0.759714743502466,0.09849759585629146,0.7051598047485861,0.00011956197178790683,-0.0010579556415117972,0.7090476120837941,0.005200014376335198,0.006699800665110389,-0.12962628308376456,0.055782311425800465,0.06646275790525874,0.0005143935283809823,0.21971707636270585,-0.22899525573392907,2.553154229605383,0.03360842686764671,-0.008519870541544563,0.006112900803020518,-0.23266199094361953,-0.13512880695384416,1.5424525922221304,0.013229038850447697,0.019774412328872833,0.0011777690853164275,0.0,0.0,0.0,0.0,0.0,0.0,0.0,0.0,0.0,0.0,0.0,0.0,-0.7555065664596925,-2.45709782669996,1.1499208304664594,-1.9925809462090887,1.4123086377597731,1.7306717089225103,-1.9275198188925176,1.9255702449117365,0.7451791775289952,-2.1985595674523393,-2.6233879797146478,-0.7109690367427675,0.5553299240053325,0.8004904227560355,-3.4040992805574968,29.207700853171694,38.908500021749546,5.702217181200787,-3.087221770952576,-2.253846681982582,-1.0455148335409956,3.594853268137798,-9.093652908210386,-21.2671210176814,11.911009903537071,1.1312853040016684,0.5128697348650639,0.026797994357086463,False,False,False,False,False,False,False,False,False,False,False,False,False,False,False,True,-0.420876386060714,0.5432448182134808,0.4929575578711506,0.0015266414988530709,0.6411556226652213,0.4099306086301008,-0.42,0.55,0.5,0.0,0.6800603202514721,0.4761833626773901,0.0,0.6800603202514721,0.4761833626773901,0.25,0.6800603202514721,0.4761833626773901,0.0,0.0,0.0,-0.25,0.6800603202514721,0.4761833626773901,0.0,0.0,0.0,0.11204721238766471,-0.7746357973842617,-0.06898947393668192,-0.4526113612171996,0.44077740552767847,0.4620139177507905,0.010594252868942408,-0.9689458883798151,-0.1066931688595335,0.37720334424512963,0.2343325748472579,-0.6144450754429293
3.88,FOLLOW_THROUGH,-0.4211826885551776,0.7597663441202172,0.09805770511549274,0.7051593954230788,8.890081501849599e-05,-0.0007604297635511727,0.7090484051810403,0.0009886103942578195,0.0012561805078233478,0.024900143943289557,0.00925906494952557,0.011596419929933434,4.600544581304429e-06,0.13729632889042548,-0.17511531049549975,2.5164277704265197,0.03347180440054364,-0.004320862661176581,0.006143625481244598,-0.23598654307234082,-0.09261672491128348,1.47675466633924,0.013301270089601325,0.0198820583187383,0.0016535035032821754,0.0,0.0,0.0,0.0,0.0,0.0,0.0,0.0,0.0,0.0,0.0,0.0,-0.7548909225846547,-2.3034489256999224,1.1509408191928316,-1.9868902239448805,1.412367445016649,1.724229430877135,-1.926922059423273,1.9266381001369557,0.7439257023428371,-2.197556711392358,-2.6230280421691687,-0.7103784350609464,0.5562742759550093,0.7997341267195992,-2.3785848611757223,28.64136674191507,37.53715145572363,4.9590052232858195,-2.882883150003247,-2.6562572025911213,-1.0500359853885959,3.5190244881011212,-7.973281644238199,-20.075558145519192,11.699002447969193,1.1333515359297224,0.660699313349367,0.024447940840980287,False,False,False,False,False,False,False,False,False,False,False,False,False,False,False,True,-0.420876386060714,0.5432448182134808,0.4929575578711506,0.0015266414988530709,0.6411556226652213,0.4099306086301008,-0.42,0.55,0.5,0.0,0.6800603202514721,0.4761833626773901,0.0,0.6800603202514721,0.4761833626773901,0.25,0.6800603202514721,0.4761833626773901,0.0,0.0,0.0,-0.25,0.6800603202514721,0.4761833626773901,0.0,0.0,0.0,0.13061918613160256,-0.7941029378755293,-0.01680626154688489,-0.21499622777891236,0.29318049098668564,0.5311718127768142,-0.008618514973926432,-0.9721124350685818,-0.1341010507676237,0.46551764550698294,0.343105153999828,-0.5780022234045143
3.9,FOLLOW_THROUGH,-0.42116733737025175,0.7597858627548786,0.09864603620399351,0.7051594501215683,7.492116300704366e-05,-0.0006403998147692581,0.7090484709659439,0.0006712351129840316,0.0008538037635238518,0.02447381735061607,0.00671338017916049,0.008443432217329966,4.0979147780869625e-08,0.1911354092949201,-0.1390208068583803,2.389046286906078,0.03422720904295309,-0.0034132343317763054,0.004763858241622604,-0.23392313926255712,0.03367460985142224,1.475294223274838,0.01359439525476512,0.01906597481373571,0.0019276356869232642,0.0,0.0,0.0,0.0,0.0,0.0,0.0,0.0,0.0,0.0,0.0,0.0,-0.7553162296868656,-2.14802887752351,1.1548334255505646,-1.9816444729815017,1.411672432128508,1.722773638491354,-1.9263032837094345,1.926608228645881,0.7447082256076637,-2.1960196033445847,-2.622395367401013,-0.7105881598258719,0.5556888805348987,0.7990727107325162,-3.8820252378416544,27.713198894944878,35.73994039784918,4.114988873340081,-2.857355596762517,-2.542347610883573,-1.0473702316712568,3.5379340849234997,-7.667125278262412,-18.768667661795206,12.851262736147078,1.1452509598064193,0.6704031691218792,0.02077810082348308,False,False,False,False,False,False,False,False,False,False,False,False,False,False,False,True,-0.420876386060714,0.5432448182134808,0.4929575578711506,0.0015266414988530709,0.6411556226652213,0.4099306086301008,-0.42,0.55,0.5,0.0,0.6800603202514721,0.4761833626773901,0.0,0.6800603202514721,0.4761833626773901,0.25,0.6800603202514721,0.4761833626773901,0.0,0.0,0.0,-0.25,0.6800603202514721,0.4761833626773901,0.0,0.0,0.0,0.1513408833279425,-0.8099976912497356,0.022988051010952578,0.024083294663205912,0.14060553450093757,0.5898753420885209,-0.027530076340018868,-0.971169069406502,-0.16759481035837992,0.5484002241693006,0.4518207341611864,-0.5382231575231403
3.92,FOLLOW_THROUGH,-0.421155121865088,0.7598013912323879,0.09892755608497521,0.7051594914165302,6.352204151558473e-05,-0.0005426116875169202,0.7090485125875987,0.0005752708997279295,0.0007288248966718168,0.006781171390624127,0.00579217318367582,0.007251313803668435,-1.0964072029004547e-08,0.13712039513196905,-0.08095746632920418,2.2641254968205913,0.032608861147645496,-0.003135915217513429,0.003573712505491561,-0.24175556454393493,0.002582717081534533,1.356713420298861,0.013486418931977742,0.01968334229679892,0.001860904058144461,0.0,0.0,0.0,0.0,0.0,0.0,0.0,0.0,0.0,0.0,0.0,0.0,-0.7535622626390964,-1.9937435365337643,1.1590002261468464,-1.9781458356161892,1.4114544209569355,1.7240422005510976,-1.925823170542664,1.9281384012549136,0.7437491130607262,-2.1958616078722724,-2.622794291034319,-0.7093274853507072,0.5567084380394669,0.7984142957657903,-2.6579366919023526,26.904492640984145,33.81547991726398,3.656139681048283,-2.6243698412343104,-2.3894063014155336,-1.0499188110602233,3.5657340085818414,-6.7976747667083295,-17.551437159233426,11.556994140685795,1.1388323377967615,0.8222591637037995,0.01880833832078066,False,False,False,False,False,False,False,False,False,False,False,False,False,False,False,True,-0.420876386060714,0.5432448182134808,0.4929575578711506,0.0015266414988530709,0.6411556226652213,0.4099306086301008,-0.42,0.55,0.5,0.0,0.6800603202514721,0.4761833626773901,0.0,0.6800603202514721,0.4761833626773901,0.25,0.6800603202514721,0.4761833626773901,0.0,0.0,0.0,-0.25,0.6800603202514721,0.4761833626773901,0.0,0.0,0.0,0.17161700422669318,-0.8242456093925419,0.04944417355134473,0.25904222096229423,-0.01491817705488385,0.6432511539003503,-0.04636147743929471,-0.9659726056342269,-0.20742442291289892,0.6286772468601226,0.5672858408946584,-0.4927799998663321
3.94,FOLLOW_THROUGH,-0.4211439765066721,0.7598153593433028,0.09896844294651512,0.7051595230408496,5.381748414889061e-05,-0.00045372032513045095,0.7090485443933621,0.0005318580269891348,0.0006630650115922391,-0.00029100331116474747,0.005347054256489262,0.006588895687221519,-4.50919503182838e-08,0.1628007528070907,-0.03798731030726173,2.078648384037974,0.03158167741394771,-0.0060443308239172934,0.0017616333623517372,-0.32718898821492953,0.2785341051727948,1.0343840011641812,0.008033684245933136,0.012591640371143279,-0.0027873927766321987,0.0,0.0,0.0,0.0,0.0,0.0,0.0,0.0,0.0,0.0,0.0,0.0,-0.7522932086396968,-1.8398120149296717,1.1633205604471755,-1.9743187237785322,1.411062692012396,1.7317111171175539,-1.925329607607414,1.9180060043745777,0.7433393238807959,-2.157647133899793,-2.6196082299649786,-0.7068176695890009,0.5410959890741455,0.7986627344623046,-2.6527609023410803,26.13336276338522,31.930767569472636,3.1651465485861716,-2.501459942061767,-1.818224658122638,-1.049358960532822,4.848433788063997,-6.75734019175877,-8.868688128897123,11.586705898524098,1.1498161421398336,0.32608017279921064,0.0031652979392621794,False,False,False,False,False,False,False,False,False,False,False,False,False,False,False,True,-0.420876386060714,0.5432448182134808,0.4929575578711506,0.0015266414988530709,0.6411556226652213,0.4099306086301008,-0.42,0.55,0.5,0.0,0.6800603202514721,0.4761833626773901,0.0,0.6800603202514721,0.4761833626773901,0.25,0.6800603202514721,0.4761833626773901,0.0,0.0,0.0,-0.25,0.6800603202514721,0.4761833626773901,0.0,0.0,0.0,0.19217628053528985,-0.8355590395127352,0.06293085487031558,0.48871052336862864,-0.17778712861306248,0.6865328821118841,-0.06769653337896918,-0.950160446685944,-0.26059185805854634,0.6768875371304608,0.6743554390457709,-0.44228966977926676
3.96,FOLLOW_THROUGH,-0.42113447709754964,0.7598272514496937,0.09895237649058478,0.7051595454081556,4.559756708652434e-05,-0.00037847719058538623,0.7090485668807465,0.00042660130915771275,0.0005371998913379198,-0.0007707759667924657,0.00426278962093561,0.005311752857668117,-2.1228303608278166e-08,0.1874947394182175,-0.010341168591231775,1.9558609878041402,0.030949715692722684,-0.005686900417145911,0.000539208130000746,-0.5128143124506027,0.827729067951094,1.2141088878085766,0.005442916681929932,0.009916486162826945,0.003239948803693706,0.0,0.0,0.0,0.0,0.0,0.0,0.0,0.0,0.0,0.0,0.0,0.0,-0.7535907570435735,-1.6855031082309715,1.1659990924422776,-1.9712368104795281,1.4109037748191593,1.7302404531595041,-1.9248686262951582,1.8993453565653364,0.7369193308930202,-1.966464153225354,-2.5991138465474086,-0.7096393639807282,0.5333074747743994,0.7983564653144112,-3.6728071520939967,25.394885436561438,30.159104716742377,2.7433544729555015,-2.3843846991064375,-1.6509242682672376,-1.0483633693291805,7.826785901958663,-5.702248551529719,-5.3051400374300215,17.849595449823884,1.193306411724795,0.9012074771670624,-0.011189308354460525,False,False,False,False,False,False,False,False,False,False,False,False,False,False,False,False,-0.420876386060714,0.5432448182134808,0.4929575578711506,0.0015266414988530709,0.6411556226652213,0.4099306086301008,-0.42,0.55,0.5,0.0,0.6800603202514721,0.4761833626773901,0.0,0.6800603202514721,0.4761833626773901,0.25,0.6800603202514721,0.4761833626773901,0.0,0.0,0.0,-0.25,0.6800603202514721,0.4761833626773901,0.0,0.0,0.0,0.21162339867130037,-0.8444252862536258,0.06521704618618435,0.7127006107426499,-0.33547630968910647,0.7231345617010427,-0.11384791155492109,-0.8906789454028321,-0.351463934985613,0.5928352906641747,0.7817805056033588,-0.2937027908367237
3.98,FOLLOW_THROUGH,-0.42112694163121295,0.7598368033686147,0.09894385528460435,0.705159560366902,3.866064328768544e-05,-0.0003184491610114882,0.7090485819170944,0.00034104133632383054,0.0004343697373892574,-0.00017429558421472037,0.0034131298501298315,0.004300555796419399,-6.4631518640529046e-09,0.10732051739409419,0.0213895802119242,1.8638270268264108,0.03011878146357959,-0.005402224564439715,0.00024892996525923696,-0.5795721513403864,1.2469594546754537,1.7759191824820246,0.007380180297450334,0.005049620102667392,0.007134193254631751,0.0,0.0,0.0,0.0,0.0,0.0,0.0,0.0,0.0,0.0,0.0,0.0,-0.7523011879802272,-1.5323891610964713,1.1688688129512197,-1.9666116840153625,1.410419777276258,1.7314881430948343,-1.9244700738802363,1.8876158693091765,0.7236334630148972,-1.758554374110746,-2.445569320056449,-0.7135319512732472,0.5330420933369431,0.7975982934251105,-2.1597520397558942,24.77031335988252,28.37349655643016,2.4539170046289587,-2.276584851821389,-1.5748989583411936,-1.0473504699160392,9.86061923047036,-3.145344625861748,-5.736355926134729,25.999848540487292,1.500702403740269,0.9180500796955757,-0.00664541853999856,False,False,False,False,False,False,False,False,False,False,False,False,False,False,False,False,-0.420876386060714,0.5432448182134808,0.4929575578711506,0.0015266414988530709,0.6411556226652213,0.4099306086301008,-0.42,0.55,0.5,0.0,0.6800603202514721,0.4761833626773901,0.0,0.6800603202514721,0.4761833626773901,0.25,0.6800603202514721,0.4761833626773901,0.0,0.0,0.0,-0.25,0.6800603202514721,0.4761833626773901,0.0,0.0,0.0,0.22866764078951662,-0.8510289507953928,0.056895117205240486,0.9287310670868901,-0.49674844689798736,0.7541211388319732,-0.17099551601662763,-0.7778218449090369,-0.38893217366583716,0.5378190570526927,0.8038268550314966,-0.04086674897740036
4.0,FOLLOW_THROUGH,-0.4211208039189686,0.7598446459207414,0.09894346790334277,0.7051595707100541,3.2790055586104834e-05,-0.0002692528224620398,0.7090485923148993,0.00028171989444065006,0.0003607295236090925,5.2101055205375815e-05,0.002824003837849396,0.003576118163092198,-1.904689324463596e-09,0.07707125538162614,0.0574871308999322,1.76863023646892,0.029276475367822966,-0.005111364945375997,-0.00036067647221693855,-0.5453455098910615,1.3918244870857546,2.093826289142951,0.00783118583357405,0.0020373198208831736,0.008439366310666538,0.0,0.0,0.0,0.0,0.0,0.0,0.0,0.0,0.0,0.0,0.0,0.0,-0.7517915380387548,-1.3793420286134055,1.1711993644607328,-1.9644196873808293,1.4103561225894072,1.7312698476652568,-1.9240946628403726,1.8876328784215577,0.7188901599492207,-1.5517495083202473,-2.2201659627314685,-0.7147288161841723,0.5346165497461934,0.797008251524789,-1.970941820795621,24.24319720150433,26.649743360133638,2.3612915029613677,-2.1926496524361507,-1.4707202190042974,-1.0456064796346107,10.041573023603293,-1.8539305469835385,-6.247280919185849,29.733390865999375,1.6440175656127898,0.7740812147839176,-0.004747468923111509,False,False,False,False,False,False,False,False,False,False,False,False,False,False,False,False,-0.420876386060714,0.5432448182134808,0.4929575578711506,0.0015266414988530709,0.6411556226652213,0.4099306086301008,-0.42,0.55,0.5,0.0,0.6800603202514721,0.4761833626773901,0.0,0.6800603202514721,0.4761833626773901,0.25,0.6800603202514721,0.4761833626773901,0.0,0.0,0.0,-0.25,0.6800603202514721,0.4761833626773901,0.0,0.0,0.0,0.24329939483889992,-0.8564375684552583,0.03853408858638152,1.1358710590185175,-0.6604792496602436,0.7819129059245774,-0.2286257735215237,-0.6402345948477014,-0.3852894463851707,0.5043739683163712,0.754336122281333,0.2602991668196617
4.0200000000000005,FOLLOW_THROUGH,-0.42111568713953024,0.7598512071036868,0.0989446760992487,0.7051595780297804,2.7814313773501202e-05,-0.00022812130588247616,0.7090485996741661,0.00023620261911427395,0.00030317356143100895,5.262177967430279e-05,0.00236921783555992,0.0030070313687385404,-4.6514626439406595e-10,0.09242720762878866,0.0930313945942386,1.6677808939874128,0.02837079133785671,-0.0047201741579773054,-0.0012911061149539743,-0.48004039391729064,1.405804584267111,2.2914532630289197,0.00777340599400575,0.00012926827318648817,0.008518345720881362,0.0,0.0,0.0,0.0,0.0,0.0,0.0,0.0,0.0,0.0,0.0,0.0,-0.7525994387356314,-1.2261796493940862,1.1728299132547972,-1.962402198481954,1.4104698627384602,1.7295782528442718,-1.923730678494218,1.8926252215040036,0.7186602924724143,-1.3455619953031674,-1.9638766743992473,-0.7147589772655202,0.5369663336048545,0.7965088340573032,-3.0628296553932657,23.758743719774486,25.01667546991055,2.324247193987094,-2.1183823729425804,-1.347517068095231,-1.0435169522930803,9.431772700653283,-1.312130170906121,-6.7947442958307995,31.445561305138636,1.712281330522073,0.5640616998971266,-0.003664278499299456,False,False,False,False,False,False,False,False,False,False,False,False,False,False,False,False,-0.420876386060714,0.5432448182134808,0.4929575578711506,0.0015266414988530709,0.6411556226652213,0.4099306086301008,-0.42,0.55,0.5,0.0,0.6800603202514721,0.4761833626773901,0.0,0.6800603202514721,0.4761833626773901,0.25,0.6800603202514721,0.4761833626773901,0.0,0.0,0.0,-0.25,0.6800603202514721,0.4761833626773901,0.0,0.0,0.0,0.2558517711971969,-0.8593071478490963,0.01140721229195571,1.3327359156638034,-0.8264606171135549,0.805011362050137,-0.28063334814950897,-0.4965048881000942,-0.35731604133204453,0.47595218102119113,0.6612007595587656,0.5742608178190284
4.04,FOLLOW_THROUGH,-0.4211113805228164,0.7598567383927204,0.09894534915662448,0.7051595832587308,2.359481037388193e-05,-0.00019345782811069312,0.7090486049317967,0.00019937138775026316,0.0002561657399127095,1.9415327686403402e-05,0.0020004509296531322,0.0025414520287283713,-3.957926672385094e-11,0.16241843313461518,0.8127700272644107,1.7824221257824004,0.023992071081251287,-0.006662328129360162,-0.007398797117023045,0.36043481944326494,0.7844925516319291,2.682251875444606,0.008163168930488554,-0.008321773378748934,-0.010409327728441614,0.0,0.0,0.0,0.0,0.0,0.0,0.0,0.0,0.0,0.0,0.0,0.0,-0.7391952077379235,-1.067439083963044,1.1721408945675933,-1.878176545092117,1.4248381343700247,1.7403098549010247,-1.9240777832140297,1.70454618767331,0.7323036132210288,-1.1144816010125447,-1.6611010294009234,-0.7141169892096547,0.5459466228234136,0.796040619421119,-3.9003681986690144,22.339174242473213,24.04717878431397,11.598514163185001,-2.783311913996109,-0.7749415205641732,-1.0258413961737871,-4.723426229882615,-2.7863761490956227,-10.79237166016454,30.510669997459875,1.872601662198046,-2.023947990307586,0.0022899178786537355,False,False,False,False,False,False,False,False,False,False,False,False,False,False,False,False,-0.420876386060714,0.5432448182134808,0.4929575578711506,0.0015266414988530709,0.6411556226652213,0.4099306086301008,-0.42,0.55,0.5,0.0,0.6800603202514721,0.4761833626773901,0.0,0.6800603202514721,0.4761833626773901,0.25,0.6800603202514721,0.4761833626773901,0.0,0.0,0.0,-0.25,0.6800603202514721,0.4761833626773901,0.0,0.0,0.0,0.27093499683640015,-0.8269534833846252,-0.013396691315335522,1.485188068794519,-0.9841197746751006,0.7682076995826709,-0.2823465958408006,-0.38132535154397057,-0.302818043216358,0.44275808630337365,0.5079367693970095,0.7297503615952098
4.0600000000000005,FOLLOW_THROUGH,-0.42110773604070073,0.7598614216228123,0.09894551839726645,0.7051595870138349,2.0015696800421715e-05,-0.00016410867707671278,0.7090486087076061,0.00016900039999007382,0.0002171774391284253,2.2883357350829104e-06,0.001696006064250763,0.002154936407424387,-1.1982918184001012e-12,0.2176261368711825,1.0736645091606976,1.9116066602172888,0.016019994423497184,-0.004703702059621995,-0.00975360448343524,0.49534430008930613,0.7568548826578387,2.449038033365707,0.0074902588664410436,-0.0025422241381354246,-0.011470694306703397,0.0,0.0,0.0,0.0,0.0,0.0,0.0,0.0,0.0,0.0,0.0,0.0,-0.7252335702722819,-0.9101855657851288,1.170549695877846,-1.6775924510181566,1.4312925036224342,1.739745874774706,-1.924233024613408,1.4145789892484846,0.7070823364471406,-0.9124050084902517,-1.3590756314102503,-0.7118877241360274,0.544347876857475,0.7957757233218324,-6.010180776665317,21.176120158465455,23.44421129121627,16.06924692650023,-2.419659208984104,-0.7606157209944847,-1.0222466436784894,-6.600170791333082,-9.17918015425397,-10.956924971470109,29.152103678730377,1.8219050135341988,-2.009877033822418,-0.00015467219777620667,False,False,False,False,False,False,False,False,False,False,False,False,False,False,False,False,-0.420876386060714,0.5432448182134808,0.4929575578711506,0.0015266414988530709,0.6411556226652213,0.4099306086301008,-0.42,0.55,0.5,0.0,0.6800603202514721,0.4761833626773901,0.0,0.6800603202514721,0.4761833626773901,0.25,0.6800603202514721,0.4761833626773901,0.0,0.0,0.0,-0.25,0.6800603202514721,0.4761833626773901,0.0,0.0,0.0,0.29258365423727417,-0.7402658322204868,-0.021361281176121464,1.5951728443136493,-1.0877049869685478,0.6310181796690124,-0.24814524882792308,-0.299054013120939,-0.24238775002321722,0.4273987669381827,0.36957042931570344,0.7473393209027537
4.08,FOLLOW_THROUGH,-0.4211046450780808,0.7598653937539782,0.09894551198406415,0.7051595897157186,1.6979520201609488e-05,-0.0001392149342153078,0.7090486114243914,0.00014335870745965255,0.00018422766291863226,-1.2512430635661564e-06,0.0014387014554440793,0.001828016328374238,-4.209540716928226e-14,0.08886060713264916,1.3951553154454202,1.3424314260399084,0.011091895986285547,-0.0074378047501956115,-0.01114868337189444,0.5317392104584512,0.6232705841494005,2.3542026119629957,0.006039263311987715,-0.001787183327037418,-0.01346763827534312,0.0,0.0,0.0,0.0,0.0,0.0,0.0,0.0,0.0,0.0,0.0,0.0,-0.7289735235836341,-0.7485415598742376,1.0168757975634861,-1.4289097646992657,1.4258617790580137,1.7293356438287575,-1.9242489213326135,1.1185894750965313,0.5626972020456615,-0.7127471889737811,-1.0615730704472122,-0.7097556777600907,0.5452893416692803,0.7954707193491234,-5.362612724548286,19.185860955327602,13.837657595674463,17.51300637643959,-2.910549461276425,-0.1739318612841041,-0.9891150845011802,-7.760940965352648,-10.154127427635796,-10.527715762594324,27.55549394716518,1.7638091304784618,-2.1226628639769745,-0.003304418835226419,False,False,False,False,False,False,False,False,False,False,False,False,False,False,False,False,-0.420876386060714,0.5432448182134808,0.4929575578711506,0.0015266414988530709,0.6411556226652213,0.4099306086301008,-0.42,0.55,0.5,0.0,0.6800603202514721,0.4761833626773901,0.0,0.6800603202514721,0.4761833626773901,0.25,0.6800603202514721,0.4761833626773901,0.0,0.0,0.0,-0.25,0.6800603202514721,0.4761833626773901,0.0,0.0,0.0,0.3079360300258738,-0.6219302486300038,-0.0701717907709283,1.5415795743073095,-1.2256314397093693,0.45574249310338555,-0.20500657128871308,-0.22061366955485812,-0.20691919010831716,0.386831182786621,0.33690482124548937,0.7456450788992723
4.1,FOLLOW_THROUGH,-0.4211020230152024,0.7598687633203783,0.09894549101820685,0.7051595916600626,1.440390193856694e-05,-0.00011809745734810216,0.7090486133794583,0.00012161236858267118,0.00015628191105125506,-7.221439897678782e-07,0.0012204635307681154,0.0015507232940939217,-1.5500293358441354e-15,-0.2650771693878414,1.433826097146612,1.971165886820014,-0.013887667007765822,0.012736252284131297,-0.008903973875184854,0.5286709468844254,0.5548633146639418,2.3372245970009193,0.005162611893401101,-0.0019627367814322124,-0.014387091295158149,0.0,0.0,0.0,0.0,0.0,0.0,0.0,0.0,0.0,0.0,0.0,0.0,-0.7358788110286842,-0.5972765426699626,0.8042927452513932,-1.1830176616130483,1.2098031784092795,1.5890352687212923,-1.6130821525713015,0.8181022594896386,0.412604927512374,-0.513538804458426,-0.7853893361435702,-0.7085672162247716,0.545643747058806,0.7951474153824116,-4.27154134778511,18.984213561317404,15.159527279111716,19.209582187216313,-3.29165216481552,-2.876070826571576,0.9724728602880589,-8.148109346835712,-10.146892908915815,-10.142808223662623,27.026191219833187,1.7403728747889433,-2.1803404265831823,-0.004504492363796131,False,False,False,False,False,False,False,False,False,False,False,False,False,False,False,False,-0.420876386060714,0.5432448182134808,0.4929575578711506,0.0015266414988530709,0.6411556226652213,0.4099306086301008,-0.42,0.55,0.5,0.0,0.6800603202514721,0.4761833626773901,0.0,0.6800603202514721,0.4761833626773901,0.25,0.6800603202514721,0.4761833626773901,0.0,0.0,0.0,-0.25,0.6800603202514721,0.4761833626773901,0.0,0.0,0.0,0.30438446464507646,-0.483805305571169,-0.10774525762493,1.292488989558095,-1.2325373451366037,0.27430269259450524,-0.16152108713209717,-0.15241460033217147,-0.17603585470567784,0.325394559498865,0.30832316750398703,0.7161587866017195
4.12,FOLLOW_THROUGH,-0.4210997986939206,0.7598716217564985,0.09894548397830495,0.7051595930592709,1.2218978519037935e-05,-0.00010018329040202206,0.7090486147863836,0.0001031650100213352,0.0001325755389527976,-1.2173704695758145e-07,0.0010353317451195785,0.00131549451172293,-5.588157051462354e-17,-0.3327212388220265,1.4544106481293018,2.1163947944571486,-0.01508203860524095,0.014148170872217414,-0.010513598508709414,0.5156140828927601,0.5534454268228021,2.378843913457139,-0.010783918461295635,-0.0021757667885909863,-0.013046470578107218,0.0,0.0,0.0,0.0,0.0,0.0,0.0,0.0,0.0,0.0,0.0,0.0,-0.7383379520908399,-0.4475050054145681,0.6004414431086121,-0.9254399523610273,0.910607135097849,1.191775474065458,-1.2129057211562422,0.5164736494286505,0.2608072961050992,-0.31375410840056706,-0.5260712453367538,-0.48716769618497313,0.546902357623465,0.6686426429741029,-3.65807487844424,18.887515089809916,15.505932699398453,20.167681845402022,-3.4277793482648913,-3.162437123202393,1.0611367847186792,-8.430242405966654,-9.89811645028204,-10.126048898521285,27.439821366526434,1.5299016536374324,-2.07301430057156,-1.0922840108749947,False,False,False,False,False,False,False,False,False,False,False,False,False,False,False,False,-0.420876386060714,0.5432448182134808,0.4929575578711506,0.0015266414988530709,0.6411556226652213,0.4099306086301008,-0.42,0.55,0.5,0.0,0.6800603202514721,0.4761833626773901,0.0,0.6800603202514721,0.4761833626773901,0.25,0.6800603202514721,0.4761833626773901,0.0,0.0,0.0,-0.25,0.6800603202514721,0.4761833626773901,0.0,0.0,0.0,0.27365497684629303,-0.3391650830566393,-0.0973557598041994,1.0043053185572657,-0.9599073122826435,0.07833691684387735,-0.11863509409384665,-0.08868218366501805,-0.1457986570409613,0.31702130248934973,0.35437584157388036,0.5927670262157151
4.14,FOLLOW_THROUGH,-0.42109791177930445,0.7598740465972694,0.09894548393385587,0.7051595940661838,1.0365485405208617e-05,-8.498651771529657e-05,0.7090486157988493,8.751594277617145e-05,0.00011246519815878852,4.913767456289759e-08,0.0008782826115230655,0.0011159475805495027,-4.28243749821989e-18,-0.8724700931479757,1.2332034212558045,2.3499969109902024,-0.016155861742411293,0.016658736719317026,-0.00256472885136227,0.7594603264231479,0.36353363368600977,2.625430723917959,-0.012580161985216193,-0.014044569317895408,-0.02242748418567919,0.0,0.0,0.0,0.0,0.0,0.0,0.0,0.0,0.0,0.0,0.0,0.0,-0.6466356983843252,-0.30542638537888517,0.4076590645994396,-0.6336018885427085,0.6049044931512015,0.8072420028913733,-0.8128048712305664,0.22399211286712337,0.10528011892143341,-0.11035754158366895,-0.2676729140672837,-0.18704008683300666,0.26174854322112867,0.26879379778802176,10.270911778976695,19.77987142578035,14.339387476517498,19.332026601622452,-3.2309169442993344,-4.1292361155202695,1.1521845547672611,-10.424911543427624,-9.045857032131655,-9.961597732963488,27.82605227032559,1.563863776087114,-3.9146335647343524,-1.188115827184967,False,False,False,False,False,False,False,False,False,False,False,False,False,False,False,False,-0.420876386060714,0.5432448182134808,0.4929575578711506,0.0015266414988530709,0.6411556226652213,0.4099306086301008,-0.42,0.55,0.5,0.0,0.6800603202514721,0.4761833626773901,0.0,0.6800603202514721,0.4761833626773901,0.25,0.6800603202514721,0.4761833626773901,0.0,0.0,0.0,-0.25,0.6800603202514721,0.4761833626773901,0.0,0.0,0.0,0.22041336760377966,-0.2009867700304702,-0.07088923408400004,0.6950191517045341,-0.6615666121561163,-0.0794858674587556,-0.05409760539344467,-0.046127917679746645,-0.08819097562316931,0.09559000115196303,0.21194409417625343,0.25211099486408795
4.16,FOLLOW_THROUGH,-0.4210963110901556,0.7598761036147297,0.09894548497195631,0.7051595947907888,8.793148063832617e-06,-7.209493858527813e-05,0.7090486165274504,7.424067750685604e-05,9.540538835478338e-05,4.4285874470346586e-08,0.0007450561983988244,0.0009466698430539229,1.4891562562890844e-17,-1.0454445514163115,0.9693152069334746,2.2924349957739194,-0.016630663060571496,0.016298988196402034,0.0014358771556927364,0.12754184893393586,0.24273626438835236,2.481063428335864,0.003491758044904922,-0.003658130494610054,-0.0011009163317888526,0.0,0.0,0.0,0.0,0.0,0.0,0.0,0.0,0.0,0.0,0.0,0.0,-0.3657432225312494,-0.1612277198683073,0.2117553667774384,-0.322005273701207,0.2982003856105519,0.40922939680162074,-0.41240516174241815,-0.0024205064367278234,0.0015249746157261147,0.0034830306736192427,-0.047154093892031845,-0.007871694579097371,0.006774180635341163,0.006350328721125897,14.6954429383582,20.797146526947806,13.27040732546626,16.480011290602523,-2.8755693104825126,-4.428112989491963,1.2345697356698746,-2.818812769460636,-5.083743795020991,-13.73891282773127,24.207493788026845,0.9884455571444336,-1.9594829417156174,-0.1745879818805406,False,False,False,False,False,False,False,False,False,False,False,False,False,False,False,False,-0.420876386060714,0.5432448182134808,0.4929575578711506,0.0015266414988530709,0.6411556226652213,0.4099306086301008,-0.42,0.55,0.5,0.0,0.6800603202514721,0.4761833626773901,0.0,0.6800603202514721,0.4761833626773901,0.25,0.6800603202514721,0.4761833626773901,0.0,0.0,0.0,-0.25,0.6800603202514721,0.4761833626773901,0.0,0.0,0.0,0.12090744600393084,-0.09392629381109649,-0.035153276973273584,0.3658670467976152,-0.3317500426315546,-0.07735901511296367,0.0023945578132313944,-0.016000493945573707,-0.020079771368033423,-0.025562285696815124,0.029900075248408993,-0.02238115840982433
4.18,FOLLOW_THROUGH,-0.4210949532090387,0.7598778486038602,0.09894548557317698,0.7051595953122366,7.459318086031072e-06,-6.115887909499179e-05,0.709048617051774,6.297913223756052e-05,8.093337468312581e-05,1.9928376918094557e-08,0.0006320388518107323,0.0008030697844465418,6.396527441087254e-18,-1.0037265962280493,0.7025149939704353,2.2544630315794003,-0.015534331970454366,0.017119334062365817,0.0029226882997502148,-0.051519671815168915,0.10305783544274147,2.0209622045281863,0.0009983880613469976,0.000557566346496895,0.001632200394444259,0.0,0.0,0.0,0.0,0.0,0.0,0.0,0.0,0.0,0.0,0.0,0.0,-0.07243877124372863,-0.023118919587565866,0.02369578913687957,-0.054922368203581234,0.01761964991161944,0.021521909141975194,-0.0278513750863328,-0.005408950447667287,0.0009014225178788837,-0.0011512543002472903,-0.0009807382735898193,-0.0031368935233775314,0.004653223937392747,0.0006861415703370803,16.049047445856605,22.33250599206397,11.44782575267646,15.590550974732787,-4.073543395357811,-5.406020439065821,1.795031640452587,-0.1207906125552172,-3.7607940245069686,-11.647404520530488,20.965474883340335,0.6533537522756905,-0.671138101525651,0.047518697680421884,False,False,False,False,False,False,False,False,False,False,False,False,False,False,False,False,-0.420876386060714,0.5432448182134808,0.4929575578711506,0.0015266414988530709,0.6411556226652213,0.4099306086301008,-0.42,0.55,0.5,0.0,0.6800603202514721,0.4761833626773901,0.0,0.6800603202514721,0.4761833626773901,0.25,0.6800603202514721,0.4761833626773901,0.0,0.0,0.0,-0.25,0.6800603202514721,0.4761833626773901,0.0,0.0,0.0,0.017729477033816495,-0.01042190046009536,-0.00396643687934418,0.04117028872792888,-0.016331669942640868,-0.026136929495222314,0.0010819550553898658,-0.0012891461383876548,-0.00041945588129456413,-0.001331208886855559,0.002285139415525436,-0.0022554825032310715
4.2,DONE,-0.42109380130449026,0.7598793288961271,0.09894548582735367,0.7051595956874861,6.327816370740819e-06,-5.188170713327801e-05,0.7090486174290931,5.342584694292157e-05,6.86566158467599e-05,8.62387329354915e-09,0.0005361650701748542,0.0006812523725394871,-1.4726356768874004e-17,-0.02508125100483165,0.01566135659705884,1.9802264485524939,-0.00013789083839824102,0.00017508466638638216,0.00023195147801907066,-0.001673124413628529,0.0013678408555262646,1.9610941035375054,-7.992985112614804e-06,1.4633460448554278e-05,3.3283144666966686e-05,0.0,0.0,0.0,0.0,0.0,0.0,0.0,0.0,0.0,0.0,0.0,0.0,-0.00151352334356378,-0.0005408164353275973,0.00014630279079032966,-0.0010965531930016536,0.0001710439379599023,0.000355031843806227,-0.00010222340522397516,-0.0001831607826850409,3.456117117834293e-05,-5.6456587183719016e-05,1.5557498746208223e-05,-3.921293073908905e-05,-6.055073806837864e-05,3.6592205143913736e-05,1.5720415634801501,16.69235805229923,18.714735756782854,9.121145401063774,-1.1268730320410094,-1.8514591358192274,0.033597600784846186,0.03712099784315458,-5.2652336224851375,-11.315674604479081,18.46470651734493,0.37833876231527497,-1.3188775265457846,0.026333662287262756,False,False,False,False,False,False,False,False,False,False,False,False,False,False,False,False,-0.420876386060714,0.5432448182134808,0.4929575578711506,0.0015266414988530709,0.6411556226652213,0.4099306086301008,-0.42,0.55,0.5,0.0,0.6800603202514721,0.4761833626773901,0.0,0.6800603202514721,0.4761833626773901,0.25,0.6800603202514721,0.4761833626773901,0.0,0.0,0.0,-0.25,0.6800603202514721,0.4761833626773901,0.0,0.0,0.0,0.0003498448353155095,-0.0001614709012531982,-0.00015686499414530616,0.0002085830130132298,-0.0002896314622338346,-0.0005938309711757548,5.4847910040139985e-05,-4.68682019947259e-05,2.9698744825677635e-05,6.479969658971598e-05,-8.982867288030415e-05,-0.00022898312870453543
4.22,DONE,-0.4210928241319916,0.7598805846433112,0.09894548595638268,0.7051595959575271,5.367951807514707e-06,-4.401178657313917e-05,0.7090486177006234,4.532169645655115e-05,5.824211465409635e-05,5.301859918053947e-09,0.00045483435284496927,0.0005779134061961354,-3.1409376268643584e-17,-0.00046652188763359647,7.288362102484491e-05,1.9620354713963568,-1.6642946298883508e-08,-1.0023800414149503e-06,4.137409588347773e-06,-0.00012003910412311298,0.00010819506333148784,1.9619365144583294,-8.362452545984654e-07,9.086723370410597e-07,2.6269039359873014e-06,0.0,0.0,0.0,0.0,0.0,0.0,0.0,0.0,0.0,0.0,0.0,0.0,-3.0718893789674284e-05,-4.445346898332543e-05,3.487800230081295e-06,-1.2588597905898151e-05,2.4572281850109157e-06,9.812249201635546e-06,7.108133018249553e-06,-1.0096622657854248e-05,2.513216945076393e-06,-4.651545383196505e-06,-3.5162338541199054e-07,4.3452868231469534e-07,-4.539786618837008e-06,4.0023173695832453e-07,0.017243635500013923,16.597642136526982,18.73733286064655,7.8591221966892135,-1.1158072609047778,-1.8286317279888307,0.029251382439726737,0.0030463954529512853,-5.259014116858297,-11.325430029116252,18.46605245594687,0.37492856854210427,-1.3231285282103644,0.02780577332825334,False,False,False,False,False,False,False,False,False,False,False,False,False,False,False,False,-0.420876386060714,0.5432448182134808,0.4929575578711506,0.0015266414988530709,0.6411556226652213,0.4099306086301008,-0.42,0.55,0.5,0.0,0.6800603202514721,0.4761833626773901,0.0,0.6800603202514721,0.4761833626773901,0.25,0.6800603202514721,0.4761833626773901,0.0,0.0,0.0,-0.25,0.6800603202514721,0.4761833626773901,0.0,0.0,0.0,1.0185296567754944e-05,1.7378995228762406e-06,2.085088856555518e-06,-1.8196802502979616e-05,2.7255301445456784e-05,-2.0974710474258895e-05,3.3660417290719615e-06,-3.3133651224638156e-06,1.7102575001987969e-06,5.111164323096786e-06,-4.522142690553217e-06,-1.582017052127088e-05
4.24,DONE,-0.42109199518649293,0.7598816499065856,0.09894548604816895,0.705159596151857,4.5536888096734146e-06,-3.7335651883330194e-05,0.7090486178960249,3.844686204187715e-05,4.940738591457869e-05,4.105270317809172e-09,0.0003858406671078064,0.0004902498959951018,-4.937565111368233e-17,-3.649964183387072e-05,-3.182298950051041e-07,1.961999976455486,4.313882617790194e-08,-2.2566923196798406e-07,3.803291227412203e-07,-8.706998666850744e-06,8.851421902759383e-06,1.961996340060607,-6.022450327325387e-08,5.482500570197489e-08,2.0187997418917006e-07,0.0,0.0,0.0,0.0,0.0,0.0,0.0,0.0,0.0,0.0,0.0,0.0,1.982973421055615e-05,-2.029374514170795e-06,-5.297780011909809e-06,1.5495707448766726e-05,-5.556160952883205e-06,-9.22958685851226e-06,1.214599205306586e-05,1.4161926311585268e-06,1.0073986419615566e-07,-4.658699598623993e-08,-4.412095359980636e-07,1.4224058019430233e-06,1.6311587242043672e-07,-1.2527621742984604e-06,0.007488049218552908,16.589516214219287,18.739103105325327,7.856914816746045,-1.1151417191088362,-1.8270870690634406,0.029038534943050195,0.0007873191832398604,-5.25854602321187,-11.326315004145,18.46607009592606,0.3748414654645328,-1.3234911194855934,0.027873698195313504,False,False,False,False,False,False,False,False,False,False,False,False,False,False,False,False,-0.420876386060714,0.5432448182134808,0.4929575578711506,0.0015266414988530709,0.6411556226652213,0.4099306086301008,-0.42,0.55,0.5,0.0,0.6800603202514721,0.4761833626773901,0.0,0.6800603202514721,0.4761833626773901,0.25,0.6800603202514721,0.4761833626773901,0.0,0.0,0.0,-0.25,0.6800603202514721,0.4761833626773901,0.0,0.0,0.0,-4.538939194910434e-06,3.24162880493498e-06,2.828681720400959e-06,-1.7135938542116018e-05,1.62137987344614e-05,6.743552556411473e-06,-3.3752709397782274e-07,1.6196171875312684e-07,-1.403875618542692e-07,-1.4726691232898494e-07,7.717843322709332e-07,7.500679670025209e-07
4.26,DONE,-0.42109129198348644,0.7598825535803959,0.09894548611989257,0.7051595962917023,3.862941120383193e-06,-3.1672218051014525e-05,0.7090486180366415,3.2614869145039905e-05,4.191279446025534e-05,3.170796572511277e-09,0.00032731261250536653,0.0004158840369045151,8.220824604313362e-18,-2.9863967592178633e-06,-8.397292405061157e-07,1.9619995990070351,1.037471950016131e-08,-2.9198823470188908e-08,3.785116995896158e-08,-6.434184183013626e-07,7.745757832883702e-07,1.961999894110356,-3.1902384067805598e-09,2.5590570218447737e-09,1.5805415505978507e-08,0.0,0.0,0.0,0.0,0.0,0.0,0.0,0.0,0.0,0.0,0.0,0.0,2.390677291266255e-05,1.5978400528050315e-06,-5.777196293250236e-06,1.7317728429986367e-05,-5.86762679936616e-06,-1.0229164380665514e-05,1.2308183013358904e-05,2.20924567150472e-06,-7.937583947214541e-08,3.138813770037751e-07,-3.2617066421189544e-07,1.439271135930311e-06,5.225998652135089e-07,-1.323092841822363e-06,0.006687885709951746,16.588824435649702,18.73920895245185,7.8567549540346215,-1.1151117495709972,-1.8270015408786988,0.029023750325042938,0.0006309021365248813,-5.258510984140094,-11.326385087962361,18.46606248825936,0.3748390334365787,-1.3235192571838696,0.02787742337781833,False,False,False,False,False,False,False,False,False,False,False,False,False,False,False,False,-0.420876386060714,0.5432448182134808,0.4929575578711506,0.0015266414988530709,0.6411556226652213,0.4099306086301008,-0.42,0.55,0.5,0.0,0.6800603202514721,0.4761833626773901,0.0,0.6800603202514721,0.4761833626773901,0.25,0.6800603202514721,0.4761833626773901,0.0,0.0,0.0,-0.25,0.6800603202514721,0.4761833626773901,0.0,0.0,0.0,-5.71528111911348e-06,3.1305110445911928e-06,2.779995478373142e-06,-1.6703531982889902e-05,1.4469314543539218e-05,9.364148958912967e-06,-6.080352867443096e-07,4.527711015670779e-07,-2.3355905044794988e-07,-4.934833561522074e-07,1.0746337000398954e-06,2.0286854664332533e-06
4.28,DONE,-0.4210906954491321,0.7598833201761986,0.0989454861738638,0.7051595963923393,3.2769727401586653e-06,-2.686786879196963e-05,0.7090486181378337,2.7667529468133655e-05,3.555505529285423e-05,2.3343957399672215e-09,0.00027766266072230486,0.00035279871238351153,2.4826905750388113e-17,-1.8297108933385892e-07,-2.267131786370411e-07,1.961999861019406,4.25038682028144e-09,-5.070827535647017e-09,3.741876905095269e-09,-4.213246773662923e-08,6.9000172812485e-08,1.9620000187647786,1.1136286337531916e-10,-1.4004924997479378e-10,1.2124511344945518e-09,0.0,0.0,0.0,0.0,0.0,0.0,0.0,0.0,0.0,0.0,0.0,0.0,2.421713565626604e-05,1.908952839091934e-06,-5.799632101315678e-06,1.7383435451602896e-05,-5.856622905618153e-06,-1.0260904063605994e-05,1.2246699541025327e-05,2.2635319135556393e-06,-9.22907582481478e-08,3.400167379812881e-07,-3.0152537967687254e-07,1.4352006596047366e-06,5.476417802732616e-07,-1.3191014005479488e-06,0.0066124581331101035,16.588767713651546,18.739224148186366,7.85673408631382,-1.1151083252807983,-1.8269929721216196,0.029018092089475183,0.000618846253883607,-5.258508434225405,-11.32639042891818,18.466060808805246,0.37483844953040757,-1.3235214899156191,0.027878137254678775,False,False,False,False,False,False,False,False,False,False,False,False,False,False,False,False,-0.420876386060714,0.5432448182134808,0.4929575578711506,0.0015266414988530709,0.6411556226652213,0.4099306086301008,-0.42,0.55,0.5,0.0,0.6800603202514721,0.4761833626773901,0.0,0.6800603202514721,0.4761833626773901,0.25,0.6800603202514721,0.4761833626773901,0.0,0.0,0.0,-0.25,0.6800603202514721,0.4761833626773901,0.0,0.0,0.0,-5.808294612338068e-06,3.086297515185513e-06,2.7567942849276646e-06,-1.6582457823981035e-05,1.4231433250865081e-05,9.629371295338868e-06,-6.277848331826591e-07,4.787313985224889e-07,-2.3363980418910714e-07,-5.064080306612647e-07,1.0836828425425192e-06,2.1292792345005363e-06
4.3,DONE,-0.42109018940289433,0.7598839704873146,0.09894548621299117,0.7051595964647611,2.779889727413879e-06,-2.279228982804302e-05,0.7090486182106547,2.3470650242729e-05,3.0161719646855448e-05,1.6761608585513758e-09,0.00023554409509954593,0.00029928278164757354,8.125004238641054e-18,7.06591578367701e-08,-8.513660373249092e-08,1.9619999231708265,3.4684481120539263e-09,-2.37890074306079e-09,-6.053731980055405e-11,5.354258240337575e-09,3.9326901043917465e-10,1.962000008036,2.1108703673888783e-10,-1.8429729964353168e-10,-9.094945902299667e-12,0.0,0.0,0.0,0.0,0.0,0.0,0.0,0.0,0.0,0.0,0.0,0.0,2.421332917515988e-05,1.9351903004691407e-06,-5.7934068865260075e-06,1.7357988817304967e-05,-5.834887005470222e-06,-1.0231933994490444e-05,1.2175375861203861e-05,2.2647331833716233e-06,-9.309306002467806e-08,3.4139594742917067e-07,-2.971375741389822e-07,1.4302853241712792e-06,5.478253002335735e-07,-1.3115573666818374e-06,0.006597258393863218,16.588765500329558,18.73923373943542,7.856720786249394,-1.115105858849356,-1.8269891763341928,0.029012881721222433,0.0006171163418870315,-5.258508250244465,-11.326390955662728,18.466060559667895,0.37483793248849717,-1.3235217926449048,0.02787870275219243,False,False,False,False,False,False,False,False,False,False,False,False,False,False,False,False,-0.420876386060714,0.5432448182134808,0.4929575578711506,0.0015266414988530709,0.6411556226652213,0.4099306086301008,-0.42,0.55,0.5,0.0,0.6800603202514721,0.4761833626773901,0.0,0.6800603202514721,0.4761833626773901,0.25,0.6800603202514721,0.4761833626773901,0.0,0.0,0.0,-0.25,0.6800603202514721,0.4761833626773901,0.0,0.0,0.0,-5.808137417417035e-06,3.0732924461825396e-06,2.747140275714541e-06,-1.650894507522408e-05,1.4168758575819793e-05,9.64993382725508e-06,-6.284998716732284e-07,4.806771254245046e-07,-2.3238558985670545e-07,-5.024656447464652e-07,1.0799583524127352e-06,2.13562229149988e-06
4.32,DONE,-0.42108976011865823,0.7598845221529329,0.09894548624099554,0.7051595965168778,2.3582090876310202e-06,-1.9334934213530606e-05,0.7090486182630588,1.9910394356489657e-05,2.5586497452265383e-05,1.1987943912085221e-09,0.0001998144819888463,0.00025388466629901093,2.0063227726234018e-17,9.569410446473327e-08,-6.022830978994989e-08,1.9619999342810703,3.3676586241870807e-09,-2.0708747494602123e-09,-5.29859366373697e-10,9.463888747254865e-09,-7.124199558656203e-09,1.9620000043863939,1.9707169229832237e-10,-1.6508783229340863e-10,-1.2255301354477314e-10,0.0,0.0,0.0,0.0,0.0,0.0,0.0,0.0,0.0,0.0,0.0,0.0,2.4181906263606827e-05,1.936769945112023e-06,-5.784886633160636e-06,1.7332312098715503e-05,-5.813794560048481e-06,-1.0198736761247015e-05,1.2104028118589522e-05,2.2618911723111534e-06,-9.309407534655161e-08,3.4100757378616425e-07,-2.961179739286292e-07,1.4252261913705847e-06,5.461774467496906e-07,-1.3038795735948715e-06,0.006587338453070063,16.5887679948836,18.739242878875334,7.856707600545658,-1.1151033704318676,-1.8269857277176098,0.02900772003458772,0.0006161692707552872,-5.258508224887508,-11.326391137504647,18.46606055229811,0.3748374285264123,-1.3235219524078414,0.02787925777495395,False,False,False,False,False,False,False,False,False,False,False,False,False,False,False,False,-0.420876386060714,0.5432448182134808,0.4929575578711506,0.0015266414988530709,0.6411556226652213,0.4099306086301008,-0.42,0.55,0.5,0.0,0.6800603202514721,0.4761833626773901,0.0,0.6800603202514721,0.4761833626773901,0.25,0.6800603202514721,0.4761833626773901,0.0,0.0,0.0,-0.25,0.6800603202514721,0.4761833626773901,0.0,0.0,0.0,-5.79927413445658e-06,3.066507567586733e-06,2.7402338991481565e-06,-1.644131119971289e-05,1.4125672237044516e-05,9.642072800136613e-06,-6.276649940106892e-07,4.80179470970725e-07,-2.318287336026555e-07,-4.984364008091935e-07,1.0765281473071178e-06,2.1337914096597517e-06
4.34,DONE,-0.4210893959524191,0.7598849901365592,0.09894548626105548,0.7051595965543827,2.000493057592019e-06,-1.6402023834970727e-05,0.7090486183007704,1.689019261116995e-05,2.1705289331602367e-05,8.601860325724881e-10,0.00016950468313416792,0.00021537297740039193,-1.1147995284484662e-17,9.827131173699054e-08,-5.6150478251520084e-08,1.961999936201954,3.3408540656143424e-09,-2.029416801274658e-09,-5.91865749320945e-10,9.853747612680746e-09,-8.027879106577959e-09,1.9620000037011984,1.9183898913865944e-10,-1.5999696012514146e-10,-1.3441074543053095e-10,0.0,0.0,0.0,0.0,0.0,0.0,0.0,0.0,0.0,0.0,0.0,0.0,2.414789429513896e-05,1.9361890489480893e-06,-5.776123229664663e-06,1.730766067014209e-05,-5.793017096880741e-06,-1.0165308826661179e-05,1.20330843359307e-05,2.258716143600741e-06,-9.305496519212224e-08,3.40497227177364e-07,-2.956129039355581e-07,1.420153398276609e-06,5.443973647357508e-07,-1.2962378326470222e-06,0.006577929423038064,16.58877089677125,18.739251956950508,7.856694368485834,-1.1151008732770282,-1.826982316782028,0.02900258919238194,0.0006152879368755797,-5.2585082077782985,-11.326391295044198,18.46606058200006,0.37483692858959045,-1.3235221010194513,0.02787980918334151,False,False,False,False,False,False,False,False,False,False,False,False,False,False,False,False,-0.420876386060714,0.5432448182134808,0.4929575578711506,0.0015266414988530709,0.6411556226652213,0.4099306086301008,-0.42,0.55,0.5,0.0,0.6800603202514721,0.4761833626773901,0.0,0.6800603202514721,0.4761833626773901,0.25,0.6800603202514721,0.4761833626773901,0.0,0.0,0.0,-0.25,0.6800603202514721,0.4761833626773901,0.0,0.0,0.0,-5.789529471480099e-06,3.060774142734363e-06,2.733803916121071e-06,-1.6374621719922075e-05,1.4084928033907155e-05,9.630596236839261e-06,-6.266908240733681e-07,4.794031834211308e-07,-2.3143792432565574e-07,-4.945865753243867e-07,1.073305668773493e-06,2.131166471112521e-06
4.36,DONE,-0.42108908702644754,0.7598853871318895,0.09894548627547191,0.7051595965813723,1.6970388648940009e-06,-1.3914005752342434e-05,0.7090486183279087,1.4328124359179078e-05,1.8412820502077057e-05,6.18866932067619e-10,0.00014379256855721572,0.00018270311501466873,-1.8720646255079543e-17,9.840961342107856e-08,-5.542312266724775e-08,1.9619999366394367,3.321563635250147e-09,-2.019090394878014e-09,-6.000890652859577e-10,9.882461499834331e-09,-8.132885519085367e-09,1.9620000035854663,1.8967100112732251e-10,-1.5866985503265568e-10,-1.3570392727499946e-10,0.0,0.0,0.0,0.0,0.0,0.0,0.0,0.0,0.0,0.0,0.0,0.0,2.4113653685173036e-05,1.9354152772273123e-06,-5.767337544843345e-06,1.7283269569192333e-05,-5.772361616268176e-06,-1.0131961455269749e-05,1.1962556776156092e-05,2.2555138545522527e-06,-9.30161618275532e-08,3.399794420265357e-07,-2.951844252826927e-07,1.415093334297974e-06,5.426122994250171e-07,-1.288640456897113e-06,0.006568585456599743,16.588773830575775,18.73926101459343,7.856681139773606,-1.1150983804820942,-1.8269789195964043,0.028997488382476025,0.0006144138421349898,-5.258508190598239,-11.32639145061268,18.46606061715488,0.3748364307987287,-1.3235222483252598,0.0278803573416174,False,False,False,False,False,False,False,False,False,False,False,False,False,False,False,False,-0.420876386060714,0.5432448182134808,0.4929575578711506,0.0015266414988530709,0.6411556226652213,0.4099306086301008,-0.42,0.55,0.5,0.0,0.6800603202514721,0.4761833626773901,0.0,0.6800603202514721,0.4761833626773901,0.25,0.6800603202514721,0.4761833626773901,0.0,0.0,0.0,-0.25,0.6800603202514721,0.4761833626773901,0.0,0.0,0.0,-5.779701635771709e-06,3.0552155237526833e-06,2.7274628831299284e-06,-1.6308357496385516e-05,1.4044568946162284e-05,9.618637303176308e-06,-6.257037304205487e-07,4.785931668663315e-07,-2.3107638029276275e-07,-4.907998876034673e-07,1.070133842563158e-06,2.128456017534907e-06
4.38,DONE,-0.421088824961364,0.7598857239071172,0.09894548628584927,0.7051595966007947,1.439615547735394e-06,-1.1803394386966727e-05,0.709048618347438,1.2154695470068366e-05,1.5619785279457167e-05,4.455791652156879e-10,0.00012198071692016774,0.00015498893424495887,5.543814709513153e-17,9.825726339168113e-08,-5.521062895053145e-08,1.9619999368483452,3.303093798479033e-09,-2.0126123545516296e-09,-6.008622786905399e-10,9.87114410942735e-09,-8.133531539705862e-09,1.962000003562374,1.8808093971145418e-10,-1.5801765451683947e-10,-1.3575792455518879e-10,0.0,0.0,0.0,0.0,0.0,0.0,0.0,0.0,0.0,0.0,0.0,0.0,2.4079429532117476e-05,1.934624008547778e-06,-5.758559839275745e-06,1.7258952158012496e-05,-5.751787854641373e-06,-1.0098720750358976e-05,1.1892442773886121e-05,2.2523126823390902e-06,-9.29779113497734e-08,3.39461928938839e-07,-2.9476763386816724e-07,1.4100504694274787e-06,5.408321684964878e-07,-1.281087596440544e-06,0.006559260699700282,16.588776762942594,18.73927005735905,7.856667927425833,-1.1150958948465381,-1.8269755341131286,0.028992417431752744,0.0006135416259133117,-5.258508173223498,-11.326391605713713,18.466060653064698,0.37483593482240873,-1.3235223950906458,0.02788090228553862,False,False,False,False,False,False,False,False,False,False,False,False,False,False,False,False,-0.420876386060714,0.5432448182134808,0.4929575578711506,0.0015266414988530709,0.6411556226652213,0.4099306086301008,-0.42,0.55,0.5,0.0,0.6800603202514721,0.4761833626773901,0.0,0.6800603202514721,0.4761833626773901,0.25,0.6800603202514721,0.4761833626773901,0.0,0.0,0.0,-0.25,0.6800603202514721,0.4761833626773901,0.0,0.0,0.0,-5.769880582732403e-06,3.0496937186075243e-06,2.7211496349592745e-06,-1.6242465468980977e-05,1.4004361529660086e-05,9.60661855532104e-06,-6.247166208505278e-07,4.777800076251905e-07,-2.3071996578157686e-07,-4.870484237319102e-07,1.06697918969707e-06,2.1257373263248934e-06
4.4,DONE,-0.4210886026488544,0.7598860095970116,0.09894548629332042,0.7051595966147713,1.2212406964249034e-06,-1.0012941027201082e-05,0.709048618361492,1.0310953356460009e-05,1.3250424731016469e-05,3.207546613960365e-10,0.00010347749851357906,0.0001314787092411068,9.050740663738521e-18,9.806793703277709e-08,-5.5075684926529764e-08,1.9619999370225034,3.284800931258038e-09,-2.0066474593072256e-09,-6.005751380329762e-10,9.854897164273991e-09,-8.119887309130687e-09,1.9620000035534517,1.8659224165773408e-10,-1.574745334131927e-10,-1.3565267698698248e-10,0.0,0.0,0.0,0.0,0.0,0.0,0.0,0.0,0.0,0.0,0.0,0.0,2.404524990554676e-05,1.933831344205665e-06,-5.74979466566406e-06,1.7234675213943573e-05,-5.731288693901361e-06,-1.0065588815202175e-05,1.1822739751983018e-05,2.2491156380281448e-06,-9.293979474583279e-08,3.3894517620709773e-07,-2.943530398232567e-07,1.405025450820102e-06,5.390577896704129e-07,-1.2735790048925832e-06,0.006549949923490504,16.588779690828606,18.73927908610317,7.856654733777943,-1.1150934168348967,-1.826972160108891,0.02898737617047052,0.0006126707243881229,-5.258508155723926,-11.326391760443357,18.466060689042042,0.374835440603067,-1.3235225413807756,0.027881444034588494,False,False,False,False,False,False,False,False,False,False,False,False,False,False,False,False,-0.420876386060714,0.5432448182134808,0.4929575578711506,0.0015266414988530709,0.6411556226652213,0.4099306086301008,-0.42,0.55,0.5,0.0,0.6800603202514721,0.4761833626773901,0.0,0.6800603202514721,0.4761833626773901,0.25,0.6800603202514721,0.4761833626773901,0.0,0.0,0.0,-0.25,0.6800603202514721,0.4761833626773901,0.0,0.0,0.0,-5.760077346174018e-06,3.0441877304987632e-06,2.71485482555492e-06,-1.617693861051877e-05,1.3964276153979648e-05,9.59459923908016e-06,-6.237309909106098e-07,4.769677874528448e-07,-2.3036486972001436e-07,-4.833271993069146e-07,1.0638360274917943e-06,2.123019817510999e-06
4.42,DONE,-0.4210884140588627,0.7598862519506916,0.09894548629869786,0.7051595966248299,1.0359910608920384e-06,-8.494081001212237e-06,0.7090486183716055,8.746887930860307e-06,1.1240471773250337e-05,2.3084226781618198e-10,8.778102775900722e-05,0.00011153474321869513,-1.1893295997074491e-17,9.787400122326242e-08,-5.4952519062996e-08,1.9619999371910828,3.266624248876571e-09,-2.000767163057298e-09,-6.001342184993309e-10,9.83802172587329e-09,-8.104260157150282e-09,1.9620000035466534,1.8512763544364873e-10,-1.5694950894484753e-10,-1.3552572440283573e-10,0.0,0.0,0.0,0.0,0.0,0.0,0.0,0.0,0.0,0.0,0.0,0.0,2.4011118254215384e-05,1.9330388281071283e-06,-5.741042706639588e-06,1.7210433374435665e-05,-5.7108627837570035e-06,-1.0032565545573984e-05,1.1753445272971971e-05,2.245923077185442e-06,-9.290171417546231e-08,3.384292095956542e-07,-2.9393926226555443e-07,1.400018321539282e-06,5.372892225048831e-07,-1.2661144223097225e-06,0.006540652462793192,16.588782613948908,18.739288100977078,7.856641559184231,-1.1150909464999204,-1.8269687975265572,0.028982364425655383,0.0006118010690911782,-5.2585081381170005,-11.326391914807754,18.466060724987006,0.3748349481267685,-1.3235226872030337,0.027881982607486196,False,False,False,False,False,False,False,False,False,False,False,False,False,False,False,False,-0.420876386060714,0.5432448182134808,0.4929575578711506,0.0015266414988530709,0.6411556226652213,0.4099306086301008,-0.42,0.55,0.5,0.0,0.6800603202514721,0.4761833626773901,0.0,0.6800603202514721,0.4761833626773901,0.25,0.6800603202514721,0.4761833626773901,0.0,0.0,0.0,-0.25,0.6800603202514721,0.4761833626773901,0.0,0.0,0.0,-5.750293337052545e-06,3.0386943978455766e-06,2.708577017125774e-06,-1.611177427822836e-05,1.3924308612294895e-05,9.58258785040335e-06,-6.227470289876939e-07,4.761570702057077e-07,-2.3001051581244697e-07,-4.796352637128093e-07,1.0607034409174598e-06,2.1203047330376934e-06
4.44,DONE,-0.42108825407603034,0.7598864575418143,0.09894548630256772,0.705159596632069,8.788418870860438e-07,-7.205616397630659e-06,0.7090486183788844,7.420075120674841e-06,9.535407976920394e-06,1.661222409475701e-10,7.446554994867845e-05,9.461607142435503e-05,5.80579494175666e-17,9.767981548410887e-08,-5.4831368618992575e-08,1.961999937358417,3.2485575618412764e-09,-1.9949140117603263e-09,-5.996700547214669e-10,9.821087864494045e-09,-8.088380964907776e-09,1.9620000035401806,1.8367518617168318e-10,-1.564285923016937e-10,-1.3539566940042058e-10,0.0,0.0,0.0,0.0,0.0,0.0,0.0,0.0,0.0,0.0,0.0,0.0,2.397703497715652e-05,1.932246617083328e-06,-5.732304049161713e-06,1.7186225778093047e-05,-5.690509697234605e-06,-9.999650613786813e-06,1.1684556937817162e-05,2.2427350406847675e-06,-9.286365239859292e-08,3.3791402872334844e-07,-2.935260999842703e-07,1.3950290335617782e-06,5.355264563152417e-07,-1.2586935905253084e-06,0.006531368213312131,16.58878553227974,18.73929710202351,7.85662840367633,-1.115088483828154,-1.8269654463258034,0.02897738202449077,0.000610932649608562,-5.258508120406205,-11.326392068808024,18.466060760885174,0.3748344573861912,-1.323522832559497,0.02788251802285108,False,False,False,False,False,False,False,False,False,False,False,False,False,False,False,False,-0.420876386060714,0.5432448182134808,0.4929575578711506,0.0015266414988530709,0.6411556226652213,0.4099306086301008,-0.42,0.55,0.5,0.0,0.6800603202514721,0.4761833626773901,0.0,0.6800603202514721,0.4761833626773901,0.25,0.6800603202514721,0.4761833626773901,0.0,0.0,0.0,-0.25,0.6800603202514721,0.4761833626773901,0.0,0.0,0.0,-5.7405287096341196e-06,3.033213225351061e-06,2.7023159546189596e-06,-1.6046970247995674e-05,1.3884458024600025e-05,9.570585636114567e-06,-6.217647577772109e-07,4.753479327140943e-07,-2.296568176572324e-07,-4.759723019079187e-07,1.0575812620146713e-06,2.117592245169174e-06
4.46,DONE,-0.42108811836094595,0.7598866319468812,0.09894548630535255,0.7051595966372778,7.455306243883897e-07,-6.112598603879644e-06,0.7090486183841221,6.29452614794371e-06,8.088984796807212e-06,1.1954296470902232e-10,6.316989297740505e-05,8.026378788533881e-05,3.5996424945701546e-18,9.748598674516321e-08,-5.471079358847801e-08,1.9619999375251391,3.2305997599291133e-09,-1.989079789765919e-09,-5.992015984606217e-10,9.80417491468095e-09,-8.072498260673396e-09,1.9620000035337597,1.822332285072998e-10,-1.5590984059343738e-10,-1.3526514224375055e-10,0.0,0.0,0.0,0.0,0.0,0.0,0.0,0.0,0.0,0.0,0.0,0.0,2.3943000070364038e-05,1.931454728117599e-06,-5.723578689076779e-06,1.7162052255213394e-05,-5.670229149928909e-06,-9.966843667981555e-06,1.1616072365384955e-05,2.2395515286047884e-06,-9.282560665798683e-08,3.373996323021674e-07,-2.9311352312056374e-07,1.390057525627888e-06,5.337694730580289e-07,-1.2513162530680233e-06,0.006522097144512002,16.58878844582344,18.739306089268588,7.8566152672361165,-1.1150860287960418,-1.8269621064682835,0.028972428795036247,0.0006100654630014099,-5.258508102592305,-11.32639222244513,18.466060796734517,0.3748339683750081,-1.3235229774517225,0.027883050299193704,False,False,False,False,False,False,False,False,False,False,False,False,False,False,False,False,-0.420876386060714,0.5432448182134808,0.4929575578711506,0.0015266414988530709,0.6411556226652213,0.4099306086301008,-0.42,0.55,0.5,0.0,0.6800603202514721,0.4761833626773901,0.0,0.6800603202514721,0.4761833626773901,0.25,0.6800603202514721,0.4761833626773901,0.0,0.0,0.0,-0.25,0.6800603202514721,0.4761833626773901,0.0,0.0,0.0,-5.7307834464187135e-06,3.027744112206342e-06,2.6960715580891268e-06,-1.5982524345865044e-05,1.384472396344985e-05,9.558592795635146e-06,-6.207841775756964e-07,4.7454038279157804e-07,-2.2930376146762826e-07,-4.7233809565815935e-07,1.0544694355810394e-06,2.1148823790629587e-06
4.48,DONE,-0.4210880032324421,0.7598867798964958,0.09894548630735651,0.7051595966410261,6.324413072069621e-07,-5.1853803519354885e-06,0.7090486183878915,5.339711361644861e-06,6.861969115453216e-06,8.602399192647247e-11,5.358767082848062e-05,6.808859793661224e-05,5.544509558880779e-18,9.729259994592237e-08,-5.459058240589975e-08,1.9619999376913508,3.2127501492507023e-09,-1.983263442362212e-09,-5.987316087594888e-10,9.787293385856409e-09,-8.056646816656435e-09,1.9620000035273628,1.8080137387244083e-10,-1.5539297626432324e-10,-1.3513449950462104e-10,0.0,0.0,0.0,0.0,0.0,0.0,0.0,0.0,0.0,0.0,0.0,0.0,2.390901347433703e-05,1.9306631630788476e-06,-5.71486660859194e-06,1.7137912739866908e-05,-5.650020879645237e-06,-9.934144354358026e-06,1.1547989189073226e-05,2.236372535439437e-06,-9.278757652932953e-08,3.368860191235923e-07,-2.9270152662970695e-07,1.3851037347045816e-06,5.32018253902085e-07,-1.2439821550117986e-06,0.006512839236016221,16.58879135458518,18.739315062735926,7.856602149838001,-1.1150835813785702,-1.8269587779160263,0.028967504566336934,0.0006091995073524633,-5.258508084675758,-11.326392375719974,18.46606083253481,0.37483348108706505,-1.3235231218811654,0.02788357945492267,False,False,False,False,False,False,False,False,False,False,False,False,False,False,False,False,-0.420876386060714,0.5432448182134808,0.4929575578711506,0.0015266414988530709,0.6411556226652213,0.4099306086301008,-0.42,0.55,0.5,0.0,0.6800603202514721,0.4761833626773901,0.0,0.6800603202514721,0.4761833626773901,0.25,0.6800603202514721,0.4761833626773901,0.0,0.0,0.0,-0.25,0.6800603202514721,0.4761833626773901,0.0,0.0,0.0,-5.721057505855392e-06,3.0222870157036488e-06,2.689843773447167e-06,-1.5918434414432858e-05,1.3805106065388373e-05,9.546609376095025e-06,-6.198052855530392e-07,4.73734418384214e-07,-2.2895134409127214e-07,-4.6873244215042183e-07,1.0513679231872218e-06,2.11217513914646e-06
4.5,DONE,-0.4210879055677465,0.7598869054036773,0.09894548630879861,0.7051595966437234,5.365064746840086e-07,-4.3988115589714645e-06,0.7090486183906037,4.529732144200313e-06,5.8210790752018484e-06,6.190360722456232e-11,4.545897308682547e-05,5.776025890436624e-05,2.5756149604348076e-18,9.70996664164305e-08,-5.447070300864935e-08,1.961999937857067,3.195007980405502e-09,-1.9774647475045952e-09,-5.982604961039489e-10,9.770445047892904e-09,-8.040830767282558e-09,1.9620000035209786,1.7937951124480331e-10,-1.5487794380319953e-10,-1.3500379680877697e-10,0.0,0.0,0.0,0.0,0.0,0.0,0.0,0.0,0.0,0.0,0.0,0.0,2.3875075121813766e-05,1.929871922091329e-06,-5.706167787842121e-06,1.7113807181553656e-05,-5.629884628256472e-06,-9.901552319867677e-06,1.1480305056234908e-05,2.233198054903705e-06,-9.274956193717236e-08,3.363731879734799e-07,-2.9229010906032553e-07,1.3801675977073325e-06,5.302727799635548e-07,-1.2366910429170354e-06,0.0065035944689048894,16.58879425857047,18.73932402244864,7.856589051455383,-1.1150811415505701,-1.8269554606311964,0.02896260916843957,0.0006083347808905484,-5.258508066656875,-11.326392528633573,18.46606086828616,0.37483299551624827,-1.323523265849292,0.027884105508331702,False,False,False,False,False,False,False,False,False,False,False,False,False,False,False,False,-0.420876386060714,0.5432448182134808,0.4929575578711506,0.0015266414988530709,0.6411556226652213,0.4099306086301008,-0.42,0.55,0.5,0.0,0.6800603202514721,0.4761833626773901,0.0,0.6800603202514721,0.4761833626773901,0.25,0.6800603202514721,0.4761833626773901,0.0,0.0,0.0,-0.25,0.6800603202514721,0.4761833626773901,0.0,0.0,0.0,-5.7113508430578055e-06,3.016841901737095e-06,2.6836325505449197e-06,-1.5854698309614256e-05,1.3765603976964775e-05,9.534635402278299e-06,-6.188280784362067e-07,4.729300360209174e-07,-2.285995639181088e-07,-4.6515514187376744e-07,1.0482766889627134e-06,2.1094705268450097e-06
4.5200000000000005,DONE,-0.4210878227177794,0.7598870118727122,0.09894548630983636,0.7051595966456646,4.5512396817912694e-07,-3.7315571506805954e-06,0.7090486183925556,3.842618431650302e-06,4.93808133336713e-06,4.4547448738838535e-11,3.8563315071375656e-05,4.8998622526362064e-05,2.101891917249699e-17,9.690718641570918e-08,-5.435115059432479e-08,1.9619999380222843,3.177372753793144e-09,-1.9716836496819175e-09,-5.977883234752673e-10,9.753629894155495e-09,-8.025052523058281e-09,1.9620000035146108,1.7796758511323656e-10,-1.5436463218776442e-10,-1.3487304837356358e-10,0.0,0.0,0.0,0.0,0.0,0.0,0.0,0.0,0.0,0.0,0.0,0.0,2.384118494450245e-05,1.929081005054164e-06,-5.697482206702609e-06,1.708973553211465e-05,-5.609820139023347e-06,-9.869067212568895e-06,1.1413017628030782e-05,2.230028080614252e-06,-9.271156287937689e-08,3.358611376712583e-07,-2.918792695732596e-07,1.3752490517217095e-06,5.285330323954606e-07,-1.2294426648435826e-06,0.006494362824489081,16.588797157784754,18.739332968429725,7.8565759720614485,-1.115078709286932,-1.8269521545760805,0.02895774243238268,0.0006074712818673598,-5.2585080485359565,-11.326392681186826,18.466060903988645,0.3748325116564696,-1.3235234093575423,0.02788462847761299,False,False,False,False,False,False,False,False,False,False,False,False,False,False,False,False,-0.420876386060714,0.5432448182134808,0.4929575578711506,0.0015266414988530709,0.6411556226652213,0.4099306086301008,-0.42,0.55,0.5,0.0,0.6800603202514721,0.4761833626773901,0.0,0.6800603202514721,0.4761833626773901,0.25,0.6800603202514721,0.4761833626773901,0.0,0.0,0.0,-0.25,0.6800603202514721,0.4761833626773901,0.0,0.0,0.0,-5.7016634127640015e-06,3.01140873755466e-06,2.6774378399423e-06,-1.57913139003492e-05,1.3726217347089306e-05,9.522670895540502e-06,-6.178525528928323e-07,4.7212723200810203e-07,-2.282484196119732e-07,-4.6160599700082247e-07,1.045195697576392e-06,2.106768543099798e-06
4.54,DONE,-0.421087752435299,0.7598871021914911,0.09894548631058316,0.7051595966470615,3.8608634971860727e-07,-3.165518363785375e-06,0.7090486183939605,3.259732792376758e-06,4.189025254552501e-06,3.205901869566276e-11,3.271365735502648e-05,4.1566036146908466e-05,2.5098662184187374e-17,9.671515923368125e-08,-5.423192244521812e-08,1.9619999381870126,3.159843720013096e-09,-1.965919982360728e-09,-5.973151168122082e-10,9.73684818535655e-09,-8.009310930496502e-09,1.962000003508252,1.7656537343313485e-10,-1.5385298590686564e-10,-1.347422526129704e-10,0.0,0.0,0.0,0.0,0.0,0.0,0.0,0.0,0.0,0.0,0.0,0.0,2.380734287404661e-05,1.928290411836566e-06,-5.688809845021754e-06,1.706569774378048e-05,-5.5898271561887715e-06,-9.836688681646606e-06,1.1346124579326882e-05,2.2268626061733786e-06,-9.267357933678198e-08,3.3534986701311756e-07,-2.9146900728347726e-07,1.3703480340619471e-06,5.267989924022964e-07,-1.2222367703170121e-06,0.006485144284136687,16.58880005223356,18.739341900702215,7.856562911629495,-1.1150762845626456,-1.8269488597131143,0.028952904190199868,0.0006066090085402025,-5.258508030313398,-11.326392833380682,18.466060939642354,0.37483202950166306,-1.323523552407368,0.027885148380852483,False,False,False,False,False,False,False,False,False,False,False,False,False,False,False,False,-0.420876386060714,0.5432448182134808,0.4929575578711506,0.0015266414988530709,0.6411556226652213,0.4099306086301008,-0.42,0.55,0.5,0.0,0.6800603202514721,0.4761833626773901,0.0,0.6800603202514721,0.4761833626773901,0.25,0.6800603202514721,0.4761833626773901,0.0,0.0,0.0,-0.25,0.6800603202514721,0.4761833626773901,0.0,0.0,0.0,-5.691995169761428e-06,3.0059874906846074e-06,2.671259592435801e-06,-1.572827906845988e-05,1.3686945825903618e-05,9.510715876584466e-06,-6.168787055923977e-07,4.713260026691335e-07,-2.278979098110742e-07,-4.580848109229532e-07,1.0421249137730681e-06,2.104069188819191e-06
4.5600000000000005,DONE,-0.42108769281394703,0.7598871788098415,0.0989454863111206,0.705159596648067,3.27521026929648e-07,-2.6853418309864968e-06,0.7090486183949712,2.7652649011840358e-06,3.5535932680049783e-06,2.307056180329325e-11,2.775133246636523e-05,3.5260896569732984e-05,-3.675534527582049e-17,9.652358351738242e-08,-5.411301767730727e-08,1.9619999383512474,3.1424202406871102e-09,-1.9601739120744777e-09,-5.968408866027491e-10,9.720100127101991e-09,-7.993606343529398e-09,1.962000003501906,1.751730982491034e-10,-1.5334317149395764e-10,-1.346114175774671e-10,0.0,0.0,0.0,0.0,0.0,0.0,0.0,0.0,0.0,0.0,0.0,0.0,2.3773548842161942e-05,1.9275001423125815e-06,-5.680150682687941e-06,1.7041693768908094e-05,-5.569905424931182e-06,-9.804416377463278e-06,1.1279623598619576e-05,2.2237016251957153e-06,-9.263561131162982e-08,3.3483937481828375e-07,-2.9105932141545673e-07,1.3654644822706707e-06,5.250706412629341e-07,-1.2150731103379514e-06,0.006475938829245978,16.58880294192241,18.739350819289037,7.856549870132794,-1.115073867352756,-1.8269455760048416,0.02894809427490545,0.0006057479591690219,-5.258508011989438,-11.326392985216087,18.46606097524739,0.3748315490457851,-1.323523695000209,0.027885665236026442,False,False,False,False,False,False,False,False,False,False,False,False,False,False,False,False,-0.420876386060714,0.5432448182134808,0.4929575578711506,0.0015266414988530709,0.6411556226652213,0.4099306086301008,-0.42,0.55,0.5,0.0,0.6800603202514721,0.4761833626773901,0.0,0.6800603202514721,0.4761833626773901,0.25,0.6800603202514721,0.4761833626773901,0.0,0.0,0.0,-0.25,0.6800603202514721,0.4761833626773901,0.0,0.0,0.0,-5.682346068952667e-06,3.0005781287905443e-06,2.6650977589892572e-06,-1.5665591708593154e-05,1.3647789064656954e-05,9.498770365849618e-06,-6.159065332088103e-07,4.7052634430499946e-07,-2.275480332109146e-07,-4.545913883811094e-07,1.0390643025170414e-06,2.10137246484786e-06
4.58,DONE,-0.42108764223654005,0.7598872438059772,0.09894548631150736,0.7051595966487904,2.778394604194495e-07,-2.278003132671697e-06,0.7090486183956987,2.345802696286573e-06,3.0145497691960844e-06,1.6603105603076022e-11,2.3541741153693848e-05,2.991218172666174e-05,-6.771062746499552e-18,9.633245841076298e-08,-5.3994435712737213e-08,1.9619999385149955,3.1251016774369535e-09,-1.9544452167785627e-09,-5.963656358389635e-10,9.703384776026509e-09,-7.97793805595239e-09,1.9620000034955785,1.7379048200538674e-10,-1.5283513343788942e-10,-1.3448052570209852e-10,0.0,0.0,0.0,0.0,0.0,0.0,0.0,0.0,0.0,0.0,0.0,0.0,2.373980278065592e-05,1.9267101963441087e-06,-5.6715046996405035e-06,1.7017723559910473e-05,-5.550054691321366e-06,-9.772249951500995e-06,1.121351238794773e-05,2.220545131299456e-06,-9.259765878799105e-08,3.343296599219178e-07,-2.9065021114866534e-07,1.3605983340953455e-06,5.233479603246266e-07,-1.2079514373678372e-06,0.006466746441242125,16.588805826856795,18.739359724213088,7.856536847544649,-1.1150714576324188,-1.8269423034139416,0.028943312520493484,0.0006048881320164811,-5.258507993564457,-11.326393136693968,18.466061010803873,0.3748310702828038,-1.3235238371374969,0.027886179061008303,False,False,False,False,False,False,False,False,False,False,False,False,False,False,False,False,-0.420876386060714,0.5432448182134808,0.4929575578711506,0.0015266414988530709,0.6411556226652213,0.4099306086301008,-0.42,0.55,0.5,0.0,0.6800603202514721,0.4761833626773901,0.0,0.6800603202514721,0.4761833626773901,0.25,0.6800603202514721,0.4761833626773901,0.0,0.0,0.0,-0.25,0.6800603202514721,0.4761833626773901,0.0,0.0,0.0,-5.672716065360528e-06,2.9951806196339515e-06,2.658952290711218e-06,-1.5603249728168787e-05,1.3608746715628416e-05,9.48683438359967e-06,-6.14936032428841e-07,4.6972825324406066e-07,-2.2719878849011343e-07,-4.511255353848112e-07,1.0360138288452634e-06,2.0986783720536005e-06
4.6000000000000005,DONE,-0.4210875993312049,0.7598872989428685,0.0989454863117857,0.7051595966493107,2.3569407585777936e-07,-1.9324535195411988e-06,0.709048618396222,1.9899685876728814e-06,2.5572736173382177e-06,1.1946882048205929e-11,1.9970701486954093e-05,2.5374811836919008e-05,-3.882746571316332e-18,9.614178241599726e-08,-5.3876175321013375e-08,1.9619999386782567,3.1078874473955384e-09,-1.948733840961834e-09,-5.958893764306429e-10,9.686702754598085e-09,-7.962307194364332e-09,1.9620000034892613,1.7241752470198412e-10,-1.5232887173866038e-10,-1.3434959752239775e-10,0.0,0.0,0.0,0.0,0.0,0.0,0.0,0.0,0.0,0.0,0.0,0.0,2.3706104621434356e-05,1.9259205738042007e-06,-5.6628718757931966e-06,1.699378706927599e-05,-5.530274702336006e-06,-9.740189056407653e-06,1.114778866282653e-05,2.2173931181174216e-06,-9.255972176905238e-08,3.3382072111161806e-07,-2.9024167567628643e-07,1.3557495275127198e-06,5.216309309755114e-07,-1.200871505312484e-06,0.006457567101577052,16.588808707042183,18.73936861549717,7.856523843838441,-1.1150690553768596,-1.826939041903198,0.0289385587619308,0.0006040295253478621,-5.258507975038801,-11.326393287815302,18.46606104631188,0.3748305932067229,-1.3235239788206723,0.027886689873563228,False,False,False,False,False,False,False,False,False,False,False,False,False,False,False,False,-0.420876386060714,0.5432448182134808,0.4929575578711506,0.0015266414988530709,0.6411556226652213,0.4099306086301008,-0.42,0.55,0.5,0.0,0.6800603202514721,0.4761833626773901,0.0,0.6800603202514721,0.4761833626773901,0.25,0.6800603202514721,0.4761833626773901,0.0,0.0,0.0,-0.25,0.6800603202514721,0.4761833626773901,0.0,0.0,0.0,-5.663105114129238e-06,2.9897949310789465e-06,2.6528231388847934e-06,-1.5541251047227344e-05,1.3569818432187781e-05,9.474907949904059e-06,-6.139671999382609e-07,4.68931725812643e-07,-2.268501743297693e-07,-4.476870591553107e-07,1.032973457940456e-06,2.095986911244499e-06
4.62,DONE,-0.42108756293416705,0.7598873457160613,0.09894548631198594,0.7051595966496853,1.9994171206105534e-07,-1.6393202237628306e-06,0.7090486183965987,1.688110848420644e-06,2.1693615480099812e-06,8.594223156956054e-12,1.6941351757724842e-05,2.1525714227040278e-05,3.130609020026374e-17,9.595155427674188e-08,-5.3758235014141e-08,1.961999938841028,3.090776856673464e-09,-1.943039784624285e-09,-5.954121201630865e-10,9.670053863902557e-09,-7.946712711540289e-09,1.962000003482955,1.710542818500466e-10,-1.5182438639627047e-10,-1.342186294429756e-10,0.0,0.0,0.0,0.0,0.0,0.0,0.0,0.0,0.0,0.0,0.0,0.0,2.3672454296501916e-05,1.9251312745621852e-06,-5.654252191110234e-06,1.6969884249582874e-05,-5.510565205860699e-06,-9.708233345961392e-06,1.1082450152160352e-05,2.2142455792871084e-06,-9.25218002376252e-08,3.333125572070912e-07,-2.8983371418029776e-07,1.3509180007335906e-06,5.199195346738901e-07,-1.1938330695254464e-06,0.006448400791728729,16.588811582484116,18.739377493164145,7.856510858987537,-1.115066660561387,-1.8269357914355453,0.028933832835155264,0.0006031721374305733,-5.258507956412695,-11.326393438581011,18.46606108177152,0.3748301178115579,-1.3235241200511605,0.027887197691357533,False,False,False,False,False,False,False,False,False,False,False,False,False,False,False,False,-0.420876386060714,0.5432448182134808,0.4929575578711506,0.0015266414988530709,0.6411556226652213,0.4099306086301008,-0.42,0.55,0.5,0.0,0.6800603202514721,0.4761833626773901,0.0,0.6800603202514721,0.4761833626773901,0.25,0.6800603202514721,0.4761833626773901,0.0,0.0,0.0,-0.25,0.6800603202514721,0.4761833626773901,0.0,0.0,0.0,-5.6535131705235835e-06,2.9844210311020534e-06,2.646710254945089e-06,-1.5479593598419698e-05,1.3531003868754909e-05,9.462991084632033e-06,-6.130000324362624e-07,4.681367583558615e-07,-2.2650218940986508e-07,-4.4427576817310644e-07,1.029943155084887e-06,2.093298083230825e-06
4.64,DONE,-0.421087532058185,0.7598873853942426,0.09894548631213004,0.7051595966499552,1.6961261362283703e-07,-1.3906522298521813e-06,0.7090486183968697,1.4320418192764933e-06,1.8402917443423585e-06,6.186734134003724e-12,1.437152318211104e-05,1.8260485081045296e-05,-4.738472643762309e-17,9.57617728784145e-08,-5.364061438176116e-08,1.9619999390033178,3.0737693501592323e-09,-1.937362936743621e-09,-5.949338767600281e-10,9.65343752412576e-09,-7.931153712114887e-09,1.9620000034766654,1.69700309360365e-10,-1.5132139985496415e-10,-1.3408761085755784e-10,0.0,0.0,0.0,0.0,0.0,0.0,0.0,0.0,0.0,0.0,0.0,0.0,2.3638851737955833e-05,1.9243422984808422e-06,-5.645645625623137e-06,1.6946015053439537e-05,-5.490925950686811e-06,-9.676382475070606e-06,1.1017494598155546e-05,2.2111025084562984e-06,-9.248389419927193e-08,3.328051670424619e-07,-2.894263258688261e-07,1.3461036921648974e-06,5.18213752947547e-07,-1.1868358867959788e-06,0.006439247493201587,16.58881445318807,18.73938635723676,7.8564978929653915,-1.1150642731614098,-1.8269325519740083,0.02892913457706018,0.0006023159665345526,-5.258507937686583,-11.326393588992008,18.466061117182925,0.37482964409135316,-1.3235242608303825,0.02788770253195237,False,False,False,False,False,False,False,False,False,False,False,False,False,False,False,False,-0.420876386060714,0.5432448182134808,0.4929575578711506,0.0015266414988530709,0.6411556226652213,0.4099306086301008,-0.42,0.55,0.5,0.0,0.6800603202514721,0.4761833626773901,0.0,0.6800603202514721,0.4761833626773901,0.25,0.6800603202514721,0.4761833626773901,0.0,0.0,0.0,-0.25,0.6800603202514721,0.4761833626773901,0.0,0.0,0.0,-5.6439401899331434e-06,2.9790588877683652e-06,2.6406135904629206e-06,-1.5418275326922076e-05,1.3492302680770697e-05,9.451083807500736e-06,-6.120345266295063e-07,4.673433472229963e-07,-2.2615483243266337e-07,-4.4089147221072323e-07,1.026922885716515e-06,2.0906118888118496e-06
4.66,DONE,-0.42108750586577137,0.7598874190536525,0.09894548631223382,0.7051595966501497,1.438841270463982e-07,-1.1797046094841376e-06,0.7090486183970651,1.2148158245064861e-06,1.5611384406430508e-06,4.455617649275809e-12,1.2191511133857667e-05,1.549055756649549e-05,4.352630521551662e-18,9.557243689191194e-08,-5.3523312068455286e-08,1.9619999391651237,3.056864178452293e-09,-1.9317034638532906e-09,-5.944546511501084e-10,9.636854211144893e-09,-7.915632188512683e-09,1.9620000034703855,1.683561068333e-10,-1.5082030069279946e-10,-1.3395655621905355e-10,0.0,0.0,0.0,0.0,0.0,0.0,0.0,0.0,0.0,0.0,0.0,0.0,2.3605296877990438e-05,1.9235536454263566e-06,-5.637052159359918e-06,1.6922179433543427e-05,-5.47135668647406e-06,-9.644636099781067e-06,1.0952919756264826e-05,2.207963899283828e-06,-9.244600364447168e-08,3.322985494246271e-07,-2.890195099354274e-07,1.341306540451318e-06,5.16513567372534e-07,-1.1798797153295762e-06,0.00643010718752641,16.588817319159517,18.73939520773772,7.856484945745452,-1.115061893152402,-1.8269293234817627,0.028924463825499482,0.0006014610109324429,-5.25850791886067,-11.326393739049225,18.46606115254611,0.3748291720401637,-1.3235244011597591,0.027888204412801768,False,False,False,False,False,False,False,False,False,False,False,False,False,False,False,False,-0.420876386060714,0.5432448182134808,0.4929575578711506,0.0015266414988530709,0.6411556226652213,0.4099306086301008,-0.42,0.55,0.5,0.0,0.6800603202514721,0.4761833626773901,0.0,0.6800603202514721,0.4761833626773901,0.25,0.6800603202514721,0.4761833626773901,0.0,0.0,0.0,-0.25,0.6800603202514721,0.4761833626773901,0.0,0.0,0.0,-5.6343861278656626e-06,2.973708469248437e-06,2.6345330971765734e-06,-1.5357294190364143e-05,1.345371452474471e-05,9.439186138032907e-06,-6.11070679229932e-07,4.6655148877383374e-07,-2.2580810208689767e-07,-4.3753398221377764e-07,1.0239126153720137e-06,2.0879283287526576e-06
4.68,DONE,-0.42108748364647725,0.7598874476072763,0.09894548631230853,0.7051595966502893,1.220583868950678e-07,-1.0007555704889273e-06,0.7090486183972055,1.0305407758091019e-06,1.3243298179898914e-06,3.206382366156198e-12,1.034218446015921e-05,1.3140799527026463e-05,9.265763517114745e-18,9.538354514387915e-08,-5.34063274953382e-08,1.9619999393264498,3.040060897463442e-09,-1.9260608108417865e-09,-5.939744486801691e-10,9.620303857492153e-09,-7.900146911544321e-09,1.962000003464125,1.6702117466849105e-10,-1.5032092237632337e-10,-1.3382546690472972e-10,0.0,0.0,0.0,0.0,0.0,0.0,0.0,0.0,0.0,0.0,0.0,0.0,2.357178964889598e-05,1.9227653152735024e-06,-5.6284717723972865e-06,1.6898377342644385e-05,-5.451857163797802e-06,-9.612993877280809e-06,1.0888723395084e-05,2.2048297454353854e-06,-9.240812856349651e-08,3.3179270318180106e-07,-2.886132655831268e-07,1.3365264844575598e-06,5.148189595893513e-07,-1.1729643147569507e-06,0.006420979856259957,16.588820180404003,18.739404044689735,7.856472017301216,-1.1150595205099312,-1.8269261059221023,0.028919820419276005,0.0006006072688991717,-5.25850789993538,-11.326393888753634,18.46606118786126,0.3748287016520795,-1.3235245410407048,0.02788870335126162,False,False,False,False,False,False,False,False,False,False,False,False,False,False,False,False,-0.420876386060714,0.5432448182134808,0.4929575578711506,0.0015266414988530709,0.6411556226652213,0.4099306086301008,-0.42,0.55,0.5,0.0,0.6800603202514721,0.4761833626773901,0.0,0.6800603202514721,0.4761833626773901,0.25,0.6800603202514721,0.4761833626773901,0.0,0.0,0.0,-0.25,0.6800603202514721,0.4761833626773901,0.0,0.0,0.0,-5.624850939953594e-06,2.968369743810223e-06,2.628468726969865e-06,-1.5296648158716596e-05,1.3415239058223876e-05,9.427298095580587e-06,-6.101084869590021e-07,4.6576117937810936e-07,-2.254619970714635e-07,-4.342031103816923e-07,1.0209123097135822e-06,2.0852474038056267e-06
4.7,DONE,-0.4210874647976211,0.7598874718296096,0.09894548631236225,0.7051595966503899,1.0354338673268092e-07,-8.489512576388811e-07,0.7090486183973062,8.742183540886851e-07,1.1234426244380426e-06,2.3043532974333053e-12,8.77338159604305e-06,1.1147475581573922e-05,-2.0894962048478746e-18,9.519509659781384e-08,-5.3289659187411185e-08,1.9619999394872947,3.0233587022809818e-09,-1.920435532820616e-09,-5.934932897030673e-10,9.603786156382848e-09,-7.884697397429793e-09,1.9620000034578713,1.6569562388823967e-10,-1.4982332041668622e-10,-1.3369433016546002e-10,0.0,0.0,0.0,0.0,0.0,0.0,0.0,0.0,0.0,0.0,0.0,0.0,2.3538329983062072e-05,1.9219773078917096e-06,-5.619904444802289e-06,1.687460873357228e-05,-5.432427134124902e-06,-9.581455465851485e-06,1.082490329629397e-05,2.2017000405839824e-06,-9.237026895231375e-08,3.3128762714557523e-07,-2.882075919912991e-07,1.3317634632536688e-06,5.13129911303324e-07,-1.166089446108503e-06,0.006411865480985447,16.588823036926975,18.739412868115394,7.856459107606256,-1.1150571552096575,-1.8269228992584192,0.028915204198136486,0.0005997547387120425,-5.25850788091094,-11.326394038106093,18.466061223128428,0.37482823292119816,-1.3235246804746228,0.0278891993645856,False,False,False,False,False,False,False,False,False,False,False,False,False,False,False,False,-0.420876386060714,0.5432448182134808,0.4929575578711506,0.0015266414988530709,0.6411556226652213,0.4099306086301008,-0.42,0.55,0.5,0.0,0.6800603202514721,0.4761833626773901,0.0,0.6800603202514721,0.4761833626773901,0.25,0.6800603202514721,0.4761833626773901,0.0,0.0,0.0,-0.25,0.6800603202514721,0.4761833626773901,0.0,0.0,0.0,-5.615334581944129e-06,2.963042679826335e-06,2.6224204318901717e-06,-1.5236335214214652e-05,1.3376875939789408e-05,9.415419699299364e-06,-6.091479465472259e-07,4.649724154243505e-07,-2.2511651608054088e-07,-4.308986701251989e-07,1.017921934512516e-06,2.0825691147279445e-06
4.72,DONE,-0.42108744880794235,0.7598874923776644,0.09894548631240084,0.7051595966504617,8.783692140208024e-08,-7.201740955523412e-07,0.7090486183973785,7.416084337066742e-07,9.530279490943346e-07,1.65580048104372e-12,7.442549968526291e-06,9.456518348027074e-06,-1.8842136996637482e-17,9.500708983611894e-08,-5.317330683338784e-08,1.9619999396476602,3.006757121060124e-09,-1.9148272967228697e-09,-5.930111741293715e-10,9.587301043656743e-09,-7.869284396903615e-09,1.9620000034516332,1.6437951000369788e-10,-1.4932738379158614e-10,-1.3356316159183202e-10,0.0,0.0,0.0,0.0,0.0,0.0,0.0,0.0,0.0,0.0,0.0,0.0,2.3504917812972444e-05,1.921189623142989e-06,-5.6113501566983e-06,1.6850873559226396e-05,-5.413066349788701e-06,-9.55002052492835e-06,1.0761457254581821e-05,2.1985747784160518e-06,-9.233242480460255e-08,3.3078332012764636e-07,-2.878024883690405e-07,1.327017416127678e-06,5.114464042670602e-07,-1.1592548718358377e-06,0.006402764043311693,16.5888258887339,18.73942167803727,7.8564462166341125,-1.115054797227306,-1.8269197034542464,0.02891061500276952,0.0005989034186510244,-5.258507861787718,-11.326394187107558,18.466061258347704,0.3748277658416452,-1.3235248194629248,0.02788969246992566,False,False,False,False,False,False,False,False,False,False,False,False,False,False,False,False,-0.420876386060714,0.5432448182134808,0.4929575578711506,0.0015266414988530709,0.6411556226652213,0.4099306086301008,-0.42,0.55,0.5,0.0,0.6800603202514721,0.4761833626773901,0.0,0.6800603202514721,0.4761833626773901,0.25,0.6800603202514721,0.4761833626773901,0.0,0.0,0.0,-0.25,0.6800603202514721,0.4761833626773901,0.0,0.0,0.0,-5.605837009707706e-06,2.9577272457688324e-06,2.616388164133767e-06,-1.5176353351362237e-05,1.3338624829090133e-05,9.403550968176218e-06,-6.081890547282991e-07,4.641851932975168e-07,-2.24771657817466e-07,-4.2762047608043636e-07,1.0149414556708416e-06,2.079893462227412e-06
4.74,DONE,-0.4210874352437332,0.7598875098087907,0.09894548631242854,0.7051595966505132,7.451296509330897e-08,-6.10931102626247e-07,0.7090486183974305,6.291140724196309e-07,8.084634248696758e-07,1.1873924526298126e-12,6.313591791920978e-06,8.022061911471466e-06,7.077126334928656e-18,9.481952367305998e-08,-5.305726841719905e-08,1.9619999398075507,2.990255487667064e-09,-1.909235936015103e-09,-5.92528113270649e-10,9.570848519601775e-09,-7.853907101157666e-09,1.9620000034454066,1.630724999479579e-10,-1.4883311250102307e-10,-1.3343194858872596e-10,0.0,0.0,0.0,0.0,0.0,0.0,0.0,0.0,0.0,0.0,0.0,0.0,2.3471553071203936e-05,1.9204022608992483e-06,-5.602808888284442e-06,1.6827171772551793e-05,-5.393774564016095e-06,-9.518688715035344e-06,1.0698383077546907e-05,2.1954539526229e-06,-9.229459611064487e-08,3.3027978098136026e-07,-2.873979539227537e-07,1.3222882826019136e-06,5.097684203185061e-07,-1.1524603557565576e-06,0.0063936755248744865,16.588828735830255,18.739430474477942,7.856433344358441,-1.115052446538693,-1.8269165184732408,0.02890605267479477,0.0005980533069982416,-5.258507842566059,-11.326394335758927,18.466061293519207,0.3748273004075643,-1.3235249580070108,0.02789018268433082,False,False,False,False,False,False,False,False,False,False,False,False,False,False,False,False,-0.420876386060714,0.5432448182134808,0.4929575578711506,0.0015266414988530709,0.6411556226652213,0.4099306086301008,-0.42,0.55,0.5,0.0,0.6800603202514721,0.4761833626773901,0.0,0.6800603202514721,0.4761833626773901,0.25,0.6800603202514721,0.4761833626773901,0.0,0.0,0.0,-0.25,0.6800603202514721,0.4761833626773901,0.0,0.0,0.0,-5.5963581792361396e-06,2.9524234102039074e-06,2.6103718760262005e-06,-1.5116700576816671e-05,1.3300485386746705e-05,9.391691921035902e-06,-6.072318082503723e-07,4.6339950940138954e-07,-2.2442742099519385e-07,-4.243683440765066e-07,1.011970839221046e-06,2.077220447023496e-06
4.76,DONE,-0.4210874237370748,0.7598875245957949,0.09894548631244848,0.7051595966505508,6.321011572722384e-08,-5.182591465889611e-07,0.7090486183974682,5.336839471432291e-07,6.858278500084858e-07,8.579843468989747e-13,5.355884943403545e-06,6.805197742007982e-06,-1.698134457754715e-17,9.463239702646833e-08,-5.294154341151863e-08,1.9619999399669643,2.9738532192347027e-09,-1.903661617230762e-09,-5.920441209764602e-10,9.554428672424326e-09,-7.838565455884695e-09,1.9620000034391967,1.6177464923217129e-10,-1.4834050654499704e-10,-1.333007009469117e-10,0.0,0.0,0.0,0.0,0.0,0.0,0.0,0.0,0.0,0.0,0.0,0.0,2.3438235690433385e-05,1.9196152210272646e-06,-5.594280619716194e-06,1.680350332658715e-05,-5.374551530921823e-06,-9.487459697834512e-06,1.0635678585652217e-05,2.1923375569079016e-06,-9.225678286948209e-08,3.297770085100527e-07,-2.8699398784591514e-07,1.3175760023845696e-06,5.080959413247307e-07,-1.1457056630921945e-06,0.006384599907335138,16.588831578221576,18.73943925745991,7.856420490752859,-1.1150501031197213,-1.8269133442791703,0.028901517056762242,0.0005972044020383501,-5.258507823246192,-11.326394484061158,18.466061328643057,0.37482683661312677,-1.3235250961082796,0.02789067002475436,False,False,False,False,False,False,False,False,False,False,False,False,False,False,False,False,-0.420876386060714,0.5432448182134808,0.4929575578711506,0.0015266414988530709,0.6411556226652213,0.4099306086301008,-0.42,0.55,0.5,0.0,0.6800603202514721,0.4761833626773901,0.0,0.6800603202514721,0.4761833626773901,0.25,0.6800603202514721,0.4761833626773901,0.0,0.0,0.0,-0.25,0.6800603202514721,0.4761833626773901,0.0,0.0,0.0,-5.58689804663706e-06,2.9471311418058463e-06,2.6043715200746143e-06,-1.5057374909254634e-05,1.3262457274478189e-05,9.379842576498943e-06,-6.062762038609149e-07,4.626153601443776e-07,-2.2408380431486487e-07,-4.2114209113521757e-07,1.0090100512921897e-06,2.0745500697952907e-06
4.78,DONE,-0.421087413975858,0.7598875371397629,0.09894548631246289,0.7051595966505779,5.3621792199117423e-08,-4.396445718156937e-07,0.7090486183974956,4.527295890218535e-07,5.817948287772127e-07,6.191926444380422e-13,4.543452360281235e-06,5.77291933398299e-06,-1.0619641864406199e-17,9.444570878253304e-08,-5.28261316129288e-08,1.9619999401259047,2.9575497051403864e-09,-1.8981041183252447e-09,-5.915591933244562e-10,9.538040878147781e-09,-7.823259743812162e-09,1.9620000034329952,1.6048590234518622e-10,-1.478497324569613e-10,-1.331694209392978e-10,0.0,0.0,0.0,0.0,0.0,0.0,0.0,0.0,0.0,0.0,0.0,0.0,2.3404965603428983e-05,1.918828503396045e-06,-5.5857653312185985e-06,1.6779868174398057e-05,-5.355397005480237e-06,-9.456333136081349e-06,1.0573341612129347e-05,2.189225584980859e-06,-9.221898506785842e-08,3.2927500155590457e-07,-2.8659058933348295e-07,1.3128805154279487e-06,5.06428949222475e-07,-1.1389905604312989e-06,0.006375537172380714,16.588834415913254,18.73944802700555,7.856407655791058,-1.1150477669463668,-1.8269101808359185,0.0288970079921443,0.0005963567020588109,-5.258507803828499,-11.326394632015138,18.466061363719312,0.37482637445251593,-1.3235252337681194,0.027891154508049333,False,False,False,False,False,False,False,False,False,False,False,False,False,False,False,False,-0.420876386060714,0.5432448182134808,0.4929575578711506,0.0015266414988530709,0.6411556226652213,0.4099306086301008,-0.42,0.55,0.5,0.0,0.6800603202514721,0.4761833626773901,0.0,0.6800603202514721,0.4761833626773901,0.25,0.6800603202514721,0.4761833626773901,0.0,0.0,0.0,-0.25,0.6800603202514721,0.4761833626773901,0.0,0.0,0.0,-5.577456568140207e-06,2.9418504093311803e-06,2.598387048914542e-06,-1.4998374379386334e-05,1.322454015498113e-05,9.36800295304895e-06,-6.053222383207863e-07,4.618327419508335e-07,-2.2374080648469325e-07,-4.179415354615391e-07,1.006059058130117e-06,2.0718823312169675e-06
4.8,DONE,-0.42108740569531733,0.75988754778094,0.0989454863124733,0.7051595966505972,4.5487918596287674e-08,-3.729550183503602e-07,0.7090486183975152,3.8405517320331027e-07,4.93542545391424e-07,4.4712781291935854e-13,3.854257432082178e-06,4.897226928617588e-06,2.0900632345227106e-17,9.42594576597208e-08,-5.2711030771738174e-08,1.961999940284376,2.941344307005873e-09,-1.892563439298552e-09,-5.910733516961186e-10,9.521685646112422e-09,-7.807990123523766e-09,1.9620000034268075,1.5920625928700322e-10,-1.4736040165885775e-10,-1.3303810641215736e-10,0.0,0.0,0.0,0.0,0.0,0.0,0.0,0.0,0.0,0.0,0.0,0.0,2.337174274305933e-05,1.918042107875431e-06,-5.577263003030981e-06,1.6756266269162718e-05,-5.336310743539627e-06,-9.425308693652883e-06,1.0511370002906472e-05,2.1861180305633943e-06,-9.218120271443026e-08,3.287737589547078e-07,-2.8618775761282443e-07,1.308201761884643e-06,5.047674260198833e-07,-1.1323148157283848e-06,0.006366487301725065,16.5888372489108,18.73945678313737,7.856394839446792,-1.1150454379946972,-1.8269070281075082,0.028892525325329998,0.0005955102053488001,-5.258507784313251,-11.326394779621754,18.466061398748085,0.37482591391993797,-1.3235253709879187,0.02789163615096629,False,False,False,False,False,False,False,False,False,False,False,False,False,False,False,False,-0.420876386060714,0.5432448182134808,0.4929575578711506,0.0015266414988530709,0.6411556226652213,0.4099306086301008,-0.42,0.55,0.5,0.0,0.6800603202514721,0.4761833626773901,0.0,0.6800603202514721,0.4761833626773901,0.25,0.6800603202514721,0.4761833626773901,0.0,0.0,0.0,-0.25,0.6800603202514721,0.4761833626773901,0.0,0.0,0.0,-5.568033700091759e-06,2.9365811816528276e-06,2.5924184153466723e-06,-1.4939697029844502e-05,1.3186733692017609e-05,9.356173068960845e-06,-6.043699083958389e-07,4.610516512444484e-07,-2.233984262339637e-07,-4.1476649646395345e-07,1.0031178261457372e-06,2.069217231939005e-06
4.82,DONE,-0.42108739867084927,0.7598875568079603,0.09894548631248078,0.7051595966506115,3.8587869843511e-08,-3.1638158328395345e-07,0.7090486183975293,3.257979589419981e-07,4.186772244648752e-07,3.2239302252158365e-13,3.269606275890478e-06,4.154368042222377e-06,-1.0107333066553633e-17,9.407364229324552e-08,-5.259624031031314e-08,1.9619999404423694,2.9252364419640642e-09,-1.887039580150678e-09,-5.905866007738518e-10,9.50536228374704e-09,-7.792755205113821e-09,1.9620000034206344,1.5793566454647098e-10,-1.4687306926219853e-10,-1.3290674868776893e-10,0.0,0.0,0.0,0.0,0.0,0.0,0.0,0.0,0.0,0.0,0.0,0.0,2.3338567042284884e-05,1.9172560343320672e-06,-5.568773615426001e-06,1.6732697564100702e-05,-5.3172925018440155e-06,-9.394386035509008e-06,1.0449761616543162e-05,2.1830148873812377e-06,-9.214343578700001e-08,3.2827327954150276e-07,-2.8578549185565884e-07,1.3035396821214373e-06,5.03111353782832e-07,-1.1256781983068328e-06,0.006357450277107166,16.588840077219686,18.73946552587765,7.856382041693773,-1.1150431162408567,-1.8269038860580544,0.02888806890162016,0.0005946649102005154,-5.2585077647007905,-11.326394926881925,18.46606143372947,0.37482545500961945,-1.3235255077690609,0.027892114970161763,False,False,False,False,False,False,False,False,False,False,False,False,False,False,False,False,-0.420876386060714,0.5432448182134808,0.4929575578711506,0.0015266414988530709,0.6411556226652213,0.4099306086301008,-0.42,0.55,0.5,0.0,0.6800603202514721,0.4761833626773901,0.0,0.6800603202514721,0.4761833626773901,0.25,0.6800603202514721,0.4761833626773901,0.0,0.0,0.0,-0.25,0.6800603202514721,0.4761833626773901,0.0,0.0,0.0,-5.558629398955658e-06,2.9313234277354768e-06,2.5864655723134723e-06,-1.4881340915096224e-05,1.3149037550343979e-05,9.34435294234467e-06,-6.034192108632698e-07,4.602720844766391e-07,-2.2305666226357288e-07,-4.116167946973752e-07,1.000186321801516e-06,2.0665547726230606e-06
4.84,DONE,-0.4210873927119207,0.7598875644656745,0.09894548631248622,0.7051595966506217,3.273448742104847e-08,-2.683897556422767e-07,0.7090486183975395,2.7637776412713867e-07,3.5516820163066056e-07,2.3250443212337717e-13,2.7736406791664202e-06,3.5241931976006512e-06,-2.0560872174018162e-17,9.388826169441362e-08,-5.248175986440912e-08,1.9619999405999,2.9092256381701924e-09,-1.8815324298593298e-09,-5.900989448240477e-10,9.489071510036456e-09,-7.777556806089637e-09,1.9620000034144727,1.5667395159013577e-10,-1.4638723566662264e-10,-1.3277536826427365e-10,0.0,0.0,0.0,0.0,0.0,0.0,0.0,0.0,0.0,0.0,0.0,0.0,2.3305438434160404e-05,1.916470282633129e-06,-5.560297148745145e-06,1.670916201248956e-05,-5.298342037966337e-06,-9.363564827721639e-06,1.0388514324146746e-05,2.1799161491753787e-06,-9.21056842831683e-08,3.2777356215858636e-07,-2.853837912952125e-07,1.298894216708767e-06,5.01460714613299e-07,-1.1190804788391557e-06,0.006348426080292512,16.58884290084538,18.739474255248787,7.856369262505821,-1.1150408016610727,-1.8269007546518106,0.028883638567224992,0.0005938208149086169,-5.25850774499145,-11.326395073796597,18.466061468663558,0.37482499771580974,-1.3235256441129302,0.02789259098219234,False,False,False,False,False,False,False,False,False,False,False,False,False,False,False,False,-0.420876386060714,0.5432448182134808,0.4929575578711506,0.0015266414988530709,0.6411556226652213,0.4099306086301008,-0.42,0.55,0.5,0.0,0.6800603202514721,0.4761833626773901,0.0,0.6800603202514721,0.4761833626773901,0.25,0.6800603202514721,0.4761833626773901,0.0,0.0,0.0,-0.25,0.6800603202514721,0.4761833626773901,0.0,0.0,0.0,-5.549243621317527e-06,2.9260771166347125e-06,2.5805284728940086e-06,-1.4823304101459716e-05,1.3111451395729067e-05,9.332542591162884e-06,-6.024701425030992e-07,4.59494038087793e-07,-2.227155133060289e-07,-4.0849225192576523e-07,9.97264511714311e-07,2.063894953873429e-06
4.86,DONE,-0.4210873876569003,0.7598875709617924,0.09894548631249009,0.7051595966506286,2.7769002825002043e-08,-2.2767779396812647e-07,0.7090486183975468,2.344541038180912e-07,3.0129284348094743e-07,1.6628579661017893e-13,2.352907954775891e-06,2.989609386875243e-06,-2.192281126624055e-17,9.370331460878206e-08,-5.23675878907994e-08,1.9619999407569593,2.893311146223703e-09,-1.8760420994468026e-09,-5.89610395426603e-10,9.47281299735227e-09,-7.762393054121182e-09,1.962000003408324,1.5542106490684626e-10,-1.4590306740558356e-10,-1.3264394960068247e-10,0.0,0.0,0.0,0.0,0.0,0.0,0.0,0.0,0.0,0.0,0.0,0.0,2.3272356851838803e-05,1.915684852655054e-06,-5.551833583281748e-06,1.6685659567686807e-05,-5.279459110374162e-06,-9.33284473746326e-06,1.0327626009303576e-05,2.176821809691201e-06,-9.206794820611067e-08,3.2727460562605414e-07,-2.849826551244059e-07,1.2942653064492053e-06,4.998154906969376e-07,-1.1125214293316503e-06,0.006339414693072063,16.58884571979329,18.73948297127297,7.8563565018567685,-1.1150384942316522,-1.8268976338531446,0.028879234169254385,0.0005929779177694058,-5.25850772518552,-11.32639522036662,18.466061503550463,0.3748245420327802,-1.3235257800208973,0.02789306420351817,False,False,False,False,False,False,False,False,False,False,False,False,False,False,False,False,-0.420876386060714,0.5432448182134808,0.4929575578711506,0.0015266414988530709,0.6411556226652213,0.4099306086301008,-0.42,0.55,0.5,0.0,0.6800603202514721,0.4761833626773901,0.0,0.6800603202514721,0.4761833626773901,0.25,0.6800603202514721,0.4761833626773901,0.0,0.0,0.0,-0.25,0.6800603202514721,0.4761833626773901,0.0,0.0,0.0,-5.539876323876792e-06,2.9208422175096675e-06,2.574607070341697e-06,-1.4765584666867865e-05,1.3073974894989164e-05,9.320742033178992e-06,-6.015227001030594e-07,4.587175085403991e-07,-2.2237497807912593e-07,-4.05392691004842e-07,9.943523626261555e-07,2.0612377762977944e-06
4.88,DONE,-0.4210873833686744,0.759887576472516,0.09894548631249285,0.7051595966506338,2.3556731100592714e-08,-1.9314141757075489e-07,0.709048618397552,1.9888983101452725e-07,2.55589822255085e-07,1.179639562539382e-13,1.995996051614434e-06,2.536116433974726e-06,7.446454206668227e-18,9.351879974825464e-08,-5.2253723370678095e-08,1.961999940913553,2.877492466524238e-09,-1.8705682558461895e-09,-5.891209646404951e-10,9.456586248963944e-09,-7.74726464985153e-09,1.9620000034021903,1.541770044966026e-10,-1.4542050896793037e-10,-1.3251250132052205e-10,0.0,0.0,0.0,0.0,0.0,0.0,0.0,0.0,0.0,0.0,0.0,0.0,2.323932222856655e-05,1.9148997442576793e-06,-5.543382899419362e-06,1.6662190183114975e-05,-5.260643478381576e-06,-9.30222543298499e-06,1.0267094568003737e-05,2.1737318626835727e-06,-9.203022754079082e-08,3.267764088031802e-07,-2.84582082557933e-07,1.289652892344518e-06,4.981756642637037e-07,-1.1060008231398883e-06,0.00633041609726325,16.588848534068923,18.739491673972527,7.8563437597205015,-1.1150361939289852,-1.8268945236265444,0.028874855555713227,0.0005921362170825695,-5.258507705283271,-11.326395366592926,18.466061538390264,0.3748240879548207,-1.3235259154943293,0.027893534650504183,False,False,False,False,False,False,False,False,False,False,False,False,False,False,False,False,-0.420876386060714,0.5432448182134808,0.4929575578711506,0.0015266414988530709,0.6411556226652213,0.4099306086301008,-0.42,0.55,0.5,0.0,0.6800603202514721,0.4761833626773901,0.0,0.6800603202514721,0.4761833626773901,0.25,0.6800603202514721,0.4761833626773901,0.0,0.0,0.0,-0.25,0.6800603202514721,0.4761833626773901,0.0,0.0,0.0,-5.530527463451014e-06,2.9156186996172357e-06,2.5687013180395484e-06,-1.4708180700971475e-05,1.3036607715933806e-05,9.308951285996893e-06,-6.00576880461952e-07,4.5794249230360654e-07,-2.2203505531293498e-07,-4.0231793600413076e-07,9.914498413698815e-07,2.058583240487547e-06
4.9,DONE,-0.4210873797309281,0.7598875811473197,0.09894548631249485,0.7051595966506379,1.99834176126382e-08,-1.6384385376793462e-07,0.7090486183975557,1.6872029209680855e-07,2.1681947864823555e-07,8.713676360351302e-14,1.6932240082328953e-06,2.151413691506078e-06,6.872855461332511e-18,9.333471639188687e-08,-5.214016543782472e-08,1.9619999410696822,2.8617689884491364e-09,-1.8651110655909474e-09,-5.886306585172442e-10,9.440391402770035e-09,-7.732171435570452e-09,1.9620000033960647,1.5294177035940451e-10,-1.4493967137596503e-10,-1.3238101644291903e-10,0.0,0.0,0.0,0.0,0.0,0.0,0.0,0.0,0.0,0.0,0.0,0.0,2.3206334497684774e-05,1.914114957311781e-06,-5.534945077556538e-06,1.6638753812261044e-05,-5.2418949021572e-06,-9.271706583637098e-06,1.0206917908567745e-05,2.1706463019160206e-06,-9.199252227632549e-08,3.262789705374446e-07,-2.841820727944096e-07,1.2850569155977002e-06,4.965412176123566e-07,-1.09951843494795e-06,0.006321430274708592,16.588851343677717,18.739500363369594,7.856331036070912,-1.1150339007295416,-1.8268914239366025,0.02887050257549869,0.0005912957111497707,-5.2585076852850605,-11.326395512476385,18.466061573183037,0.37482363547623326,-1.323526050534593,0.027894002339415216,False,False,False,False,False,False,False,False,False,False,False,False,False,False,False,False,-0.420876386060714,0.5432448182134808,0.4929575578711506,0.0015266414988530709,0.6411556226652213,0.4099306086301008,-0.42,0.55,0.5,0.0,0.6800603202514721,0.4761833626773901,0.0,0.6800603202514721,0.4761833626773901,0.25,0.6800603202514721,0.4761833626773901,0.0,0.0,0.0,-0.25,0.6800603202514721,0.4761833626773901,0.0,0.0,0.0,-5.52119699697548e-06,2.9104065323091553e-06,2.5628111695221768e-06,-1.4651090304978917e-05,1.2999349527387678e-05,9.29717036705272e-06,-5.996326803859712e-07,4.571689858609315e-07,-2.2169574373324008e-07,-3.9926781212708973e-07,9.885569148947073e-07,2.0559313470321453e-06
4.92,DONE,-0.42108737664499046,0.7598875851130039,0.09894548631249632,0.7051595966506409,1.6952138977562855e-08,-1.3899042864687972e-07,0.7090486183975584,1.4312716151039374e-07,1.8393019685361813e-07,6.436485578731259e-14,1.4363793654304532e-06,1.8250663928652763e-06,1.3895915268294543e-17,9.315106295656779e-08,-5.202691328687325e-08,1.961999941225347,2.8461401846424567e-09,-1.8596702511253177e-09,-5.881394845238106e-10,9.42422863894647e-09,-7.717113964908716e-09,1.962000003389955,1.517151959617986e-10,-1.4446055462968804e-10,-1.3224950833004926e-10,0.0,0.0,0.0,0.0,0.0,0.0,0.0,0.0,0.0,0.0,0.0,0.0,2.3173393592628612e-05,1.9133304916888882e-06,-5.526520098117514e-06,1.6615350408673987e-05,-5.2232131427415255e-06,-9.241287859840206e-06,1.0147093951579521e-05,2.167565121164714e-06,-9.195483241437356e-08,3.257822896434587e-07,-2.8378262505871956e-07,1.2804773176323296e-06,4.949121330871884e-07,-1.0930740407491293e-06,0.006312457207276723,16.58885414862514,18.73950903948635,7.85631833088191,-1.1150316146098733,-1.8268883347480447,0.02886617507839411,0.0005904563982749076,-5.258507665191177,-11.32639565801791,18.46606160792891,0.37482318459135255,-1.3235261851430606,0.02789446728642708,False,False,False,False,False,False,False,False,False,False,False,False,False,False,False,False,-0.420876386060714,0.5432448182134808,0.4929575578711506,0.0015266414988530709,0.6411556226652213,0.4099306086301008,-0.42,0.55,0.5,0.0,0.6800603202514721,0.4761833626773901,0.0,0.6800603202514721,0.4761833626773901,0.25,0.6800603202514721,0.4761833626773901,0.0,0.0,0.0,-0.25,0.6800603202514721,0.4761833626773901,0.0,0.0,0.0,-5.511884881500697e-06,2.9052056850342637e-06,2.5569365784699787e-06,-1.459431159158515e-05,1.2962199999168196e-05,9.285399293609463e-06,-5.98690096681762e-07,4.5639698569148366e-07,-2.2135704207485162e-07,-3.9624214567860363e-07,9.85673550294397e-07,2.0532820964641336e-06
4.94,DONE,-0.4210873740271578,0.7598875884771346,0.0989454863124974,0.7051595966506431,1.4380674090641537e-08,-1.1790701214092868e-07,0.7090486183975606,1.214162452227781e-07,1.5602988036191448e-07,4.680359470001956e-14,1.2184954094170484e-06,1.548222618166574e-06,-1.1559299739417685e-17,9.296783849896547e-08,-5.19139660079581e-08,1.9619999413805527,2.830605416725969e-09,-1.85424609000506e-09,-5.876474463050139e-10,9.408097372359252e-09,-7.702091491352303e-09,1.9620000033838587,1.50497281303785e-10,-1.4398288117334312e-10,-1.3211797126572508e-10,0.0,0.0,0.0,0.0,0.0,0.0,0.0,0.0,0.0,0.0,0.0,0.0,2.3140499446927214e-05,1.9125463472552525e-06,-5.5181079415674634e-06,1.6591979925960398e-05,-5.204597962001424e-06,-9.21096893311291e-06,1.0087620629807786e-05,2.1644883142099913e-06,-9.191715795913567e-08,3.25286364994246e-07,-2.8338373855539156e-07,1.2759140400954704e-06,4.932883930993174e-07,-1.0866674178564828e-06,0.0063034968768618995,16.588856948916607,18.739517702344866,7.856305644127492,-1.1150293355465999,-1.8268852560257045,0.028861872915063157,0.0005896182767646201,-5.25850764500192,-11.326395803218379,18.466061642627956,0.3748227352945303,-1.323526319321076,0.027894929507614838,False,False,False,False,False,False,False,False,False,False,False,False,False,False,False,False,-0.420876386060714,0.5432448182134808,0.4929575578711506,0.0015266414988530709,0.6411556226652213,0.4099306086301008,-0.42,0.55,0.5,0.0,0.6800603202514721,0.4761833626773901,0.0,0.6800603202514721,0.4761833626773901,0.25,0.6800603202514721,0.4761833626773901,0.0,0.0,0.0,-0.25,0.6800603202514721,0.4761833626773901,0.0,0.0,0.0,-5.50259107419564e-06,2.9000161273312982e-06,2.551077498707079e-06,-1.453784268495162e-05,1.2925158802110004e-05,9.27363808278037e-06,-5.977491261715182e-07,4.5562648830012704e-07,-2.2101894907799146e-07,-3.932407641272185e-07,9.827997147677375e-07,2.0506354893365188e-06
4.96,DONE,-0.42108737180642336,0.7598875913309613,0.0989454863124982,0.7051595966506445,1.219927394302387e-08,-1.0002173277270462e-07,0.7090486183975617,1.0299865133883708e-07,1.3236175452832265e-07,3.3392100562547665e-14,1.0336622054881582e-06,1.3133731927794875e-06,-2.333998672251893e-17,9.278504160682073e-08,-5.1801322394908914e-08,1.961999941535293,2.8151641295881464e-09,-1.8488384712078638e-09,-5.871545629780391e-10,9.391998066394191e-09,-7.68710322576678e-09,1.9620000033777731,1.492880818965144e-10,-1.4350692856268634e-10,-1.3198640121714818e-10,0.0,0.0,0.0,0.0,0.0,0.0,0.0,0.0,0.0,0.0,0.0,0.0,2.3107651994207316e-05,1.911762523884705e-06,-5.509708588362053e-06,1.6568642317808982e-05,-5.186049122682612e-06,-9.18074947605557e-06,1.0028495888137053e-05,2.161415874841618e-06,-9.18794988828109e-08,3.247911954276753e-07,-2.829854124839199e-07,1.2713670248044338e-06,4.916699801158687e-07,-1.0802983448943857e-06,0.006294549265384452,16.5888597445576,18.739526351967257,7.856292975781687,-1.1150270635164443,-1.8268821877345354,0.028857595937043144,0.0005887813449277257,-5.258507624717609,-11.326395948078678,18.4660616772803,0.3748222875801337,-1.323526453069999,0.027895389018963674,False,False,False,False,False,False,False,False,False,False,False,False,False,False,False,False,-0.420876386060714,0.5432448182134808,0.4929575578711506,0.0015266414988530709,0.6411556226652213,0.4099306086301008,-0.42,0.55,0.5,0.0,0.6800603202514721,0.4761833626773901,0.0,0.6800603202514721,0.4761833626773901,0.25,0.6800603202514721,0.4761833626773901,0.0,0.0,0.0,-0.25,0.6800603202514721,0.4761833626773901,0.0,0.0,0.0,-5.4933155323431555e-06,2.894837828843265e-06,2.545233884218524e-06,-1.4481681720543126e-05,1.2888225608068576e-05,9.261886751487541e-06,-5.968097656824312e-07,4.5485749019682694e-07,-2.2068146346917303e-07,-3.9026349606320034e-07,9.799353755864304e-07,2.047991526185027e-06
4.98,DONE,-0.42108736992255147,0.7598875937518919,0.09894548631249873,0.7051595966506456,1.0348769731443287e-08,-8.484946607517562e-08,0.7090486183975628,8.737481677384424e-08,1.1228383960909476e-07,2.2928865346024804e-14,8.768662953479923e-07,1.1141480063273314e-06,-1.9382410702792536e-17,9.260267143818533e-08,-5.1688981548899456e-08,1.9619999416895804,2.79981579587307e-09,-1.8434468951333804e-09,-5.866608361175849e-10,9.375930644441435e-09,-7.672149895869069e-09,1.9620000033717004,1.4808737569538227e-10,-1.430326967977177e-10,-1.318548078285367e-10,0.0,0.0,0.0,0.0,0.0,0.0,0.0,0.0,0.0,0.0,0.0,0.0,2.3074851168185653e-05,1.910979021442239e-06,-5.501322019060575e-06,1.6545337537962297e-05,-5.16756638834273e-06,-9.150629162305995e-06,9.969717683500269e-06,2.1583477968611694e-06,-9.184185519224833e-08,3.242967797888293e-07,-2.8258764608029716e-07,1.2668362138213372e-06,4.900568766639834e-07,-1.0739666017701436e-06,0.006285614354789956,16.588862535553524,18.739534988375492,7.856280325818557,-1.1150247984961958,-1.826879129839608,0.02885334399674374,0.000587945601075588,-5.258507604338547,-11.326396092599703,18.466061711886027,0.3748218414425531,-1.3235265863911796,0.027895845836361614,False,False,False,False,False,False,False,False,False,False,False,False,False,False,False,False,-0.420876386060714,0.5432448182134808,0.4929575578711506,0.0015266414988530709,0.6411556226652213,0.4099306086301008,-0.42,0.55,0.5,0.0,0.6800603202514721,0.4761833626773901,0.0,0.6800603202514721,0.4761833626773901,0.25,0.6800603202514721,0.4761833626773901,0.0,0.0,0.0,-0.25,0.6800603202514721,0.4761833626773901,0.0,0.0,0.0,-5.484058213341809e-06,2.889670759303574e-06,2.5394056891065385e-06,-1.442582684522596e-05,1.2851400089836897e-05,9.250145316509283e-06,-5.958720120463862e-07,4.5408998789136365e-07,-2.2034458400163163e-07,-3.8731017117447103e-07,9.770805002056546e-07,2.0453502075018952e-06
5.0,DONE,-0.4210873683244436,0.7598875958055922,0.09894548631249915,0.705159596650646,8.778967949202736e-09,-7.19786759717497e-08,0.7090486183975632,7.412095697343733e-08,9.525153759248226e-08,1.7483838200807647e-14,7.438547095240058e-07,9.451432287588495e-07,-1.9885500572715724e-17,9.242072643206287e-08,-5.157694275187948e-08,1.9619999418434029,2.784559832713634e-09,-1.838071861381958e-09,-5.861662717759237e-10,9.359894283090721e-09,-7.657231418835936e-09,1.962000003365642,1.468950516780862e-10,-1.4256018587843721e-10,-1.3172318493385927e-10,0.0,0.0,0.0,0.0,0.0,0.0,0.0,0.0,0.0,0.0,0.0,0.0,2.304209690267644e-05,1.910195839794359e-06,-5.492948214180014e-06,1.652206554024029e-05,-5.1491495234087854e-06,-9.120607666624643e-06,9.91128398480221e-06,2.1552840740748595e-06,-9.180422687354174e-08,3.2380311695105537e-07,-2.8219043854150537e-07,1.262321549390803e-06,4.884490653213727e-07,-1.067671969695708e-06,0.006276692127049499,16.588865321909843,18.739543611591582,7.856267694212129,-1.1150225404627128,-1.8268760823061048,0.028849116947438153,0.0005871110435219108,-5.25850758386503,-11.326396236782326,18.466061746445206,0.37482139687619836,-1.323526719285963,0.027896299975604485,False,False,False,False,False,False,False,False,False,False,False,False,False,False,False,False,-0.420876386060714,0.5432448182134808,0.4929575578711506,0.0015266414988530709,0.6411556226652213,0.4099306086301008,-0.42,0.55,0.5,0.0,0.6800603202514721,0.4761833626773901,0.0,0.6800603202514721,0.4761833626773901,0.25,0.6800603202514721,0.4761833626773901,0.0,0.0,0.0,-0.25,0.6800603202514721,0.4761833626773901,0.0,0.0,0.0,-5.474819074705812e-06,2.8845148885452507e-06,2.5335928676485573e-06,-1.437027621700558e-05,1.2814681921285555e-05,9.238413794440733e-06,-5.949358621082138e-07,4.533239779190247e-07,-2.2000830941441418e-07,-3.843806202940643e-07,9.742350561315066e-07,2.0427115338002913e-06
5.0200000000000005,DONE,-0.4210873669687522,0.7598875975477675,0.09894548631249939,0.7051595966506466,7.447288929594287e-09,-6.106025216564357e-08,0.7090486183975635,6.287757119486131e-08,8.080286038317487e-08,8.59218535469862e-15,6.31019611266938e-07,8.017747354374424e-07,-1.345025392059716e-17,9.223920579902716e-08,-5.1465204777152885e-08,1.961999941996775,2.7693956294871883e-09,-1.8327131479090015e-09,-5.856708842752402e-10,9.343889756498319e-09,-7.64234752263619e-09,1.9620000033595941,1.4571127637807957e-10,-1.4208911824908879e-10,-1.3159153466484626e-10,0.0,0.0,0.0,0.0,0.0,0.0,0.0,0.0,0.0,0.0,0.0,0.0,2.300938913158622e-05,1.9094129788093296e-06,-5.484587154302366e-06,1.6498826278513862e-05,-5.130798293140257e-06,-9.09068466480202e-06,9.85319277285263e-06,2.152224700301935e-06,-9.176661392957709e-08,3.2331020575388177e-07,-2.8179378909463816e-07,1.257822973975679e-06,4.868465287327001e-07,-1.0614142311521154e-06,0.006267782564160277,16.588868103631995,18.739552221637453,7.856255080936566,-1.1150202893929555,-1.8268730450993267,0.028844914643260416,0.0005862776705828636,-5.25850756329741,-11.326396380627452,18.466061780957954,0.3748209538754962,-1.3235268517556842,0.027896751452398692,False,False,False,False,False,False,False,False,False,False,False,False,False,False,False,False,-0.420876386060714,0.5432448182134808,0.4929575578711506,0.0015266414988530709,0.6411556226652213,0.4099306086301008,-0.42,0.55,0.5,0.0,0.6800603202514721,0.4761833626773901,0.0,0.6800603202514721,0.4761833626773901,0.25,0.6800603202514721,0.4761833626773901,0.0,0.0,0.0,-0.25,0.6800603202514721,0.4761833626773901,0.0,0.0,0.0,-5.4655980740637615e-06,2.879370186491111e-06,2.5277953742484383e-06,-1.4315028005085546e-05,1.2778070777220084e-05,9.226692201726549e-06,-5.940013127145525e-07,4.5255945681112437e-07,-2.1967263845996702e-07,-3.814746753201288e-07,9.713990110359092e-07,2.0400755055494658e-06
5.04,DONE,-0.42108736581870526,0.7598875990256725,0.09894548631249951,0.7051595966506466,6.317611901593656e-09,-5.1798040797752773e-08,0.7090486183975635,5.3339691250375935e-08,6.854589868387382e-08,3.0904134771117327e-15,5.35300435345273e-07,6.80153765949889e-07,5.6973849373251365e-18,9.20581082604909e-08,-5.1353766741291825e-08,1.9619999421496888,2.7543226865933615e-09,-1.8273705881810495e-09,-5.851746793478796e-10,9.327916607255855e-09,-7.627497919083231e-09,1.9620000033535567,1.4453577223960622e-10,-1.4161966044312586e-10,-1.3145985885978154e-10,0.0,0.0,0.0,0.0,0.0,0.0,0.0,0.0,0.0,0.0,0.0,0.0,2.2976727788915157e-05,1.9086304383710054e-06,-5.476238820023181e-06,1.6475619706722093e-05,-5.1125124636295595e-06,-9.060859833698649e-06,9.795442040297714e-06,2.1491696693674896e-06,-9.172901634545435e-08,3.2281804504156595e-07,-2.8139769693836875e-07,1.2533404302285084e-06,4.852492495785021e-07,-1.0551931699132374e-06,0.006258885648144772,16.588870880725377,18.739560818534986,7.856242485966014,-1.1150180452639435,-1.8268700181846829,0.028840736939200043,0.0005854454805766463,-5.258507542635912,-11.326396524135939,18.466061815424357,0.37482051243489595,-1.3235269838016908,0.02789720028235391,False,False,False,False,False,False,False,False,False,False,False,False,False,False,False,False,-0.420876386060714,0.5432448182134808,0.4929575578711506,0.0015266414988530709,0.6411556226652213,0.4099306086301008,-0.42,0.55,0.5,0.0,0.6800603202514721,0.4761833626773901,0.0,0.6800603202514721,0.4761833626773901,0.25,0.6800603202514721,0.4761833626773901,0.0,0.0,0.0,-0.25,0.6800603202514721,0.4761833626773901,0.0,0.0,0.0,-5.456395169158981e-06,2.8742366231583095e-06,2.522013163458473e-06,-1.426008038975134e-05,1.2741566333434212e-05,9.214980554645659e-06,-5.930683607201035e-07,4.5179642111634415e-07,-2.1933756987608155e-07,-3.7859216926326264e-07,9.685723326472625e-07,2.0374421232103778e-06
5.0600000000000005,DONE,-0.42108736484310855,0.7598876002793948,0.09894548631249951,0.7051595966506466,5.359295244008597e-09,-4.3940811498486273e-08,0.7090486183975635,4.524860947265536e-08,5.814819183495958e-08,2.076409781287424e-15,4.5410087277957123e-07,5.769814447542415e-07,2.4516861256050576e-17,9.187743247163209e-08,-5.124262750798507e-08,1.9619999423021517,2.7393405044318033e-09,-1.8220441821981089e-09,-5.846776639501292e-10,9.311974981669558e-09,-7.612683680985464e-09,1.962000003347537,1.4336859477381797e-10,-1.4115181246054895e-10,-1.3132816638022061e-10,0.0,0.0,0.0,0.0,0.0,0.0,0.0,0.0,0.0,0.0,0.0,0.0,2.2944112808758e-05,1.9078482183307193e-06,-5.467903191987807e-06,1.6452445778872936e-05,-5.094291801797111e-06,-9.031132851238184e-06,9.738029791546755e-06,2.1461189751083745e-06,-9.16914341272488e-08,3.2232663367912557e-07,-2.8100216131611814e-07,1.2488738610304241e-06,4.836572106259594e-07,-1.0490085709970385e-06,0.0062500013610508835,16.588873653195453,18.739569402306074,7.856229909274657,-1.1150158080527839,-1.8268670015277162,0.02883658369109549,0.0005846144718245443,-5.258507521880907,-11.32639666730868,18.466061849844472,0.3748200725488712,-1.3235271154253065,0.027897646480989875,False,False,False,False,False,False,False,False,False,False,False,False,False,False,False,False,-0.420876386060714,0.5432448182134808,0.4929575578711506,0.0015266414988530709,0.6411556226652213,0.4099306086301008,-0.42,0.55,0.5,0.0,0.6800603202514721,0.4761833626773901,0.0,0.6800603202514721,0.4761833626773901,0.25,0.6800603202514721,0.4761833626773901,0.0,0.0,0.0,-0.25,0.6800603202514721,0.4761833626773901,0.0,0.0,0.0,-5.447210317848234e-06,2.8691141686602485e-06,2.5162461899729057e-06,-1.4205431562352552e-05,1.2705168266736122e-05,9.203278869317692e-06,-5.921370029886846e-07,4.510348673841951e-07,-2.1900310243210596e-07,-3.7573293621970415e-07,9.657549888805938e-07,2.0348113872256567e-06
5.08,DONE,-0.4210873640154999,0.7598876013429401,0.0989454863124996,0.7051595966506474,4.546345354116797e-09,-3.7275442959258364e-08,0.7090486183975643,3.8384861434821056e-08,4.932771001779738e-08,9.149764029288144e-15,3.8521844719002695e-07,4.894593020901785e-07,-4.207573616430107e-17,9.16971779129204e-08,-5.1131786666479274e-08,1.9619999424541616,2.7244483336019636e-09,-1.8167340409824776e-09,-5.841798464014283e-10,9.296064566429735e-09,-7.597903294345628e-09,1.9620000033415286,1.4220974398071434e-10,-1.4068568532366013e-10,-1.3119644389083482e-10,0.0,0.0,0.0,0.0,0.0,0.0,0.0,0.0,0.0,0.0,0.0,0.0,2.291154412530262e-05,1.9070663185621242e-06,-5.45958025086052e-06,1.6429304449040476e-05,-5.07613607539934e-06,-9.001503396418045e-06,9.68095404270502e-06,2.1430726113649832e-06,-9.165386725540098e-08,3.218359705308497e-07,-2.8060718142852515e-07,1.2444232094522492e-06,4.820703946848938e-07,-1.0428602207035656e-06,0.00624112968495211,16.588876421047623,18.739577972972477,7.8562173508367446,-1.1150135777366559,-1.826863995094053,0.02883245475562981,0.0005837846426494981,-5.258507501032674,-11.326396810146527,18.466061884218426,0.3748196342119085,-1.3235272466278627,0.027898090063737568,False,False,False,False,False,False,False,False,False,False,False,False,False,False,False,False,-0.420876386060714,0.5432448182134808,0.4929575578711506,0.0015266414988530709,0.6411556226652213,0.4099306086301008,-0.42,0.55,0.5,0.0,0.6800603202514721,0.4761833626773901,0.0,0.6800603202514721,0.4761833626773901,0.25,0.6800603202514721,0.4761833626773901,0.0,0.0,0.0,-0.25,0.6800603202514721,0.4761833626773901,0.0,0.0,0.0,-5.438043478104121e-06,2.8640027932041903e-06,2.510494408632211e-06,-1.4151079725179414e-05,1.2668876254918412e-05,9.191587161698864e-06,-5.912072363928764e-07,4.502747921857408e-07,-2.1866923487455817e-07,-3.7289681137421517e-07,9.629469476965102e-07,2.0321832980381986e-06
5.1000000000000005,DONE,-0.42108736331343083,0.7598876022451565,0.09894548631249973,0.7051595966506474,3.856711588975975e-09,-3.1621142177260426e-08,0.7090486183975643,3.2562273299723874e-08,4.1845204447406264e-08,6.596251072650283e-15,3.2678477629037044e-07,4.1521336703623624e-07,-1.0998577783613224e-17,9.15173428313488e-08,-5.102124312430512e-08,1.9619999426057197,2.709645896548089e-09,-1.8114398869784007e-09,-5.836812332332872e-10,9.280185378197913e-09,-7.583156666603914e-09,1.9620000033355325,1.4105905332684162e-10,-1.4022100147670334e-10,-1.3106469825567025e-10,0.0,0.0,0.0,0.0,0.0,0.0,0.0,0.0,0.0,0.0,0.0,0.0,2.2879021672829258e-05,1.9062847389389953e-06,-5.451269977323444e-06,1.640619567135191e-05,-5.0580450530305605e-06,-8.971971149260477e-06,9.624212821508788e-06,2.140030571991284e-06,-9.161631572807108e-08,3.21346054448969e-07,-2.802127565068347e-07,1.2399884187515974e-06,4.804887846089896e-07,-1.036747906569228e-06,0.006232270601947354,16.58887918428735,18.73958653055598,7.856204810626508,-1.1150113542928255,-1.8268609988494589,0.028828349990327858,0.000582955991377142,-5.25850748009147,-11.326396952650375,18.46606191854635,0.3748191974185161,-1.3235273774106828,0.02789853104593464,False,False,False,False,False,False,False,False,False,False,False,False,False,False,False,False,-0.420876386060714,0.5432448182134808,0.4929575578711506,0.0015266414988530709,0.6411556226652213,0.4099306086301008,-0.42,0.55,0.5,0.0,0.6800603202514721,0.4761833626773901,0.0,0.6800603202514721,0.4761833626773901,0.25,0.6800603202514721,0.4761833626773901,0.0,0.0,0.0,-0.25,0.6800603202514721,0.4761833626773901,0.0,0.0,0.0,-5.4288946080102454e-06,2.8589024670874058e-06,2.5047577744173637e-06,-1.4097023091398565e-05,1.2632689976725608e-05,9.179905447586282e-06,-5.902790578078972e-07,4.49516192088924e-07,-2.1833596596601589e-07,-3.700836309909363e-07,9.60148177191704e-07,2.029557856052292e-06
5.12,DONE,-0.4210873627178585,0.759887603010516,0.0989454863124998,0.7051595966506474,3.2716881627223043e-09,-2.6824540588728572e-08,0.7090486183975643,2.762291180675858e-08,3.549771792150731e-08,1.881503961408784e-15,2.772148914225463e-07,3.5222977573086323e-07,3.358893670688154e-17,9.133792626076627e-08,-5.091099546641697e-08,1.9619999427568322,2.694932416114066e-09,-1.80616172018588e-09,-5.831818358647797e-10,9.264337301502906e-09,-7.568444734053035e-09,1.962000003329547,1.399165783233511e-10,-1.397579829642834e-10,-1.3093293418227885e-10,0.0,0.0,0.0,0.0,0.0,0.0,0.0,0.0,0.0,0.0,0.0,0.0,2.284654538571347e-05,1.9055034793325765e-06,-5.442972352105006e-06,1.6383119400008898e-05,-5.040018504094029e-06,-8.942535790846884e-06,9.567804167252316e-06,2.1369928508484345e-06,-9.157877954198829e-08,3.2085688430031966e-07,-2.798188857630519e-07,1.23556943243115e-06,4.789123633270797e-07,-1.0306714173824935e-06,0.006223424094161187,16.588881942920015,18.739595075078324,7.8561922886183035,-1.1150091376986309,-1.8268580127598084,0.028824269253549063,0.0005821285163357613,-5.258507459057677,-11.326397094821047,18.466061952828237,0.3748187621632217,-1.3235275077750832,0.0278989694428301,False,False,False,False,False,False,False,False,False,False,False,False,False,False,False,False,-0.420876386060714,0.5432448182134808,0.4929575578711506,0.0015266414988530709,0.6411556226652213,0.4099306086301008,-0.42,0.55,0.5,0.0,0.6800603202514721,0.4761833626773901,0.0,0.6800603202514721,0.4761833626773901,0.25,0.6800603202514721,0.4761833626773901,0.0,0.0,0.0,-0.25,0.6800603202514721,0.4761833626773901,0.0,0.0,0.0,-5.419763665764582e-06,2.853813160702539e-06,2.499036242449509e-06,-1.4043259885041477e-05,1.2596609111889695e-05,9.168233742619984e-06,-5.893524641205044e-07,4.487590636819688e-07,-2.1800329446666847e-07,-3.672932323729148e-07,9.573586455854397e-07,2.0269350616721253e-06
5.14,DONE,-0.4210873622126284,0.7598876036597785,0.0989454863124998,0.7051595966506474,2.775406765276151e-09,-2.275553405820943e-08,0.7090486183975643,2.3432800589196047e-08,3.011307971736012e-08,1.3658670455273223e-15,2.3516424756725132e-07,2.988001465723664e-07,-2.599053207141004e-17,9.115892701408673e-08,-5.0801043513499705e-08,1.9619999429074948,2.6803075037218316e-09,-1.8008996516272166e-09,-5.826816571899564e-10,9.248520237238961e-09,-7.55376633785778e-09,1.9620000033235745,1.387820969256378e-10,-1.3929662978640041e-10,-1.3080114014343502e-10,0.0,0.0,0.0,0.0,0.0,0.0,0.0,0.0,0.0,0.0,0.0,0.0,2.281411519842286e-05,1.9047225396029122e-06,-5.434687355969674e-06,1.6360075589286606e-05,-5.022056198823705e-06,-8.913197003322956e-06,9.511726130721e-06,2.133959441805334e-06,-9.154125868990151e-08,3.2036845895065167e-07,-2.794255684180993e-07,1.2311661941457519e-06,4.773411138151737e-07,-1.0246305431693452e-06,0.006214590143742803,16.588884696951027,18.739603606561158,7.856179784786407,-1.1150069279314931,-1.826855036791074,0.028820212404482,0.0005813022158552264,-5.258507437931522,-11.32639723665945,18.466061987064272,0.3748183284405674,-1.323527637722383,0.027899405269582695,False,False,False,False,False,False,False,False,False,False,False,False,False,False,False,False,-0.420876386060714,0.5432448182134808,0.4929575578711506,0.0015266414988530709,0.6411556226652213,0.4099306086301008,-0.42,0.55,0.5,0.0,0.6800603202514721,0.4761833626773901,0.0,0.6800603202514721,0.4761833626773901,0.25,0.6800603202514721,0.4761833626773901,0.0,0.0,0.0,-0.25,0.6800603202514721,0.4761833626773901,0.0,0.0,0.0,-5.410650609678158e-06,2.848734844540307e-06,2.493329767994644e-06,-1.3989788340910253e-05,1.2560633341148139e-05,9.156572062273459e-06,-5.884274522230621e-07,4.4800340355752645e-07,-2.1767121914117685e-07,-3.645254539288527e-07,9.545783211873325e-07,2.0243149152902873e-06
5.16,DONE,-0.42108736178403644,0.7598876042105545,0.0989454863124998,0.7051595966506474,2.354406144484873e-09,-1.9303753910370272e-08,0.7090486183975643,1.9878286077764384e-08,2.5545235687484733e-08,1.6841309792532006e-15,1.9949225304232959e-07,2.534752419095641e-07,1.8618119985662004e-17,9.098034414666677e-08,-5.069138525251234e-08,1.9619999430577106,2.6657705487487195e-09,-1.7956535147689543e-09,-5.821807157180815e-10,9.232734329760845e-09,-7.539122055547654e-09,1.9620000033176113,1.3765577566715535e-10,-1.388368309207516e-10,-1.3066933435520262e-10,0.0,0.0,0.0,0.0,0.0,0.0,0.0,0.0,0.0,0.0,0.0,0.0,2.2781731045519043e-05,1.9039419196290511e-06,-5.426414969662862e-06,1.6337064193510767e-05,-5.004157908277622e-06,-8.883954469849685e-06,9.455976774124012e-06,2.130930338741279e-06,-9.150375316348027e-08,3.19880777237697e-07,-2.790328036931654e-07,1.226778647781335e-06,4.757750191053979e-07,-1.0186250751881276e-06,0.006205768732867878,16.588887446385826,18.73961212502615,7.856167299105229,-1.1150047249688981,-1.8268520709093665,0.028816179303141974,0.0005804770882689171,-5.258507416713318,-11.326397378166421,18.466062021254498,0.374817896245131,-1.323527767253894,0.027899838541265,False,False,False,False,False,False,False,False,False,False,False,False,False,False,False,False,-0.420876386060714,0.5432448182134808,0.4929575578711506,0.0015266414988530709,0.6411556226652213,0.4099306086301008,-0.42,0.55,0.5,0.0,0.6800603202514721,0.4761833626773901,0.0,0.6800603202514721,0.4761833626773901,0.25,0.6800603202514721,0.4761833626773901,0.0,0.0,0.0,-0.25,0.6800603202514721,0.4761833626773901,0.0,0.0,0.0,-5.401555398171823e-06,2.843667489176872e-06,2.487638306466462e-06,-1.3936606704447669e-05,1.2524762346176564e-05,9.144920421864242e-06,-5.875040190118465e-07,4.4724920831407523e-07,-2.1733973875086786e-07,-3.6178013507173195e-07,9.51807172431663e-07,2.0216974172617818e-06
5.18,DONE,-0.4210873614204575,0.7598876046777834,0.0989454863124998,0.7051595966506474,1.997266979914763e-09,-1.6375573259641698e-08,0.7090486183975643,1.6862954797112053e-08,2.1670286526559564e-08,1.6989339529148695e-15,1.6923133286497213e-07,2.1502565829998155e-07,2.268447122385874e-18,9.080217684077287e-08,-5.058202115831863e-08,1.9619999432074815,2.6513211348611003e-09,-1.7904231430776421e-09,-5.816790060031887e-10,9.216978953098564e-09,-7.524512207183435e-09,1.962000003311666,1.3653739250329949e-10,-1.3837858636733787e-10,-1.305375011726811e-10,0.0,0.0,0.0,0.0,0.0,0.0,0.0,0.0,0.0,0.0,0.0,0.0,2.2749392861653946e-05,1.9031616192727478e-06,-5.418155174029613e-06,1.6314085167064742e-05,-4.986323404315525e-06,-8.85480787464631e-06,9.400554171031519e-06,2.127905535542618e-06,-9.146626295796759e-08,3.1939383807970257e-07,-2.786405908298322e-07,1.222406737420887e-06,4.7421406229547334e-07,-1.0126548059242065e-06,0.006196959843736346,16.588890191229797,18.739620630494894,7.856154831549141,-1.1150025287884187,-1.8268491150808785,0.02881216981036185,0.0005796531319116103,-5.25850739540341,-11.326397519342818,18.466062055399004,0.3748174655714834,-1.3235278963709234,0.027900269272856434,False,False,False,False,False,False,False,False,False,False,False,False,False,False,False,False,-0.420876386060714,0.5432448182134808,0.4929575578711506,0.0015266414988530709,0.6411556226652213,0.4099306086301008,-0.42,0.55,0.5,0.0,0.6800603202514721,0.4761833626773901,0.0,0.6800603202514721,0.4761833626773901,0.25,0.6800603202514721,0.4761833626773901,0.0,0.0,0.0,-0.25,0.6800603202514721,0.4761833626773901,0.0,0.0,0.0,-5.392477989783003e-06,2.8386110652787946e-06,2.4819618134009905e-06,-1.3883713231820855e-05,1.248899580962647e-05,9.133278836572774e-06,-5.86582161399556e-07,4.464964745650907e-07,-2.1700885208342298e-07,-3.5905711634727457e-07,9.49045167870556e-07,2.0190825679581982e-06
5.2,DONE,-0.42108736111202966,0.7598876050741387,0.0989454863124998,0.7051595966506474,1.6943021494449327e-09,-1.3891567454161969e-08,0.7090486183975643,1.4305018257677832e-08,1.8383127254001494e-08,1.7359413870690415e-15,1.4356068287847614e-07,1.8240848059701484e-07,1.0097375578076327e-17,9.06244231879398e-08,-5.047294917149346e-08,1.96199994335681,2.6369585126584317e-09,-1.7852088141090356e-09,-5.811765451526307e-10,9.201254965674408e-09,-7.509935732476299e-09,1.9620000033057317,1.3542705845637184e-10,-1.3792184061500698e-10,-1.3040565705123757e-10,0.0,0.0,0.0,0.0,0.0,0.0,0.0,0.0,0.0,0.0,0.0,0.0,2.2717100581575217e-05,1.9023816384085685e-06,-5.409907949895909e-06,1.629113846441465e-05,-4.968552459609117e-06,-8.825756902954163e-06,9.345456406305623e-06,2.124885026106664e-06,-9.142878807086638e-08,3.1890764030394724e-07,-2.7824892904248815e-07,1.2180504073414257e-06,4.726582265181293e-07,-1.0067195290620816e-06,0.006188163458574019,16.588892931488367,18.739629122988948,7.856142382092617,-1.115000339367707,-1.82684616927194,0.02880818378779539,0.0005788303451208321,-5.258507374002024,-11.32639766018956,18.46606208949793,0.374817036414243,-1.323528025074779,0.02790069747925368,False,False,False,False,False,False,False,False,False,False,False,False,False,False,False,False,-0.420876386060714,0.5432448182134808,0.4929575578711506,0.0015266414988530709,0.6411556226652213,0.4099306086301008,-0.42,0.55,0.5,0.0,0.6800603202514721,0.4761833626773901,0.0,0.6800603202514721,0.4761833626773901,0.25,0.6800603202514721,0.4761833626773901,0.0,0.0,0.0,-0.25,0.6800603202514721,0.4761833626773901,0.0,0.0,0.0,-5.3834183431568825e-06,2.8335655436099873e-06,2.476300244489469e-06,-1.3831106189728977e-05,1.2453333415115157e-05,9.121647321403316e-06,-5.856618762944451e-07,4.457451989277318e-07,-2.1667855790049217e-07,-3.5635623923853894e-07,9.462922761508922e-07,2.0164703676991125e-06
5.22,DONE,-0.42108736085038717,0.7598876054103708,0.0989454863124998,0.7051595966506474,1.4372939630643648e-09,-1.1784359745798389e-08,0.7090486183975643,1.2135094309436446e-08,1.5594596201021643e-08,1.5558385408520723e-15,1.2178400573869557e-07,1.5473899293528107e-07,3.2382448288538235e-17,9.044708247656154e-08,-5.036416908541342e-08,1.9619999435056983,2.6226823490738086e-09,-1.7800100837739285e-09,-5.806733358288478e-10,9.185561479739946e-09,-7.495393223262853e-09,1.9620000032998095,1.343245514817679e-10,-1.3746670468606203e-10,-1.3027379257411714e-10,0.0,0.0,0.0,0.0,0.0,0.0,0.0,0.0,0.0,0.0,0.0,0.0,2.268485414012103e-05,1.9016019769034696e-06,-5.4016732781357855e-06,1.6268224040079726e-05,-4.950844847661218e-06,-8.796801241064206e-06,9.29068157602255e-06,2.121868804336427e-06,-9.139132848897603e-08,3.18422182803871e-07,-2.778578175611298e-07,1.2137096020155117e-06,4.7110749497472253e-07,-1.0008190395170528e-06,0.006179379559631686,16.588895667166923,18.739637602529832,7.856129950710104,-1.1149981566844789,-1.8268432334489824,0.02880422109790293,0.0005780087262365092,-5.258507352509524,-11.326397800707403,18.466062123551282,0.37481660876802975,-1.3235281533667487,0.027901123175261895,False,False,False,False,False,False,False,False,False,False,False,False,False,False,False,False,-0.420876386060714,0.5432448182134808,0.4929575578711506,0.0015266414988530709,0.6411556226652213,0.4099306086301008,-0.42,0.55,0.5,0.0,0.6800603202514721,0.4761833626773901,0.0,0.6800603202514721,0.4761833626773901,0.25,0.6800603202514721,0.4761833626773901,0.0,0.0,0.0,-0.25,0.6800603202514721,0.4761833626773901,0.0,0.0,0.0,-5.374376417052611e-06,2.828530895024654e-06,2.4706535555583456e-06,-1.3778783855368196e-05,1.2417774847237157e-05,9.110025891210937e-06,-5.847431606204496e-07,4.449953780334122e-07,-2.1634885498230496e-07,-3.5367734634882626e-07,9.435484660247567e-07,2.0138608168181013e-06
5.24,DONE,-0.4210873606284332,0.7598876056956,0.0989454863124998,0.7051595966506474,1.2192712717116079e-09,-9.996793744110427e-09,0.7090486183975643,1.0294325500142575e-08,1.3229056545814234e-08,1.9653874788249075e-15,1.0331062656683007e-07,1.3126668115585813e-07,1.3517215957241549e-17,9.027015375393443e-08,-5.025567944831775e-08,1.9619999436541438,2.608492005728986e-09,-1.7748272296280705e-09,-5.801693872709711e-10,9.16989872118853e-09,-7.480883590190212e-09,1.9620000032938967,1.3322992709063855e-10,-1.3701323409165372e-10,-1.3014190722999113e-10,0.0,0.0,0.0,0.0,0.0,0.0,0.0,0.0,0.0,0.0,0.0,0.0,2.265265347222387e-05,1.9008226346299924e-06,-5.393451139633821e-06,1.6245341848647145e-05,-4.933200342758419e-06,-8.767940576285676e-06,9.236227787431893e-06,2.1188568641457557e-06,-9.135388420924309e-08,3.1793746442265564e-07,-2.774672555981091e-07,1.2093842661180405e-06,4.6956185092478275e-07,-9.949531333868473e-07,0.006170608129185253,16.58889839827088,18.739646069139006,7.856117537376136,-1.114995980716536,-1.826840307578546,0.028800281603952194,0.0005771882736005154,-5.258507330926119,-11.326397940897278,18.466062157559247,0.3748161826274836,-1.3235282812481384,0.02790154637560198,False,False,False,False,False,False,False,False,False,False,False,False,False,False,False,False,-0.420876386060714,0.5432448182134808,0.4929575578711506,0.0015266414988530709,0.6411556226652213,0.4099306086301008,-0.42,0.55,0.5,0.0,0.6800603202514721,0.4761833626773901,0.0,0.6800603202514721,0.4761833626773901,0.25,0.6800603202514721,0.4761833626773901,0.0,0.0,0.0,-0.25,0.6800603202514721,0.4761833626773901,0.0,0.0,0.0,-5.36535217033885e-06,2.8235070904660513e-06,2.4650217025774853e-06,-1.3726744516400486e-05,1.2382319791538752e-05,9.098414560698712e-06,-5.838260113032528e-07,4.4424700852225095e-07,-2.1601974209798447e-07,-3.510202812357969e-07,9.40813706364616e-07,2.011253915623144e-06
5.26,DONE,-0.4210873604401473,0.7598876059375628,0.0989454863124998,0.7051595966506474,1.0343203779182106e-09,-8.480383094330139e-09,0.7090486183975643,8.732782336540283e-09,1.1222344935661874e-08,2.3354618203666266e-15,8.763946833000413e-08,1.1135487785592021e-07,-4.188864471184829e-17,9.009363571616773e-08,-5.0147479935217345e-08,1.9619999438021505,2.5943870107791817e-09,-1.7696599741157082e-09,-5.79664706037292e-10,9.154266750449762e-09,-7.466408346012448e-09,1.9620000032880007,1.3214301874953073e-10,-1.3656126229832895e-10,-1.300100088708857e-10,0.0,0.0,0.0,0.0,0.0,0.0,0.0,0.0,0.0,0.0,0.0,0.0,2.26204985129061e-05,1.9000436114536365e-06,-5.3852415153293786e-06,1.6222491844757988e-05,-4.915618720010032e-06,-8.739174596956322e-06,9.182093158867013e-06,2.1158491994566676e-06,-9.1316455232647e-08,3.174534840645459e-07,-2.770772424013461e-07,1.2050743445213676e-06,4.680212776792859e-07,-9.891216079866838e-07,0.006161849149536253,16.588901124805634,18.739654522837917,7.856105142065266,-1.1149938114417586,-1.8268373916272913,0.02879636517001296,0.0005763689855578862,-5.258507309252196,-11.326398080759997,18.46606219152184,0.37481575798727257,-1.3235284087202324,0.027901967094907495,False,False,False,False,False,False,False,False,False,False,False,False,False,False,False,False,-0.420876386060714,0.5432448182134808,0.4929575578711506,0.0015266414988530709,0.6411556226652213,0.4099306086301008,-0.42,0.55,0.5,0.0,0.6800603202514721,0.4761833626773901,0.0,0.6800603202514721,0.4761833626773901,0.25,0.6800603202514721,0.4761833626773901,0.0,0.0,0.0,-0.25,0.6800603202514721,0.4761833626773901,0.0,0.0,0.0,-5.356345561996519e-06,2.818494100967717e-06,2.4594046416473876e-06,-1.3674986470868496e-05,1.234696793452091e-05,9.086813344421096e-06,-5.829104252805008e-07,4.435000870401411e-07,-2.1569121804462788e-07,-3.483848885706076e-07,9.380879661642364e-07,2.0086496644113695e-06
5.28,DONE,-0.4210873602804225,0.7598876061428222,0.0989454863124998,0.7051595966506474,8.774246281281249e-10,-7.19399632177347e-09,0.7090486183975643,7.408109209794501e-09,9.520030795702428e-09,2.515564666583596e-15,7.434546382311456e-08,9.446348972974051e-08,-2.5128540855248107e-17,8.991752707790054e-08,-5.0039569180127884e-08,1.961999943949717,2.5803668368684566e-09,-1.764508539281446e-09,-5.791593038055978e-10,9.138665282485465e-09,-7.451966022681437e-09,1.962000003282112,1.310638264584437e-10,-1.3611067828378478e-10,-1.298780913796372e-10,0.0,0.0,0.0,0.0,0.0,0.0,0.0,0.0,0.0,0.0,0.0,0.0,2.2588389197285688e-05,1.8992649072530948e-06,-5.3770443861605485e-06,1.6199673983139727e-05,-4.898099755310753e-06,-8.710502992430955e-06,9.128275819697626e-06,2.112845804197901e-06,-9.127904153730535e-08,3.1697024060091994e-07,-2.76687777183726e-07,1.2007797822953205e-06,4.664857585983283e-07,-9.833242617999119e-07,0.006153102603010861,16.58890384677655,18.739662963647948,7.856092764752064,-1.114991648838094,-1.8268344855619727,0.028792471660952307,0.0005755508604553726,-5.258507287488009,-11.326398220296392,18.466062225439146,0.37481533484207225,-1.3235285357843187,0.02790238534772744,False,False,False,False,False,False,False,False,False,False,False,False,False,False,False,False,-0.420876386060714,0.5432448182134808,0.4929575578711506,0.0015266414988530709,0.6411556226652213,0.4099306086301008,-0.42,0.55,0.5,0.0,0.6800603202514721,0.4761833626773901,0.0,0.6800603202514721,0.4761833626773901,0.25,0.6800603202514721,0.4761833626773901,0.0,0.0,0.0,-0.25,0.6800603202514721,0.4761833626773901,0.0,0.0,0.0,-5.3473565511145225e-06,2.8134918976594926e-06,2.453802329018115e-06,-1.3623508027133936e-05,1.231171896364185e-05,9.075222256764757e-06,-5.819963994951515e-07,4.427546102482829e-07,-2.1536328159516914e-07,-3.4577101396868183e-07,9.353712144831709e-07,2.0060480634644933e-06
5.3,DONE,-0.42108736014492626,0.759887606316946,0.0989454863124998,0.7051595966506474,7.443283478116258e-10,-6.1027411736273475e-09,0.7090486183975643,6.284375337173399e-09,8.075940161900901e-09,2.478557232429424e-15,6.306802260555274e-08,8.01343511306935e-08,2.7662484368982922e-17,8.97418271057916e-08,-4.993194641696697e-08,1.9619999440968485,2.5664310399076046e-09,-1.7593725920583782e-09,-5.786531823403542e-10,9.12309442557599e-09,-7.437557431246966e-09,1.962000003276239,1.2999246123968057e-10,-1.356617596037777e-10,-1.2974616237834152e-10,0.0,0.0,0.0,0.0,0.0,0.0,0.0,0.0,0.0,0.0,0.0,0.0,2.2556325460569694e-05,1.8984865218846154e-06,-5.368859733147935e-06,1.6176888218564023e-05,-4.880643225367461e-06,-8.681925453083931e-06,9.07477391025186e-06,2.109846672311298e-06,-9.124164313296356e-08,3.1648773289432335e-07,-2.7629885919869767e-07,1.1965005247038267e-06,4.649552771043719e-07,-9.77560894493579e-07,0.006144368471960302,16.588906564189056,18.739671391590456,7.856080405411138,-1.1149894928835635,-1.8268315893494744,0.02878860094242765,0.0005747338966419632,-5.258507265633818,-11.326398359507339,18.466062259311308,0.37481491318658644,-1.3235286624416842,0.02790280114852214,False,False,False,False,False,False,False,False,False,False,False,False,False,False,False,False,-0.420876386060714,0.5432448182134808,0.4929575578711506,0.0015266414988530709,0.6411556226652213,0.4099306086301008,-0.42,0.55,0.5,0.0,0.6800603202514721,0.4761833626773901,0.0,0.6800603202514721,0.4761833626773901,0.25,0.6800603202514721,0.4761833626773901,0.0,0.0,0.0,-0.25,0.6800603202514721,0.4761833626773901,0.0,0.0,0.0,-5.33838509689447e-06,2.8085004517576366e-06,2.448214721060612e-06,-1.3572307503852048e-05,1.2276572567306751e-05,9.063641311981965e-06,-5.810839308932496e-07,4.4201057480352996e-07,-2.150359315482385e-07,-3.4317850407598913e-07,9.326634205518487e-07,2.0034491130305545e-06
5.32,DONE,-0.4210873600299835,0.759887606464657,0.0989454863124998,0.7051595966506474,6.314214039026113e-10,-5.1770181920959375e-09,0.7090486183975643,5.331100328551517e-09,6.850903235063012e-09,2.4415497982752523e-15,5.3501253201974664e-08,6.797879562178169e-08,-4.1127143618566306e-17,8.956653470657303e-08,-4.9824610626047245e-08,1.9619999442435467,2.5525790370295387e-09,-1.7542521324465047e-09,-5.781463564709069e-10,9.107553955842887e-09,-7.423181537101568e-09,1.962000003270377,1.2892859002633346e-10,-1.3521445074715612e-10,-1.2961421535683035e-10,0.0,0.0,0.0,0.0,0.0,0.0,0.0,0.0,0.0,0.0,0.0,0.0,2.252430723805913e-05,1.8977084552269967e-06,-5.360687537267242e-06,1.615413450586676e-05,-4.863248907678583e-06,-8.653441670323527e-06,9.021585581756767e-06,2.1068517977417654e-06,-9.120425999986118e-08,3.1600595983283613e-07,-2.759104876510652e-07,1.1922365172016563e-06,4.634298166669377e-07,-9.718313069275695e-07,0.006135646738761411,16.588909277048526,18.73967980668678,7.856068064017163,-1.1149873435562814,-1.8268287029567822,0.02878475288088416,0.0005739180924694683,-5.258507243689936,-11.326398498393694,18.46606229313841,0.3748144930155315,-1.3235287886936087,0.027903214511674438,False,False,False,False,False,False,False,False,False,False,False,False,False,False,False,False,-0.420876386060714,0.5432448182134808,0.4929575578711506,0.0015266414988530709,0.6411556226652213,0.4099306086301008,-0.42,0.55,0.5,0.0,0.6800603202514721,0.4761833626773901,0.0,0.6800603202514721,0.4761833626773901,0.25,0.6800603202514721,0.4761833626773901,0.0,0.0,0.0,-0.25,0.6800603202514721,0.4761833626773901,0.0,0.0,0.0,-5.329431158647011e-06,2.8035197345644896e-06,2.4426417743052726e-06,-1.3521383229803853e-05,1.2241528434893225e-05,9.052070524169398e-06,-5.801730164338712e-07,4.412679773905754e-07,-2.147091666812586e-07,-3.4060720655575045e-07,9.299645536371892e-07,2.000852813375657e-06
5.34,DONE,-0.42108735993247626,0.7598876065899618,0.0989454863124998,0.7051595966506474,5.356412798101714e-10,-4.391717852453937e-09,0.7090486183975643,4.522427318514638e-09,5.811691757389157e-09,2.411943850951915e-15,4.5385664057978835e-08,5.766711229165414e-08,2.713927518320209e-17,8.939164827143109e-08,-4.9717560971117e-08,1.9619999443898102,2.538810245367167e-09,-1.7491472714681279e-09,-5.776388297029296e-10,9.092043870849773e-09,-7.408838676339624e-09,1.9620000032645253,1.2787232384070494e-10,-1.3476864069161781e-10,-1.2948225526346004e-10,0.0,0.0,0.0,0.0,0.0,0.0,0.0,0.0,0.0,0.0,0.0,0.0,2.2492334465146284e-05,1.8969307071502623e-06,-5.35252777957121e-06,1.6131412799960696e-05,-4.845916580528766e-06,-8.6250513365517e-06,8.968708996278653e-06,2.1038611744469584e-06,-9.116689214010265e-08,3.1552492030083933e-07,-2.7552266179289255e-07,1.1879877054383894e-06,4.6190936081477364e-07,-9.66135301100779e-07,0.006126937385815421,16.58891198536031,18.739688208958153,7.856055740544825,-1.114985200834413,-1.8268258263509831,0.0287809273435512,0.0005731034462918257,-5.258507221656676,-11.326398636956268,18.46606232692052,0.3748140743236493,-1.3235289145413602,0.027903625451472923,False,False,False,False,False,False,False,False,False,False,False,False,False,False,False,False,-0.420876386060714,0.5432448182134808,0.4929575578711506,0.0015266414988530709,0.6411556226652213,0.4099306086301008,-0.42,0.55,0.5,0.0,0.6800603202514721,0.4761833626773901,0.0,0.6800603202514721,0.4761833626773901,0.25,0.6800603202514721,0.4761833626773901,0.0,0.0,0.0,-0.25,0.6800603202514721,0.4761833626773901,0.0,0.0,0.0,-5.320494695791485e-06,2.7985497174790126e-06,2.437083445406379e-06,-1.3470733543968753e-05,1.2206586256703898e-05,9.040509907268773e-06,-5.792636530796713e-07,4.405268146877487e-07,-2.143829857982233e-07,-3.3805697006200235e-07,9.272745831685016e-07,1.998259164727543e-06
5.36,DONE,-0.4210873598497599,0.7598876066962592,0.0989454863124998,0.7051595966506474,4.543900140289378e-10,-3.725539486654181e-09,0.7090486183975643,3.836421667772677e-09,4.930117985073588e-09,2.3922065527363566e-15,3.8501126249795604e-08,4.8919605406144967e-08,-1.6661103499086378e-17,8.921716727948664e-08,-4.961079685658057e-08,1.961999944535644,2.525124276342435e-09,-1.744057842589795e-09,-5.771306052248218e-10,9.076564039033147e-09,-7.394529551210048e-09,1.9620000032586888,1.2682371819394658e-10,-1.343242739260117e-10,-1.293502827866072e-10,0.0,0.0,0.0,0.0,0.0,0.0,0.0,0.0,0.0,0.0,0.0,0.0,2.2460407077312582e-05,1.8961532775201047e-06,-5.3443804411601355e-06,1.6108723055805363e-05,-4.828646022998019e-06,-8.596754145168846e-06,8.916142326653132e-06,2.1008747963916317e-06,-9.112953954887807e-08,3.150446131768897e-07,-2.75135380857946e-07,1.183754035274705e-06,4.603938931409011e-07,-9.604726801942977e-07,0.006118240395548885,16.588914689129847,18.739696598425823,7.856043434968828,-1.1149830646962056,-1.826822959499285,0.028777124198435294,0.000572289956465319,-5.2585071995343,-11.326398775195882,18.466062360657713,0.3748136571056934,-1.3235290399862165,0.027904033982127853,False,False,False,False,False,False,False,False,False,False,False,False,False,False,False,False,-0.420876386060714,0.5432448182134808,0.4929575578711506,0.0015266414988530709,0.6411556226652213,0.4099306086301008,-0.42,0.55,0.5,0.0,0.6800603202514721,0.4761833626773901,0.0,0.6800603202514721,0.4761833626773901,0.25,0.6800603202514721,0.4761833626773901,0.0,0.0,0.0,-0.25,0.6800603202514721,0.4761833626773901,0.0,0.0,0.0,-5.3115756678569805e-06,2.7935903719844066e-06,2.4315396911453157e-06,-1.3420356795408374e-05,1.2171745723965017e-05,9.028959475084336e-06,-5.78355837801506e-07,4.3978708338872163e-07,-2.140573876956654e-07,-3.355276442295293e-07,9.245934786774955e-07,1.9956681673073214e-06
5.38,DONE,-0.4210873597795908,0.7598876067864324,0.0989454863124998,0.7051595966506474,3.854637288252563e-10,-3.1604135168149438e-09,0.7090486183975643,3.2544760220879637e-09,4.182269862139035e-09,2.3700020922438536e-15,3.266090209337069e-08,4.149900512027893e-08,-1.1025063374428183e-17,8.904309028163625e-08,-4.9504317332899496e-08,1.9619999446810452,2.5115206025994012e-09,-1.7389839568338039e-09,-5.766216923373131e-10,9.061114484382646e-09,-7.380253176431345e-09,1.962000003252864,1.2578249553030195e-10,-1.3388146147263996e-10,-1.292183011024036e-10,0.0,0.0,0.0,0.0,0.0,0.0,0.0,0.0,0.0,0.0,0.0,0.0,2.242852501013548e-05,1.8953761662068076e-06,-5.336245503089333e-06,1.6086065228434905e-05,-4.811437014958015e-06,-8.568549790618103e-06,8.863883756431173e-06,2.097892657548804e-06,-9.109220221429613e-08,3.1456503734720853e-07,-2.747486440665918e-07,1.179535452749754e-06,4.588833972687225e-07,-9.548432485316567e-07,0.006109555750413019,16.588917388362447,18.739704975110946,7.856031147263918,-1.1149809351199924,-1.8268201023689923,0.028773343314316635,0.0005714776213485903,-5.258507177323139,-11.326398913113415,18.466062394350086,0.37481324135643973,-1.3235291650294434,0.027904440117770126,False,False,False,False,False,False,False,False,False,False,False,False,False,False,False,False,-0.420876386060714,0.5432448182134808,0.4929575578711506,0.0015266414988530709,0.6411556226652213,0.4099306086301008,-0.42,0.55,0.5,0.0,0.6800603202514721,0.4761833626773901,0.0,0.6800603202514721,0.4761833626773901,0.25,0.6800603202514721,0.4761833626773901,0.0,0.0,0.0,-0.25,0.6800603202514721,0.4761833626773901,0.0,0.0,0.0,-5.302674034480956e-06,2.788641669654258e-06,2.4260104684679078e-06,-1.337025134313586e-05,1.2137006528907403e-05,9.017419241260186e-06,-5.774495675771949e-07,4.3904878019974066e-07,-2.137323711644491e-07,-3.3301907967696196e-07,9.219212097635395e-07,1.993079821321669e-06
5.4,DONE,-0.42108735972006556,0.7598876068629273,0.0989454863124998,0.7051595966506474,3.269928526559854e-10,-2.6810113365678517e-09,0.7090486183975643,2.7608055197711563e-09,3.5478625934455997e-09,2.3675349299669088e-15,2.7706579495943607e-08,3.5204033359987047e-08,2.1754208377234974e-17,8.886941668616804e-08,-4.939812087769874e-08,1.9619999448260128,2.4979986967821254e-09,-1.733925225622096e-09,-5.76112109331923e-10,9.045694713023599e-09,-7.366009990747644e-09,1.9620000032470488,1.2474865584977098e-10,-1.334402588426539e-10,-1.2908630178718187e-10,0.0,0.0,0.0,0.0,0.0,0.0,0.0,0.0,0.0,0.0,0.0,0.0,2.2396688199283182e-05,1.894599373087552e-06,-5.328122946494391e-06,1.606343927294986e-05,-4.794289337059653e-06,-8.540437968318507e-06,8.811931479801865e-06,2.094914751901688e-06,-9.105488013963783e-08,3.1408619169527474e-07,-2.7436245068061323e-07,1.1753319040689088e-06,4.57377856888359e-07,-9.492468115908074e-07,0.006100883432884569,16.588920083063545,18.739713339034722,7.85601887740495,-1.114978812084173,-1.8268172549275343,0.02876958456074462,0.0005706664393023352,-5.258507155023427,-11.32639905070963,18.4660624279977,0.37481282707067454,-1.3235292896722959,0.027904843872439543,False,False,False,False,False,False,False,False,False,False,False,False,False,False,False,False,-0.420876386060714,0.5432448182134808,0.4929575578711506,0.0015266414988530709,0.6411556226652213,0.4099306086301008,-0.42,0.55,0.5,0.0,0.6800603202514721,0.4761833626773901,0.0,0.6800603202514721,0.4761833626773901,0.25,0.6800603202514721,0.4761833626773901,0.0,0.0,0.0,-0.25,0.6800603202514721,0.4761833626773901,0.0,0.0,0.0,-5.293789755409868e-06,2.7837035821535728e-06,2.4204957344369876e-06,-1.33204155561625e-05,1.2102368364650534e-05,9.005889219295615e-06,-5.765448393890656e-07,4.3831190182249205e-07,-2.1340793501916531e-07,-3.305311280509344e-07,9.192577461741951e-07,1.9904941269555526e-06
5.42,DONE,-0.42108735966956967,0.7598876069278186,0.0989454863124998,0.7051595966506474,2.7739140395172566e-10,-2.274329530139009e-09,0.7090486183975643,2.342019761230646e-09,3.0096883870118256e-09,2.365067767689964e-15,2.3503776835654073e-08,2.986394419051712e-08,1.1991537582902097e-17,8.869614487336391e-08,-4.929220714903928e-08,1.9619999449705567,2.4845581148014116e-09,-1.728881982021587e-09,-5.756018496637005e-10,9.030305357974965e-09,-7.3517989111801035e-09,1.9620000032412463,1.237223656858074e-10,-1.3300049950259982e-10,-1.2895429466128433e-10,0.0,0.0,0.0,0.0,0.0,0.0,0.0,0.0,0.0,0.0,0.0,0.0,2.236489658051058e-05,1.8938228980244069e-06,-5.320012752568591e-06,1.6040845144499915e-05,-4.7772027707329955e-06,-8.512418374684678e-06,8.760283701545743e-06,2.091941073438346e-06,-9.101757330393621e-08,3.1360807509784455e-07,-2.7397679989987e-07,1.1711433356855468e-06,4.5587725574401677e-07,-9.436831759819741e-07,0.00609222342546437,16.58892277323847,18.739721690218214,7.856006625366705,-1.1149766955672142,-1.8268144171424308,0.02876584780803446,0.0005698564086900525,-5.2585071326354775,-11.32639918798543,18.466062461600714,0.374812414243222,-1.3235294139160472,0.02790524526009874,False,False,False,False,False,False,False,False,False,False,False,False,False,False,False,False,-0.420876386060714,0.5432448182134808,0.4929575578711506,0.0015266414988530709,0.6411556226652213,0.4099306086301008,-0.42,0.55,0.5,0.0,0.6800603202514721,0.4761833626773901,0.0,0.6800603202514721,0.4761833626773901,0.25,0.6800603202514721,0.4761833626773901,0.0,0.0,0.0,-0.25,0.6800603202514721,0.4761833626773901,0.0,0.0,0.0,-5.284922790498745e-06,2.778776081231781e-06,2.414995446240486e-06,-1.327084781343318e-05,1.2067830925243384e-05,8.994369422555086e-06,-5.756416502298607e-07,4.375764449880834e-07,-2.1308407804330307e-07,-3.2806364187144477e-07,9.166030577195302e-07,1.987911084391371e-06
5.44,DONE,-0.42108735962673355,0.7598876069828666,0.0989454863124998,0.7051595966506474,2.3531398505712474e-10,-1.9293371637472763e-09,0.7090486183975643,1.986759501131958e-09,2.5531496607439958e-09,2.3502647940282953e-15,1.993849610152895e-08,2.533389147447004e-08,4.576603781205544e-19,8.852327343728743e-08,-4.9186575298643246e-08,1.961999945114669,2.471198301545733e-09,-1.7238538929653604e-09,-5.750909258748511e-10,9.014946067982301e-09,-7.3376210192957415e-09,1.9620000032354568,1.227034029938065e-10,-1.3256223896362904e-10,-1.288222773266977e-10,0.0,0.0,0.0,0.0,0.0,0.0,0.0,0.0,0.0,0.0,0.0,0.0,2.2333150089668546e-05,1.8930467408947582e-06,-5.311914902463551e-06,1.6018282798313092e-05,-4.760177098191582e-06,-8.484490707150334e-06,8.708938636961347e-06,2.0889716161600797e-06,-9.09802817104182e-08,3.131306864641332e-07,-2.7359169099727673e-07,1.1669696942022418e-06,4.543815776387951e-07,-9.381521494549385e-07,0.006083575710678546,16.58892545889262,18.739730028682505,7.855994391124042,-1.114974585547663,-1.8268115889813217,0.028762132927259872,0.0005690475278771477,-5.258507110159557,-11.326399324941626,18.466062495159182,0.3748120028689013,-1.3235295377619485,0.027905644294626504,False,False,False,False,False,False,False,False,False,False,False,False,False,False,False,False,-0.420876386060714,0.5432448182134808,0.4929575578711506,0.0015266414988530709,0.6411556226652213,0.4099306086301008,-0.42,0.55,0.5,0.0,0.6800603202514721,0.4761833626773901,0.0,0.6800603202514721,0.4761833626773901,0.25,0.6800603202514721,0.4761833626773901,0.0,0.0,0.0,-0.25,0.6800603202514721,0.4761833626773901,0.0,0.0,0.0,-5.276073099709396e-06,2.7738591387294974e-06,2.409509561226394e-06,-1.3221546503654884e-05,1.2033393905708137e-05,8.982859864241265e-06,-5.747399970989272e-07,4.3684240641719494e-07,-2.1276079906492428e-07,-3.2561647473382937e-07,9.139571143689072e-07,1.9853306937905334e-06
